event_id,date_utc,country,currency,name,importance,forecast,previous,actual
94fcd6c93fe1cf4b,2025-04-08 18:00:00+00:00,SYN,EUR,Monthly validation anchor,2,,,
9827563aecaec5c4,2025-04-09 00:00:00+00:00,SYN,EUR,Monthly validation anchor,2,,,
42d4647fbe172969,2025-04-09 06:00:00+00:00,SYN,EUR,Monthly validation anchor,2,,,
a472690ff7c91779,2025-04-09 12:00:00+00:00,SYN,EUR,Monthly validation anchor,2,,,
456370fd0ed39f37,2025-04-09 18:00:00+00:00,SYN,EUR,Monthly validation anchor,2,,,
9c3f4ce36811deac,2025-04-10 00:00:00+00:00,SYN,EUR,Monthly validation anchor,2,,,
b839f2aac81db0aa,2025-04-10 06:00:00+00:00,SYN,EUR,Monthly validation anchor,2,,,
956a8efebf90ce61,2025-04-10 12:00:00+00:00,SYN,EUR,Monthly validation anchor,2,,,
a861ee31220cd0b0,2025-04-10 18:00:00+00:00,SYN,EUR,Monthly validation anchor,2,,,
0f259272b8a5d082,2025-04-11 00:00:00+00:00,SYN,EUR,Monthly validation anchor,2,,,
8c567e686a072d5c,2025-04-11 06:00:00+00:00,SYN,EUR,Monthly validation anchor,2,,,
7eed69a5d3a9ffc1,2025-04-11 12:00:00+00:00,SYN,EUR,Monthly validation anchor,2,,,
499e5034365df7b3,2025-04-11 18:00:00+00:00,SYN,EUR,Monthly validation anchor,2,,,
ffb6435a47551c5e,2025-04-12 00:00:00+00:00,SYN,EUR,Monthly validation anchor,2,,,
dc60778c8b13a90c,2025-04-12 06:00:00+00:00,SYN,EUR,Monthly validation anchor,2,,,
18647264c5f2b162,2025-04-12 12:00:00+00:00,SYN,EUR,Monthly validation anchor,2,,,
ed87392e048d2810,2025-04-12 18:00:00+00:00,SYN,EUR,Monthly validation anchor,2,,,
6f329c5af2a48aee,2025-04-13 00:00:00+00:00,SYN,EUR,Monthly validation anchor,2,,,
9f0685e029d702c1,2025-04-13 06:00:00+00:00,SYN,EUR,Monthly validation anchor,2,,,
01985d480cb5e43c,2025-04-13 12:00:00+00:00,SYN,EUR,Monthly validation anchor,2,,,
ba13286f9038c5e2,2025-04-13 18:00:00+00:00,SYN,EUR,Monthly validation anchor,2,,,
d1d099c93885abcc,2025-04-14 00:00:00+00:00,SYN,EUR,Monthly validation anchor,2,,,
62f3aaaa47014b7d,2025-04-14 06:00:00+00:00,SYN,EUR,Monthly validation anchor,2,,,
2dd0699bf4e31f81,2025-04-14 12:00:00+00:00,SYN,EUR,Monthly validation anchor,2,,,
859f21c98c65ef7c,2025-04-14 18:00:00+00:00,SYN,EUR,Monthly validation anchor,2,,,
6b37bc04f9d58de4,2025-04-15 00:00:00+00:00,SYN,EUR,Monthly validation anchor,2,,,
12add64a321e0c6f,2025-04-15 06:00:00+00:00,SYN,EUR,Monthly validation anchor,2,,,
111c6ee03f4d078b,2025-04-15 12:00:00+00:00,SYN,EUR,Monthly validation anchor,2,,,
f6be6dbf2788e958,2025-04-15 18:00:00+00:00,SYN,EUR,Monthly validation anchor,2,,,
3f135e9eabdd71e2,2025-04-16 00:00:00+00:00,SYN,EUR,Monthly validation anchor,2,,,
c79cc3207e93476d,2025-04-16 06:00:00+00:00,SYN,EUR,Monthly validation anchor,2,,,
3b4cf5f29718a1f3,2025-04-16 12:00:00+00:00,SYN,EUR,Monthly validation anchor,2,,,
fa0e7c7dee60e801,2025-04-16 18:00:00+00:00,SYN,EUR,Monthly validation anchor,2,,,
f0d5c57cbdd662f6,2025-04-17 00:00:00+00:00,SYN,EUR,Monthly validation anchor,2,,,
4624ff16826bc7b0,2025-04-17 06:00:00+00:00,SYN,EUR,Monthly validation anchor,2,,,
c5ad9c4c659809f6,2025-04-17 12:00:00+00:00,SYN,EUR,Monthly validation anchor,2,,,
346a317617b0fe88,2025-04-17 18:00:00+00:00,SYN,EUR,Monthly validation anchor,2,,,
e92daabcc6772461,2025-04-18 00:00:00+00:00,SYN,EUR,Monthly validation anchor,2,,,
5e75ac1b3d9c3d63,2025-04-18 06:00:00+00:00,SYN,EUR,Monthly validation anchor,2,,,
9e2e90fd9adeada6,2025-04-18 12:00:00+00:00,SYN,EUR,Monthly validation anchor,2,,,
221ef5987dda78ff,2025-04-18 18:00:00+00:00,SYN,EUR,Monthly validation anchor,2,,,
bc22421cee851be6,2025-04-19 00:00:00+00:00,SYN,EUR,Monthly validation anchor,2,,,
54f3b2d266a394cd,2025-04-19 06:00:00+00:00,SYN,EUR,Monthly validation anchor,2,,,
e8cc99275f68e38d,2025-04-19 12:00:00+00:00,SYN,EUR,Monthly validation anchor,2,,,
2148d1a0ffc9e757,2025-04-19 18:00:00+00:00,SYN,EUR,Monthly validation anchor,2,,,
282de3b177a72815,2025-04-20 00:00:00+00:00,SYN,EUR,Monthly validation anchor,2,,,
030f8a43c100781e,2025-04-20 06:00:00+00:00,SYN,EUR,Monthly validation anchor,2,,,
ce7645d710700a1d,2025-04-20 12:00:00+00:00,SYN,EUR,Monthly validation anchor,2,,,
7c9b0bc08c02e3ec,2025-04-20 18:00:00+00:00,SYN,EUR,Monthly validation anchor,2,,,
24c4448e3c445f1e,2025-04-21 00:00:00+00:00,SYN,EUR,Monthly validation anchor,2,,,
eb8ed96040704ba2,2025-04-21 06:00:00+00:00,SYN,EUR,Monthly validation anchor,2,,,
9bf1ebd0d1cf88f8,2025-04-21 12:00:00+00:00,SYN,EUR,Monthly validation anchor,2,,,
3b5ea14cf55ae35b,2025-04-21 18:00:00+00:00,SYN,EUR,Monthly validation anchor,2,,,
dae37a09a90082e2,2025-04-22 00:00:00+00:00,SYN,EUR,Monthly validation anchor,2,,,
5306b5d6f31d8ed3,2025-04-22 06:00:00+00:00,SYN,EUR,Monthly validation anchor,2,,,
ba5aead9332c5fd6,2025-04-22 12:00:00+00:00,SYN,EUR,Monthly validation anchor,2,,,
266a3b0ce16f77ed,2025-04-22 18:00:00+00:00,SYN,EUR,Monthly validation anchor,2,,,
4783e5d684da99ba,2025-04-23 00:00:00+00:00,SYN,EUR,Monthly validation anchor,2,,,
7cf50a99454f14c9,2025-04-23 06:00:00+00:00,SYN,EUR,Monthly validation anchor,2,,,
7319c700871f4f12,2025-04-23 12:00:00+00:00,SYN,EUR,Monthly validation anchor,2,,,
65589abde6e6e243,2025-04-23 18:00:00+00:00,SYN,EUR,Monthly validation anchor,2,,,
aeb44000746eefc1,2025-04-24 00:00:00+00:00,SYN,EUR,Monthly validation anchor,2,,,
44592897cb246e81,2025-04-24 06:00:00+00:00,SYN,EUR,Monthly validation anchor,2,,,
dfb86a83b55e72b4,2025-04-24 12:00:00+00:00,SYN,EUR,Monthly validation anchor,2,,,
362bfd81870d4bc6,2025-04-24 18:00:00+00:00,SYN,EUR,Monthly validation anchor,2,,,
b08384a27330cf33,2025-04-25 00:00:00+00:00,SYN,EUR,Monthly validation anchor,2,,,
c09e603d8143db52,2025-04-25 06:00:00+00:00,SYN,EUR,Monthly validation anchor,2,,,
6db25eed5a1ab3ff,2025-04-25 12:00:00+00:00,SYN,EUR,Monthly validation anchor,2,,,
2b7dff165db9851a,2025-04-25 18:00:00+00:00,SYN,EUR,Monthly validation anchor,2,,,
f7e5408962815413,2025-04-26 00:00:00+00:00,SYN,EUR,Monthly validation anchor,2,,,
c0a210db3cdf1c40,2025-04-26 06:00:00+00:00,SYN,EUR,Monthly validation anchor,2,,,
49b1f7bb422aec0c,2025-04-26 12:00:00+00:00,SYN,EUR,Monthly validation anchor,2,,,
9b5ef4ab5a3e03b7,2025-04-26 18:00:00+00:00,SYN,EUR,Monthly validation anchor,2,,,
37652735952b1355,2025-04-27 00:00:00+00:00,SYN,EUR,Monthly validation anchor,2,,,
f40d8e365a0b0f6d,2025-04-27 06:00:00+00:00,SYN,EUR,Monthly validation anchor,2,,,
138e1a4d768d0039,2025-04-27 12:00:00+00:00,SYN,EUR,Monthly validation anchor,2,,,
4ab3c70735366ee0,2025-04-27 18:00:00+00:00,SYN,EUR,Monthly validation anchor,2,,,
ada14a99ec91488d,2025-04-28 00:00:00+00:00,SYN,EUR,Monthly validation anchor,2,,,
55dcb88ce5d0d798,2025-04-28 06:00:00+00:00,SYN,EUR,Monthly validation anchor,2,,,
62074cd96ecf50f1,2025-04-28 12:00:00+00:00,SYN,EUR,Monthly validation anchor,2,,,
f41ec9b4751204b7,2025-04-28 18:00:00+00:00,SYN,EUR,Monthly validation anchor,2,,,
57de0870ed5228f0,2025-04-29 00:00:00+00:00,SYN,EUR,Monthly validation anchor,2,,,
df2228950145182f,2025-04-29 06:00:00+00:00,SYN,EUR,Monthly validation anchor,2,,,
371f4a80d1dc4842,2025-04-29 12:00:00+00:00,SYN,EUR,Monthly validation anchor,2,,,
bb5f0e605548c13f,2025-04-29 18:00:00+00:00,SYN,EUR,Monthly validation anchor,2,,,
6a22391f1de94be8,2025-04-30 00:00:00+00:00,SYN,EUR,Monthly validation anchor,2,,,
be966f44ef09c61c,2025-04-30 06:00:00+00:00,SYN,EUR,Monthly validation anchor,2,,,
1367f66683be4ec8,2025-04-30 12:00:00+00:00,SYN,EUR,Monthly validation anchor,2,,,
9166b7f3494798a1,2025-04-30 18:00:00+00:00,SYN,EUR,Monthly validation anchor,2,,,
b156d9e9867adbbc,2025-05-01 00:00:00+00:00,SYN,EUR,Monthly validation anchor,2,,,
960561e7bd5a547c,2025-05-01 06:00:00+00:00,SYN,EUR,Monthly validation anchor,2,,,
f27e2e4c7ff38a36,2025-05-01 12:00:00+00:00,SYN,EUR,Monthly validation anchor,2,,,
eb6a4aa970cdcfa6,2025-05-01 18:00:00+00:00,SYN,EUR,Monthly validation anchor,2,,,
a187d0f8ecf03dd6,2025-05-02 00:00:00+00:00,SYN,EUR,Monthly validation anchor,2,,,
83c5b64e1a5f88a8,2025-05-02 06:00:00+00:00,SYN,EUR,Monthly validation anchor,2,,,
d70b6933e3944265,2025-05-02 12:00:00+00:00,SYN,EUR,Monthly validation anchor,2,,,
5d34e3846f991ef9,2025-05-02 18:00:00+00:00,SYN,EUR,Monthly validation anchor,2,,,
7a94764fa075718e,2025-05-03 00:00:00+00:00,SYN,EUR,Monthly validation anchor,2,,,
b4ebdff8dbbd933d,2025-05-03 06:00:00+00:00,SYN,EUR,Monthly validation anchor,2,,,
15299ed6f8fe4df1,2025-05-03 12:00:00+00:00,SYN,EUR,Monthly validation anchor,2,,,
3865c26ee88fe505,2025-05-03 18:00:00+00:00,SYN,EUR,Monthly validation anchor,2,,,
4f4db8bd05e80d57,2025-05-04 00:00:00+00:00,SYN,EUR,Monthly validation anchor,2,,,
38d4d5d74a867ec4,2025-05-04 06:00:00+00:00,SYN,EUR,Monthly validation anchor,2,,,
c4d4a10d72acb29a,2025-05-04 12:00:00+00:00,SYN,EUR,Monthly validation anchor,2,,,
2ec34f6162675739,2025-05-04 18:00:00+00:00,SYN,EUR,Monthly validation anchor,2,,,
590e46ffbf8d5a59,2025-05-05 00:00:00+00:00,SYN,EUR,Monthly validation anchor,2,,,
33c1966c25581529,2025-05-05 06:00:00+00:00,SYN,EUR,Monthly validation anchor,2,,,
6b10cb1d3b6cba3f,2025-05-05 12:00:00+00:00,SYN,EUR,Monthly validation anchor,2,,,
46423fe3e5919bdc,2025-05-05 18:00:00+00:00,SYN,EUR,Monthly validation anchor,2,,,
73970c7b4eccf282,2025-05-06 00:00:00+00:00,SYN,EUR,Monthly validation anchor,2,,,
1b71c43818034291,2025-05-06 06:00:00+00:00,SYN,EUR,Monthly validation anchor,2,,,
a74b7aae488d4239,2025-05-06 12:00:00+00:00,SYN,EUR,Monthly validation anchor,2,,,
e9b4d41065d94574,2025-05-06 18:00:00+00:00,SYN,EUR,Monthly validation anchor,2,,,
792dd1d3bc1394b3,2025-05-07 00:00:00+00:00,SYN,EUR,Monthly validation anchor,2,,,
363b950680204e54,2025-05-07 06:00:00+00:00,SYN,EUR,Monthly validation anchor,2,,,
20dc0718ff6fb716,2025-05-07 12:00:00+00:00,SYN,EUR,Monthly validation anchor,2,,,
00ab57c0d4727383,2025-05-07 18:00:00+00:00,SYN,EUR,Monthly validation anchor,2,,,
488fcfba8fb89a1c,2025-05-08 00:00:00+00:00,SYN,EUR,Monthly validation anchor,2,,,
d287859bcf9336ea,2025-05-08 06:00:00+00:00,SYN,EUR,Monthly validation anchor,2,,,
eab8c00110285d91,2025-05-08 12:00:00+00:00,SYN,EUR,Monthly validation anchor,2,,,
c79654e42b049c7b,2025-05-08 18:00:00+00:00,SYN,EUR,Monthly validation anchor,2,,,
d2a8aef3d0de11fa,2025-05-09 00:00:00+00:00,SYN,EUR,Monthly validation anchor,2,,,
3d88f765a6fbb33e,2025-05-09 06:00:00+00:00,SYN,EUR,Monthly validation anchor,2,,,
fee158b5c742750a,2025-05-09 12:00:00+00:00,SYN,EUR,Monthly validation anchor,2,,,
68bd94bb9645293b,2025-05-09 18:00:00+00:00,SYN,EUR,Monthly validation anchor,2,,,
6c74a51120513347,2025-05-10 00:00:00+00:00,SYN,EUR,Monthly validation anchor,2,,,
ddba04db33f5efae,2025-05-10 06:00:00+00:00,SYN,EUR,Monthly validation anchor,2,,,
554a1e329c1d0972,2025-05-10 12:00:00+00:00,SYN,EUR,Monthly validation anchor,2,,,
ff00cce96d2a96bd,2025-05-10 18:00:00+00:00,SYN,EUR,Monthly validation anchor,2,,,
ba5266e6df34d22e,2025-05-11 00:00:00+00:00,SYN,EUR,Monthly validation anchor,2,,,
eafe9006849a78d4,2025-05-11 06:00:00+00:00,SYN,EUR,Monthly validation anchor,2,,,
4a2db18b0b3bd6d6,2025-05-11 12:00:00+00:00,SYN,EUR,Monthly validation anchor,2,,,
7985f3c7665c8469,2025-05-11 18:00:00+00:00,SYN,EUR,Monthly validation anchor,2,,,
e9008a15f8d9c6a1,2025-05-12 00:00:00+00:00,SYN,EUR,Monthly validation anchor,2,,,
2838170611830504,2025-05-12 06:00:00+00:00,SYN,EUR,Monthly validation anchor,2,,,
0b4945dd8581ae54,2025-05-12 12:00:00+00:00,SYN,EUR,Monthly validation anchor,2,,,
b45fdcda4e2eef62,2025-05-12 18:00:00+00:00,SYN,EUR,Monthly validation anchor,2,,,
8578b535e65a2ff0,2025-05-13 00:00:00+00:00,SYN,EUR,Monthly validation anchor,2,,,
c5d87573b357876b,2025-05-13 06:00:00+00:00,SYN,EUR,Monthly validation anchor,2,,,
5ac188832ba9ecbd,2025-05-13 12:00:00+00:00,SYN,EUR,Monthly validation anchor,2,,,
214e4f595ab86f81,2025-05-13 18:00:00+00:00,SYN,EUR,Monthly validation anchor,2,,,
568fa957c552663e,2025-05-14 00:00:00+00:00,SYN,EUR,Monthly validation anchor,2,,,
5a0220a3e17aa4f0,2025-05-14 06:00:00+00:00,SYN,EUR,Monthly validation anchor,2,,,
7a306fbb1e689560,2025-05-14 12:00:00+00:00,SYN,EUR,Monthly validation anchor,2,,,
f849c92d6babc4c9,2025-05-14 18:00:00+00:00,SYN,EUR,Monthly validation anchor,2,,,
a9ca6c9aed7a1655,2025-05-15 00:00:00+00:00,SYN,EUR,Monthly validation anchor,2,,,
85c90dff10db22bf,2025-05-15 06:00:00+00:00,SYN,EUR,Monthly validation anchor,2,,,
41bb5fc81604e05f,2025-05-15 12:00:00+00:00,SYN,EUR,Monthly validation anchor,2,,,
da70e9959e19e3f8,2025-05-15 18:00:00+00:00,SYN,EUR,Monthly validation anchor,2,,,
6d1437e92a78933b,2025-05-16 00:00:00+00:00,SYN,EUR,Monthly validation anchor,2,,,
cd6652007e893d56,2025-05-16 06:00:00+00:00,SYN,EUR,Monthly validation anchor,2,,,
833f2edba1f12013,2025-05-16 12:00:00+00:00,SYN,EUR,Monthly validation anchor,2,,,
07d7130647dd8484,2025-05-16 18:00:00+00:00,SYN,EUR,Monthly validation anchor,2,,,
c5f4b512ff8167e2,2025-05-17 00:00:00+00:00,SYN,EUR,Monthly validation anchor,2,,,
a97dfa9f53837adc,2025-05-17 06:00:00+00:00,SYN,EUR,Monthly validation anchor,2,,,
16ea19f259e04157,2025-05-17 12:00:00+00:00,SYN,EUR,Monthly validation anchor,2,,,
dd55a0ec1f8e9e45,2025-05-17 18:00:00+00:00,SYN,EUR,Monthly validation anchor,2,,,
45d46f005a8f3e6b,2025-05-18 00:00:00+00:00,SYN,EUR,Monthly validation anchor,2,,,
5d839a35da9e65c8,2025-05-18 06:00:00+00:00,SYN,EUR,Monthly validation anchor,2,,,
5565cad00a14c28b,2025-05-18 12:00:00+00:00,SYN,EUR,Monthly validation anchor,2,,,
beb66929d1cfd82e,2025-05-18 18:00:00+00:00,SYN,EUR,Monthly validation anchor,2,,,
de0db8071a848caa,2025-05-19 00:00:00+00:00,SYN,EUR,Monthly validation anchor,2,,,
7ffb513470df9ac9,2025-05-19 06:00:00+00:00,SYN,EUR,Monthly validation anchor,2,,,
004f9b87453a45e3,2025-05-19 12:00:00+00:00,SYN,EUR,Monthly validation anchor,2,,,
50ba37abb1de649e,2025-05-19 18:00:00+00:00,SYN,EUR,Monthly validation anchor,2,,,
484b5cab423eb41d,2025-05-20 00:00:00+00:00,SYN,EUR,Monthly validation anchor,2,,,
6faae42428a99029,2025-05-20 06:00:00+00:00,SYN,EUR,Monthly validation anchor,2,,,
c1cc884aed93d5a3,2025-05-20 12:00:00+00:00,SYN,EUR,Monthly validation anchor,2,,,
7c6ed31fdf8941d9,2025-05-20 18:00:00+00:00,SYN,EUR,Monthly validation anchor,2,,,
bf83fe67b7a4d30a,2025-05-21 00:00:00+00:00,SYN,EUR,Monthly validation anchor,2,,,
a0c7e7e9422f94da,2025-05-21 06:00:00+00:00,SYN,EUR,Monthly validation anchor,2,,,
3621e49951fbfe71,2025-05-21 12:00:00+00:00,SYN,EUR,Monthly validation anchor,2,,,
5a61a650c519a571,2025-05-21 18:00:00+00:00,SYN,EUR,Monthly validation anchor,2,,,
89591fdf41a2915a,2025-05-22 00:00:00+00:00,SYN,EUR,Monthly validation anchor,2,,,
727a469daa89409c,2025-05-22 06:00:00+00:00,SYN,EUR,Monthly validation anchor,2,,,
73486c24c612574d,2025-05-22 12:00:00+00:00,SYN,EUR,Monthly validation anchor,2,,,
d29fb5fc1dcbae62,2025-05-22 18:00:00+00:00,SYN,EUR,Monthly validation anchor,2,,,
754770dfce23fea2,2025-05-23 00:00:00+00:00,SYN,EUR,Monthly validation anchor,2,,,
4f224de21f37c3e2,2025-05-23 06:00:00+00:00,SYN,EUR,Monthly validation anchor,2,,,
c837ed21003fd672,2025-05-23 12:00:00+00:00,SYN,EUR,Monthly validation anchor,2,,,
e52940da422fb10a,2025-05-23 18:00:00+00:00,SYN,EUR,Monthly validation anchor,2,,,
136b20aadff2295b,2025-05-24 00:00:00+00:00,SYN,EUR,Monthly validation anchor,2,,,
9add43c35c049f77,2025-05-24 06:00:00+00:00,SYN,EUR,Monthly validation anchor,2,,,
1e078d70ec41767f,2025-05-24 12:00:00+00:00,SYN,EUR,Monthly validation anchor,2,,,
2053c1f08c161d12,2025-05-24 18:00:00+00:00,SYN,EUR,Monthly validation anchor,2,,,
3a1855d457bd87c8,2025-05-25 00:00:00+00:00,SYN,EUR,Monthly validation anchor,2,,,
28acfcc470e2a68d,2025-05-25 06:00:00+00:00,SYN,EUR,Monthly validation anchor,2,,,
909fff54704a85e6,2025-05-25 12:00:00+00:00,SYN,EUR,Monthly validation anchor,2,,,
ca7ad3b160387e3f,2025-05-25 18:00:00+00:00,SYN,EUR,Monthly validation anchor,2,,,
7886078b5f94b68f,2025-05-26 00:00:00+00:00,SYN,EUR,Monthly validation anchor,2,,,
503f566cbc8d4a92,2025-05-26 06:00:00+00:00,SYN,EUR,Monthly validation anchor,2,,,
aa8b1d7f7929c30d,2025-05-26 12:00:00+00:00,SYN,EUR,Monthly validation anchor,2,,,
03e60010f37467bd,2025-05-26 18:00:00+00:00,SYN,EUR,Monthly validation anchor,2,,,
e8dc73f37a320eb1,2025-05-27 00:00:00+00:00,SYN,EUR,Monthly validation anchor,2,,,
d3dfc2a5350414ef,2025-05-27 06:00:00+00:00,SYN,EUR,Monthly validation anchor,2,,,
fc32de5a6d6acde1,2025-05-27 12:00:00+00:00,SYN,EUR,Monthly validation anchor,2,,,
20b3187e53bf633a,2025-05-27 18:00:00+00:00,SYN,EUR,Monthly validation anchor,2,,,
eaf7c3f721bd711b,2025-05-28 00:00:00+00:00,SYN,EUR,Monthly validation anchor,2,,,
6ca8d7e73f51956d,2025-05-28 06:00:00+00:00,SYN,EUR,Monthly validation anchor,2,,,
699ba1acca0fc12a,2025-05-28 12:00:00+00:00,SYN,EUR,Monthly validation anchor,2,,,
fb16160566de3f8f,2025-05-28 18:00:00+00:00,SYN,EUR,Monthly validation anchor,2,,,
04391ccb21972770,2025-05-29 00:00:00+00:00,SYN,EUR,Monthly validation anchor,2,,,
71c64e6f8e245692,2025-05-29 06:00:00+00:00,SYN,EUR,Monthly validation anchor,2,,,
ef3ec755cc10c78e,2025-05-29 12:00:00+00:00,SYN,EUR,Monthly validation anchor,2,,,
bb53e7e9f689ffd2,2025-05-29 18:00:00+00:00,SYN,EUR,Monthly validation anchor,2,,,
65bb3a0739e8257b,2025-05-30 00:00:00+00:00,SYN,EUR,Monthly validation anchor,2,,,
fa1ceb489d263a0d,2025-05-30 06:00:00+00:00,SYN,EUR,Monthly validation anchor,2,,,
a6f70af71d337469,2025-05-30 12:00:00+00:00,SYN,EUR,Monthly validation anchor,2,,,
035e7f77c231639c,2025-05-30 18:00:00+00:00,SYN,EUR,Monthly validation anchor,2,,,
6a15c1c1889d0ac6,2025-05-31 00:00:00+00:00,SYN,EUR,Monthly validation anchor,2,,,
e79b5f300d181bc6,2025-05-31 06:00:00+00:00,SYN,EUR,Monthly validation anchor,2,,,
243f7ec5cf416b33,2025-05-31 12:00:00+00:00,SYN,EUR,Monthly validation anchor,2,,,
806b2fe0217e8b01,2025-05-31 18:00:00+00:00,SYN,EUR,Monthly validation anchor,2,,,
b9e06ac45e01c240,2025-06-01 00:00:00+00:00,SYN,EUR,Monthly validation anchor,2,,,
3dbac9ba808d03eb,2025-06-01 06:00:00+00:00,SYN,EUR,Monthly validation anchor,2,,,
3201fae62bce828b,2025-06-01 12:00:00+00:00,SYN,EUR,Monthly validation anchor,2,,,
8406ad98cbc52758,2025-06-01 18:00:00+00:00,SYN,EUR,Monthly validation anchor,2,,,
ac78d42175f79288,2025-06-02 00:00:00+00:00,SYN,EUR,Monthly validation anchor,2,,,
b184bcb3b416d9bf,2025-06-02 06:00:00+00:00,SYN,EUR,Monthly validation anchor,2,,,
614acc2f30f85e37,2025-06-02 12:00:00+00:00,SYN,EUR,Monthly validation anchor,2,,,
63048c9d9822bacb,2025-06-02 18:00:00+00:00,SYN,EUR,Monthly validation anchor,2,,,
a6ce6975056ddebb,2025-06-03 00:00:00+00:00,SYN,EUR,Monthly validation anchor,2,,,
f8ed0d4886533d61,2025-06-03 06:00:00+00:00,SYN,EUR,Monthly validation anchor,2,,,
16455db208623d5f,2025-06-03 12:00:00+00:00,SYN,EUR,Monthly validation anchor,2,,,
f92a2ebca25acccd,2025-06-03 18:00:00+00:00,SYN,EUR,Monthly validation anchor,2,,,
f0e144a8aad8be4b,2025-06-04 00:00:00+00:00,SYN,EUR,Monthly validation anchor,2,,,
6cc0eb53c7f7b117,2025-06-04 06:00:00+00:00,SYN,EUR,Monthly validation anchor,2,,,
53ef707fa607ecf2,2025-06-04 12:00:00+00:00,SYN,EUR,Monthly validation anchor,2,,,
ce546189e448b6f8,2025-06-04 18:00:00+00:00,SYN,EUR,Monthly validation anchor,2,,,
4eb0358631679f04,2025-06-05 00:00:00+00:00,SYN,EUR,Monthly validation anchor,2,,,
1c3e2b3fd1fa4098,2025-06-05 06:00:00+00:00,SYN,EUR,Monthly validation anchor,2,,,
819de58075206fb8,2025-06-05 12:00:00+00:00,SYN,EUR,Monthly validation anchor,2,,,
7d3b41b7ffdd0bd1,2025-06-05 18:00:00+00:00,SYN,EUR,Monthly validation anchor,2,,,
72d0eeed248d46ef,2025-06-06 00:00:00+00:00,SYN,EUR,Monthly validation anchor,2,,,
0a7fe1662ecdedd4,2025-06-06 06:00:00+00:00,SYN,EUR,Monthly validation anchor,2,,,
7de894b5bc9c5880,2025-06-06 12:00:00+00:00,SYN,EUR,Monthly validation anchor,2,,,
79d29f83cd1d697b,2025-06-06 18:00:00+00:00,SYN,EUR,Monthly validation anchor,2,,,
ff0b92f0647e02fc,2025-06-07 00:00:00+00:00,SYN,EUR,Monthly validation anchor,2,,,
c788323561f5ede9,2025-06-07 06:00:00+00:00,SYN,EUR,Monthly validation anchor,2,,,
ef1b32a402f4e080,2025-06-07 12:00:00+00:00,SYN,EUR,Monthly validation anchor,2,,,
e5287e32f178100b,2025-06-07 18:00:00+00:00,SYN,EUR,Monthly validation anchor,2,,,
090b6eadec24d144,2025-06-08 00:00:00+00:00,SYN,EUR,Monthly validation anchor,2,,,
bea706714d721941,2025-06-08 06:00:00+00:00,SYN,EUR,Monthly validation anchor,2,,,
4989f6622e22d5dd,2025-06-08 12:00:00+00:00,SYN,EUR,Monthly validation anchor,2,,,
478145beceb9562d,2025-06-08 18:00:00+00:00,SYN,EUR,Monthly validation anchor,2,,,
2c55fd5c9a07f9eb,2025-06-09 00:00:00+00:00,SYN,EUR,Monthly validation anchor,2,,,
e5aa699ee16a0b9a,2025-06-09 06:00:00+00:00,SYN,EUR,Monthly validation anchor,2,,,
8e1ca166e85e8f9b,2025-06-09 12:00:00+00:00,SYN,EUR,Monthly validation anchor,2,,,
a9e0b949a91d1110,2025-06-09 18:00:00+00:00,SYN,EUR,Monthly validation anchor,2,,,
a2179d0e58828453,2025-06-10 00:00:00+00:00,SYN,EUR,Monthly validation anchor,2,,,
83d517e8eade7aad,2025-06-10 06:00:00+00:00,SYN,EUR,Monthly validation anchor,2,,,
a48c3c59a60ed381,2025-06-10 12:00:00+00:00,SYN,EUR,Monthly validation anchor,2,,,
172bff02d7c9d2ab,2025-06-10 18:00:00+00:00,SYN,EUR,Monthly validation anchor,2,,,
2833ff5b32e5ff9d,2025-06-11 00:00:00+00:00,SYN,EUR,Monthly validation anchor,2,,,
23521e85ab0d2283,2025-06-11 06:00:00+00:00,SYN,EUR,Monthly validation anchor,2,,,
c21b8e5c12b9c258,2025-06-11 12:00:00+00:00,SYN,EUR,Monthly validation anchor,2,,,
b5f7b71ffdc3ca30,2025-06-11 18:00:00+00:00,SYN,EUR,Monthly validation anchor,2,,,
82797484a82e8332,2025-06-12 00:00:00+00:00,SYN,EUR,Monthly validation anchor,2,,,
80af7b0ac2f0553c,2025-06-12 06:00:00+00:00,SYN,EUR,Monthly validation anchor,2,,,
220a0057c6e11eb2,2025-06-12 12:00:00+00:00,SYN,EUR,Monthly validation anchor,2,,,
b9dc8c10c3d0cd25,2025-06-12 18:00:00+00:00,SYN,EUR,Monthly validation anchor,2,,,
db956d48937d92f1,2025-06-13 00:00:00+00:00,SYN,EUR,Monthly validation anchor,2,,,
e82bab0d6d68a195,2025-06-13 06:00:00+00:00,SYN,EUR,Monthly validation anchor,2,,,
9df40317ca6f6d3a,2025-06-13 12:00:00+00:00,SYN,EUR,Monthly validation anchor,2,,,
5966419bc0505600,2025-06-13 18:00:00+00:00,SYN,EUR,Monthly validation anchor,2,,,
ad801ea7bcbbefc4,2025-06-14 00:00:00+00:00,SYN,EUR,Monthly validation anchor,2,,,
333fbf25156dde69,2025-06-14 06:00:00+00:00,SYN,EUR,Monthly validation anchor,2,,,
774d195e85558750,2025-06-14 12:00:00+00:00,SYN,EUR,Monthly validation anchor,2,,,
0017abf93e1b20d7,2025-06-14 18:00:00+00:00,SYN,EUR,Monthly validation anchor,2,,,
a49f39f33f8c3321,2025-06-15 00:00:00+00:00,SYN,EUR,Monthly validation anchor,2,,,
16e756e216e16ef8,2025-06-15 06:00:00+00:00,SYN,EUR,Monthly validation anchor,2,,,
75a81088793b031f,2025-06-15 12:00:00+00:00,SYN,EUR,Monthly validation anchor,2,,,
878fb1996cadd18b,2025-06-15 18:00:00+00:00,SYN,EUR,Monthly validation anchor,2,,,
6985d7575d4fe181,2025-06-16 00:00:00+00:00,SYN,EUR,Monthly validation anchor,2,,,
6265fdf399e1e5dc,2025-06-16 06:00:00+00:00,SYN,EUR,Monthly validation anchor,2,,,
11f295c83424a0c8,2025-06-16 12:00:00+00:00,SYN,EUR,Monthly validation anchor,2,,,
b56bb26ad039b4c4,2025-06-16 18:00:00+00:00,SYN,EUR,Monthly validation anchor,2,,,
aae5f18aa262b6ff,2025-06-17 00:00:00+00:00,SYN,EUR,Monthly validation anchor,2,,,
9328351669d30da5,2025-06-17 06:00:00+00:00,SYN,EUR,Monthly validation anchor,2,,,
1c9ae0b0a71e10cb,2025-06-17 12:00:00+00:00,SYN,EUR,Monthly validation anchor,2,,,
a49b422a2a9051c2,2025-06-17 18:00:00+00:00,SYN,EUR,Monthly validation anchor,2,,,
370328c05ccd8773,2025-06-18 00:00:00+00:00,SYN,EUR,Monthly validation anchor,2,,,
1d2dcc3494755059,2025-06-18 06:00:00+00:00,SYN,EUR,Monthly validation anchor,2,,,
7b34f8d4de77556f,2025-06-18 12:00:00+00:00,SYN,EUR,Monthly validation anchor,2,,,
32b34a5159f31420,2025-06-18 18:00:00+00:00,SYN,EUR,Monthly validation anchor,2,,,
35eb9f3d293d6d4f,2025-06-19 00:00:00+00:00,SYN,EUR,Monthly validation anchor,2,,,
24f11c7e37ba230e,2025-06-19 06:00:00+00:00,SYN,EUR,Monthly validation anchor,2,,,
af0c3ab7d3d08eb7,2025-06-19 12:00:00+00:00,SYN,EUR,Monthly validation anchor,2,,,
a1b9ed38db396bac,2025-06-19 18:00:00+00:00,SYN,EUR,Monthly validation anchor,2,,,
bc72eb94b0d55f11,2025-06-20 00:00:00+00:00,SYN,EUR,Monthly validation anchor,2,,,
0b627f6883c69f6e,2025-06-20 06:00:00+00:00,SYN,EUR,Monthly validation anchor,2,,,
9ce9f2358b03916d,2025-06-20 12:00:00+00:00,SYN,EUR,Monthly validation anchor,2,,,
2b2ecfebe1c98c61,2025-06-20 18:00:00+00:00,SYN,EUR,Monthly validation anchor,2,,,
7a0ee03925ea9ac1,2025-06-21 00:00:00+00:00,SYN,EUR,Monthly validation anchor,2,,,
662988acf7dc3e1e,2025-06-21 06:00:00+00:00,SYN,EUR,Monthly validation anchor,2,,,
ce99a93ad983f626,2025-06-21 12:00:00+00:00,SYN,EUR,Monthly validation anchor,2,,,
5c1e71e8e7374524,2025-06-21 18:00:00+00:00,SYN,EUR,Monthly validation anchor,2,,,
dec1d1d1089e005b,2025-06-22 00:00:00+00:00,SYN,EUR,Monthly validation anchor,2,,,
1ff25ffa74c38da8,2025-06-22 06:00:00+00:00,SYN,EUR,Monthly validation anchor,2,,,
ac760ea47e503072,2025-06-22 12:00:00+00:00,SYN,EUR,Monthly validation anchor,2,,,
24059f2fd87dd1a0,2025-06-22 18:00:00+00:00,SYN,EUR,Monthly validation anchor,2,,,
a52c6e222e102946,2025-06-23 00:00:00+00:00,SYN,EUR,Monthly validation anchor,2,,,
63c35f9e9aa7c6dc,2025-06-23 06:00:00+00:00,SYN,EUR,Monthly validation anchor,2,,,
d52b40394cc9579b,2025-06-23 12:00:00+00:00,SYN,EUR,Monthly validation anchor,2,,,
fe554f16512ca3dc,2025-06-23 18:00:00+00:00,SYN,EUR,Monthly validation anchor,2,,,
0518e7832159ab23,2025-06-24 00:00:00+00:00,SYN,EUR,Monthly validation anchor,2,,,
6c6ddfc68d4eabe0,2025-06-24 06:00:00+00:00,SYN,EUR,Monthly validation anchor,2,,,
2efb10bfea96f6f7,2025-06-24 12:00:00+00:00,SYN,EUR,Monthly validation anchor,2,,,
3b913c8010f8f659,2025-06-24 18:00:00+00:00,SYN,EUR,Monthly validation anchor,2,,,
25efb602fb8b0c2d,2025-06-25 00:00:00+00:00,SYN,EUR,Monthly validation anchor,2,,,
1d5b34ad49e99329,2025-06-25 06:00:00+00:00,SYN,EUR,Monthly validation anchor,2,,,
f0fc8dcc367c1c2c,2025-06-25 12:00:00+00:00,SYN,EUR,Monthly validation anchor,2,,,
a5fa46e06cf7b1dc,2025-06-25 18:00:00+00:00,SYN,EUR,Monthly validation anchor,2,,,
121d4d303a60e56d,2025-06-26 00:00:00+00:00,SYN,EUR,Monthly validation anchor,2,,,
de689b45fc92f00d,2025-06-26 06:00:00+00:00,SYN,EUR,Monthly validation anchor,2,,,
17f46dd87fa60348,2025-06-26 12:00:00+00:00,SYN,EUR,Monthly validation anchor,2,,,
56833ce2fb317a37,2025-06-26 18:00:00+00:00,SYN,EUR,Monthly validation anchor,2,,,
35e9fd2f9d1a1add,2025-06-27 00:00:00+00:00,SYN,EUR,Monthly validation anchor,2,,,
bd67563546bf860a,2025-06-27 06:00:00+00:00,SYN,EUR,Monthly validation anchor,2,,,
2ca901e211eeb0dc,2025-06-27 12:00:00+00:00,SYN,EUR,Monthly validation anchor,2,,,
ef8dffc0e4883b52,2025-06-27 18:00:00+00:00,SYN,EUR,Monthly validation anchor,2,,,
afd3c81ee2020e14,2025-06-28 00:00:00+00:00,SYN,EUR,Monthly validation anchor,2,,,
a374a206d1db6ad6,2025-06-28 06:00:00+00:00,SYN,EUR,Monthly validation anchor,2,,,
41600cc9a4379b66,2025-06-28 12:00:00+00:00,SYN,EUR,Monthly validation anchor,2,,,
9d08793a2d9fb0ff,2025-06-28 18:00:00+00:00,SYN,EUR,Monthly validation anchor,2,,,
039351c4056051ae,2025-06-29 00:00:00+00:00,SYN,EUR,Monthly validation anchor,2,,,
ecea7f1f98b14372,2025-06-29 06:00:00+00:00,SYN,EUR,Monthly validation anchor,2,,,
b0459b846de4614d,2025-06-29 12:00:00+00:00,SYN,EUR,Monthly validation anchor,2,,,
0bc9bc758219fbae,2025-06-29 18:00:00+00:00,SYN,EUR,Monthly validation anchor,2,,,
a69de3ecefb052af,2025-06-30 00:00:00+00:00,SYN,EUR,Monthly validation anchor,2,,,
1c1cfdbc868b4bd2,2025-06-30 06:00:00+00:00,SYN,EUR,Monthly validation anchor,2,,,
3575f712a6ecb2a5,2025-06-30 12:00:00+00:00,SYN,EUR,Monthly validation anchor,2,,,
322a6e8310ba945f,2025-06-30 18:00:00+00:00,SYN,EUR,Monthly validation anchor,2,,,
79348416bf927c86,2025-07-01 00:00:00+00:00,SYN,EUR,Monthly validation anchor,2,,,
323df48729d94ee0,2025-07-01 06:00:00+00:00,SYN,EUR,Monthly validation anchor,2,,,
f464203c7ae839a3,2025-07-01 12:00:00+00:00,SYN,EUR,Monthly validation anchor,2,,,
a85db54617d11b2a,2025-07-01 18:00:00+00:00,SYN,EUR,Monthly validation anchor,2,,,
e00a60655d13d8a8,2025-07-02 00:00:00+00:00,SYN,EUR,Monthly validation anchor,2,,,
b608ce7c00571b95,2025-07-02 06:00:00+00:00,SYN,EUR,Monthly validation anchor,2,,,
2bb4e21664eaf2b8,2025-07-02 12:00:00+00:00,SYN,EUR,Monthly validation anchor,2,,,
0c1cc6bcb4b2062d,2025-07-02 18:00:00+00:00,SYN,EUR,Monthly validation anchor,2,,,
c28d9b0f5ff5fee6,2025-07-03 00:00:00+00:00,SYN,EUR,Monthly validation anchor,2,,,
67687c31642c71c6,2025-07-03 06:00:00+00:00,SYN,EUR,Monthly validation anchor,2,,,
f3203e2170d6184b,2025-07-03 12:00:00+00:00,SYN,EUR,Monthly validation anchor,2,,,
502fe706d664c714,2025-07-03 18:00:00+00:00,SYN,EUR,Monthly validation anchor,2,,,
5e83a1675ad5906d,2025-07-04 00:00:00+00:00,SYN,EUR,Monthly validation anchor,2,,,
22ddd87e30b94898,2025-07-04 06:00:00+00:00,SYN,EUR,Monthly validation anchor,2,,,
52d5fca57fa5eb3b,2025-07-04 12:00:00+00:00,SYN,EUR,Monthly validation anchor,2,,,
fc03b637cbf5b22b,2025-07-04 18:00:00+00:00,SYN,EUR,Monthly validation anchor,2,,,
951f51086108fd0f,2025-07-05 00:00:00+00:00,SYN,EUR,Monthly validation anchor,2,,,
32c0970233573bca,2025-07-05 06:00:00+00:00,SYN,EUR,Monthly validation anchor,2,,,
bcee4b2a7c0dbc19,2025-07-05 12:00:00+00:00,SYN,EUR,Monthly validation anchor,2,,,
64c2abf0945a5b02,2025-07-05 18:00:00+00:00,SYN,EUR,Monthly validation anchor,2,,,
a9a49cea045eedd3,2025-07-06 00:00:00+00:00,SYN,EUR,Monthly validation anchor,2,,,
5e720a17ac7456a5,2025-07-06 06:00:00+00:00,SYN,EUR,Monthly validation anchor,2,,,
b18c9d802543f615,2025-07-06 12:00:00+00:00,SYN,EUR,Monthly validation anchor,2,,,
ef6b4585a325d65e,2025-07-06 18:00:00+00:00,SYN,EUR,Monthly validation anchor,2,,,
35e9cc45597bba5b,2025-07-07 00:00:00+00:00,SYN,EUR,Monthly validation anchor,2,,,
bf749da3f3fdc372,2025-07-07 06:00:00+00:00,SYN,EUR,Monthly validation anchor,2,,,
6ccc4ccdd7f5046c,2025-07-07 12:00:00+00:00,SYN,EUR,Monthly validation anchor,2,,,
7bbf6b48f1a6e8da,2025-07-07 18:00:00+00:00,SYN,EUR,Monthly validation anchor,2,,,
02df0d307f3c5c66,2025-07-08 00:00:00+00:00,SYN,EUR,Monthly validation anchor,2,,,
71acace106d535ab,2025-07-08 06:00:00+00:00,SYN,EUR,Monthly validation anchor,2,,,
c43ea5964d005531,2025-07-08 12:00:00+00:00,SYN,EUR,Monthly validation anchor,2,,,
7f2b5690e8efc077,2025-07-08 18:00:00+00:00,SYN,EUR,Monthly validation anchor,2,,,
18b0350c28df3c95,2025-07-09 00:00:00+00:00,SYN,EUR,Monthly validation anchor,2,,,
dcc86490cf1ba5e1,2025-07-09 06:00:00+00:00,SYN,EUR,Monthly validation anchor,2,,,
52d848a0a5dd6e42,2025-07-09 12:00:00+00:00,SYN,EUR,Monthly validation anchor,2,,,
0b72495bc72ad5f8,2025-07-09 18:00:00+00:00,SYN,EUR,Monthly validation anchor,2,,,
3f8384f6a378e7b3,2025-07-10 00:00:00+00:00,SYN,EUR,Monthly validation anchor,2,,,
a40bfc5e76ea0cb1,2025-07-10 06:00:00+00:00,SYN,EUR,Monthly validation anchor,2,,,
4bf53ee8b0e214a5,2025-07-10 12:00:00+00:00,SYN,EUR,Monthly validation anchor,2,,,
c2a700a34407fd28,2025-07-10 18:00:00+00:00,SYN,EUR,Monthly validation anchor,2,,,
717ced666348d38d,2025-07-11 00:00:00+00:00,SYN,EUR,Monthly validation anchor,2,,,
a1279650163b47a9,2025-07-11 06:00:00+00:00,SYN,EUR,Monthly validation anchor,2,,,
1156efbf58c60e8d,2025-07-11 12:00:00+00:00,SYN,EUR,Monthly validation anchor,2,,,
e8e7ca25db4893a9,2025-07-11 18:00:00+00:00,SYN,EUR,Monthly validation anchor,2,,,
b2a198fdcecddb68,2025-07-12 00:00:00+00:00,SYN,EUR,Monthly validation anchor,2,,,
860894cc363d74a4,2025-07-12 06:00:00+00:00,SYN,EUR,Monthly validation anchor,2,,,
9582df5ca8326395,2025-07-12 12:00:00+00:00,SYN,EUR,Monthly validation anchor,2,,,
a18d2071447b1cba,2025-07-12 18:00:00+00:00,SYN,EUR,Monthly validation anchor,2,,,
f9066b8d20336d22,2025-07-13 00:00:00+00:00,SYN,EUR,Monthly validation anchor,2,,,
efd74bb8933cfccf,2025-07-13 06:00:00+00:00,SYN,EUR,Monthly validation anchor,2,,,
da45bb90fb336016,2025-07-13 12:00:00+00:00,SYN,EUR,Monthly validation anchor,2,,,
6a35ee7f1d962e2d,2025-07-13 18:00:00+00:00,SYN,EUR,Monthly validation anchor,2,,,
42ad07737febad79,2025-07-14 00:00:00+00:00,SYN,EUR,Monthly validation anchor,2,,,
9e7f6b65b3b19fa4,2025-07-14 06:00:00+00:00,SYN,EUR,Monthly validation anchor,2,,,
4aaf84ac242d5cb1,2025-07-14 12:00:00+00:00,SYN,EUR,Monthly validation anchor,2,,,
1caf040ee12ab4b4,2025-07-14 18:00:00+00:00,SYN,EUR,Monthly validation anchor,2,,,
1039d9ca283fde07,2025-07-15 00:00:00+00:00,SYN,EUR,Monthly validation anchor,2,,,
5a52a679d90c7f9a,2025-07-15 06:00:00+00:00,SYN,EUR,Monthly validation anchor,2,,,
e285596d143b110e,2025-07-15 12:00:00+00:00,SYN,EUR,Monthly validation anchor,2,,,
32b0471b02eb3ebb,2025-07-15 18:00:00+00:00,SYN,EUR,Monthly validation anchor,2,,,
b1f477a7a022fb68,2025-07-16 00:00:00+00:00,SYN,EUR,Monthly validation anchor,2,,,
703fa982f3f305d7,2025-07-16 06:00:00+00:00,SYN,EUR,Monthly validation anchor,2,,,
3e6136f125492884,2025-07-16 12:00:00+00:00,SYN,EUR,Monthly validation anchor,2,,,
ceebaae64523bd69,2025-07-16 18:00:00+00:00,SYN,EUR,Monthly validation anchor,2,,,
fd572728136e2137,2025-07-17 00:00:00+00:00,SYN,EUR,Monthly validation anchor,2,,,
b7585e907387cda0,2025-07-17 06:00:00+00:00,SYN,EUR,Monthly validation anchor,2,,,
a92edb488d3e4304,2025-07-17 12:00:00+00:00,SYN,EUR,Monthly validation anchor,2,,,
079de997234304ae,2025-07-17 18:00:00+00:00,SYN,EUR,Monthly validation anchor,2,,,
f0f2379c8fa50d16,2025-07-18 00:00:00+00:00,SYN,EUR,Monthly validation anchor,2,,,
629b43e624d16bd3,2025-07-18 06:00:00+00:00,SYN,EUR,Monthly validation anchor,2,,,
d7d1359d71d18de3,2025-07-18 12:00:00+00:00,SYN,EUR,Monthly validation anchor,2,,,
18360dd8cb1340e1,2025-07-18 18:00:00+00:00,SYN,EUR,Monthly validation anchor,2,,,
422321440829eb4b,2025-07-19 00:00:00+00:00,SYN,EUR,Monthly validation anchor,2,,,
8b54b7ae0933bc52,2025-07-19 06:00:00+00:00,SYN,EUR,Monthly validation anchor,2,,,
9ae17c5052692bd3,2025-07-19 12:00:00+00:00,SYN,EUR,Monthly validation anchor,2,,,
4782f91156669786,2025-07-19 18:00:00+00:00,SYN,EUR,Monthly validation anchor,2,,,
fac832550a72acf3,2025-07-20 00:00:00+00:00,SYN,EUR,Monthly validation anchor,2,,,
5562cd9a182c0d36,2025-07-20 06:00:00+00:00,SYN,EUR,Monthly validation anchor,2,,,
aad32c2c08d973a1,2025-07-20 12:00:00+00:00,SYN,EUR,Monthly validation anchor,2,,,
e2f5c80d6093225e,2025-07-20 18:00:00+00:00,SYN,EUR,Monthly validation anchor,2,,,
3143185d02ef9013,2025-07-21 00:00:00+00:00,SYN,EUR,Monthly validation anchor,2,,,
72a1e6064552712b,2025-07-21 06:00:00+00:00,SYN,EUR,Monthly validation anchor,2,,,
1b5f06aeca4f59cd,2025-07-21 12:00:00+00:00,SYN,EUR,Monthly validation anchor,2,,,
a106d48600c2ea9b,2025-07-21 18:00:00+00:00,SYN,EUR,Monthly validation anchor,2,,,
7b3874db0a4c8000,2025-07-22 00:00:00+00:00,SYN,EUR,Monthly validation anchor,2,,,
89da3a2a64b1b4ab,2025-07-22 06:00:00+00:00,SYN,EUR,Monthly validation anchor,2,,,
49b4031a13df02d7,2025-07-22 12:00:00+00:00,SYN,EUR,Monthly validation anchor,2,,,
30d96ee2e7729826,2025-07-22 18:00:00+00:00,SYN,EUR,Monthly validation anchor,2,,,
96ad327e2f24e7b7,2025-07-23 00:00:00+00:00,SYN,EUR,Monthly validation anchor,2,,,
3d567ef2bd6cc16d,2025-07-23 06:00:00+00:00,SYN,EUR,Monthly validation anchor,2,,,
90d423d3a83dc53b,2025-07-23 12:00:00+00:00,SYN,EUR,Monthly validation anchor,2,,,
3f2453537136807a,2025-07-23 18:00:00+00:00,SYN,EUR,Monthly validation anchor,2,,,
3c4973e73b4a96ea,2025-07-24 00:00:00+00:00,SYN,EUR,Monthly validation anchor,2,,,
0cb0e4f862721d56,2025-07-24 06:00:00+00:00,SYN,EUR,Monthly validation anchor,2,,,
2b583615a7f2b567,2025-07-24 12:00:00+00:00,SYN,EUR,Monthly validation anchor,2,,,
b548aae09421a657,2025-07-24 18:00:00+00:00,SYN,EUR,Monthly validation anchor,2,,,
0d5624e62d5c42c0,2025-07-25 00:00:00+00:00,SYN,EUR,Monthly validation anchor,2,,,
e5677df8b3309009,2025-07-25 06:00:00+00:00,SYN,EUR,Monthly validation anchor,2,,,
4e5f4abee4cd744e,2025-07-25 12:00:00+00:00,SYN,EUR,Monthly validation anchor,2,,,
f65746b5eb47feb6,2025-07-25 18:00:00+00:00,SYN,EUR,Monthly validation anchor,2,,,
7564afa2191d1a8f,2025-07-26 00:00:00+00:00,SYN,EUR,Monthly validation anchor,2,,,
a4246a6f731450a2,2025-07-26 06:00:00+00:00,SYN,EUR,Monthly validation anchor,2,,,
7488b429bb584da4,2025-07-26 12:00:00+00:00,SYN,EUR,Monthly validation anchor,2,,,
378ec730f78ef8ec,2025-07-26 18:00:00+00:00,SYN,EUR,Monthly validation anchor,2,,,
56ef88c886db6b74,2025-07-27 00:00:00+00:00,SYN,EUR,Monthly validation anchor,2,,,
1d2c767b3d356ae2,2025-07-27 06:00:00+00:00,SYN,EUR,Monthly validation anchor,2,,,
d9e05fe799ee3f10,2025-07-27 12:00:00+00:00,SYN,EUR,Monthly validation anchor,2,,,
8ab2ee1cee4f156d,2025-07-27 18:00:00+00:00,SYN,EUR,Monthly validation anchor,2,,,
0286f248673bd95e,2025-07-28 00:00:00+00:00,SYN,EUR,Monthly validation anchor,2,,,
f87741e2be1f50cc,2025-07-28 06:00:00+00:00,SYN,EUR,Monthly validation anchor,2,,,
822a4d8c39799375,2025-07-28 12:00:00+00:00,SYN,EUR,Monthly validation anchor,2,,,
75e6d63c3a761903,2025-07-28 18:00:00+00:00,SYN,EUR,Monthly validation anchor,2,,,
7e7ca4dd586f4b85,2025-07-29 00:00:00+00:00,SYN,EUR,Monthly validation anchor,2,,,
dc9fe61696a32a3c,2025-07-29 06:00:00+00:00,SYN,EUR,Monthly validation anchor,2,,,
090472fda71ca28c,2025-07-29 12:00:00+00:00,SYN,EUR,Monthly validation anchor,2,,,
7e93ec124054d051,2025-07-29 18:00:00+00:00,SYN,EUR,Monthly validation anchor,2,,,
4e564d72ef41ab5d,2025-07-30 00:00:00+00:00,SYN,EUR,Monthly validation anchor,2,,,
22e070a935ee3866,2025-07-30 06:00:00+00:00,SYN,EUR,Monthly validation anchor,2,,,
dc02f0b22c2f9135,2025-07-30 12:00:00+00:00,SYN,EUR,Monthly validation anchor,2,,,
bffacb800e60676b,2025-07-30 18:00:00+00:00,SYN,EUR,Monthly validation anchor,2,,,
09a25c4212d23270,2025-07-31 00:00:00+00:00,SYN,EUR,Monthly validation anchor,2,,,
ed720dedf09fd2dd,2025-07-31 06:00:00+00:00,SYN,EUR,Monthly validation anchor,2,,,
6e5bb21f5cc6e5b7,2025-07-31 12:00:00+00:00,SYN,EUR,Monthly validation anchor,2,,,
624021501e4dabb6,2025-07-31 18:00:00+00:00,SYN,EUR,Monthly validation anchor,2,,,
30fb8e062d61a150,2025-08-01 00:00:00+00:00,SYN,EUR,Monthly validation anchor,2,,,
aa86eae6bbbb19cb,2025-08-01 06:00:00+00:00,SYN,EUR,Monthly validation anchor,2,,,
d3e02bd8cc4a6877,2025-08-01 12:00:00+00:00,SYN,EUR,Monthly validation anchor,2,,,
82e12bf5ac63eb75,2025-08-01 18:00:00+00:00,SYN,EUR,Monthly validation anchor,2,,,
e14eaa9e8c5656ed,2025-08-02 00:00:00+00:00,SYN,EUR,Monthly validation anchor,2,,,
b79c0ab7f2da711f,2025-08-02 06:00:00+00:00,SYN,EUR,Monthly validation anchor,2,,,
dfa4b32ab9e4f45a,2025-08-02 12:00:00+00:00,SYN,EUR,Monthly validation anchor,2,,,
aa95998b18cb441d,2025-08-02 18:00:00+00:00,SYN,EUR,Monthly validation anchor,2,,,
57901a0a1377634b,2025-08-03 00:00:00+00:00,SYN,EUR,Monthly validation anchor,2,,,
3da4fe5d23d00a2e,2025-08-03 06:00:00+00:00,SYN,EUR,Monthly validation anchor,2,,,
7f789b23da02f91b,2025-08-03 12:00:00+00:00,SYN,EUR,Monthly validation anchor,2,,,
0be2e6c773a6c18f,2025-08-03 18:00:00+00:00,SYN,EUR,Monthly validation anchor,2,,,
8c6024f51c103415,2025-08-04 00:00:00+00:00,SYN,EUR,Monthly validation anchor,2,,,
bc6ce638f3f0c536,2025-08-04 06:00:00+00:00,SYN,EUR,Monthly validation anchor,2,,,
518f027d2ed13901,2025-08-04 12:00:00+00:00,SYN,EUR,Monthly validation anchor,2,,,
529723de3890accb,2025-08-04 18:00:00+00:00,SYN,EUR,Monthly validation anchor,2,,,
f21ab59a00d26fe4,2025-08-05 00:00:00+00:00,SYN,EUR,Monthly validation anchor,2,,,
71538eba09a39b9b,2025-08-05 06:00:00+00:00,SYN,EUR,Monthly validation anchor,2,,,
db5b24abe79edab3,2025-08-05 12:00:00+00:00,SYN,EUR,Monthly validation anchor,2,,,
096594c33c10806b,2025-08-05 18:00:00+00:00,SYN,EUR,Monthly validation anchor,2,,,
452e9fe7c82a70b3,2025-08-06 00:00:00+00:00,SYN,EUR,Monthly validation anchor,2,,,
19a80831af75a415,2025-08-06 06:00:00+00:00,SYN,EUR,Monthly validation anchor,2,,,
b5116376a7024e5a,2025-08-06 12:00:00+00:00,SYN,EUR,Monthly validation anchor,2,,,
7265c7c0497adeb2,2025-08-06 18:00:00+00:00,SYN,EUR,Monthly validation anchor,2,,,
2908d9a648f2b9bd,2025-08-07 00:00:00+00:00,SYN,EUR,Monthly validation anchor,2,,,
402844ff8e2438fe,2025-08-07 06:00:00+00:00,SYN,EUR,Monthly validation anchor,2,,,
d848cd3509cd7933,2025-08-07 12:00:00+00:00,SYN,EUR,Monthly validation anchor,2,,,
9d6a259ba153e330,2025-08-07 18:00:00+00:00,SYN,EUR,Monthly validation anchor,2,,,
0de5ddb54f70ab88,2025-08-08 00:00:00+00:00,SYN,EUR,Monthly validation anchor,2,,,
c06bd5d8368a9906,2025-08-08 06:00:00+00:00,SYN,EUR,Monthly validation anchor,2,,,
885654e03b135ed9,2025-08-08 12:00:00+00:00,SYN,EUR,Monthly validation anchor,2,,,
181e214690232b86,2025-08-08 18:00:00+00:00,SYN,EUR,Monthly validation anchor,2,,,
3b88516e974a615a,2025-08-09 00:00:00+00:00,SYN,EUR,Monthly validation anchor,2,,,
75db12968f3b22f5,2025-08-09 06:00:00+00:00,SYN,EUR,Monthly validation anchor,2,,,
c12c52be51d107cf,2025-08-09 12:00:00+00:00,SYN,EUR,Monthly validation anchor,2,,,
da0ab24084085196,2025-08-09 18:00:00+00:00,SYN,EUR,Monthly validation anchor,2,,,
713f491071cd2af9,2025-08-10 00:00:00+00:00,SYN,EUR,Monthly validation anchor,2,,,
941b2b542769c33a,2025-08-10 06:00:00+00:00,SYN,EUR,Monthly validation anchor,2,,,
f70c31080795b107,2025-08-10 12:00:00+00:00,SYN,EUR,Monthly validation anchor,2,,,
b4a60987205d2306,2025-08-10 18:00:00+00:00,SYN,EUR,Monthly validation anchor,2,,,
7b9f2539f0788128,2025-08-11 00:00:00+00:00,SYN,EUR,Monthly validation anchor,2,,,
b59506dfe48426f4,2025-08-11 06:00:00+00:00,SYN,EUR,Monthly validation anchor,2,,,
ca035c50bca8a890,2025-08-11 12:00:00+00:00,SYN,EUR,Monthly validation anchor,2,,,
25ecf0ff04087ea6,2025-08-11 18:00:00+00:00,SYN,EUR,Monthly validation anchor,2,,,
823d04244a62dde8,2025-08-12 00:00:00+00:00,SYN,EUR,Monthly validation anchor,2,,,
a0cb9807637d6016,2025-08-12 06:00:00+00:00,SYN,EUR,Monthly validation anchor,2,,,
27413326631858af,2025-08-12 12:00:00+00:00,SYN,EUR,Monthly validation anchor,2,,,
939f4913155ee3b5,2025-08-12 18:00:00+00:00,SYN,EUR,Monthly validation anchor,2,,,
15fd775a06385813,2025-08-13 00:00:00+00:00,SYN,EUR,Monthly validation anchor,2,,,
1569377aff91b389,2025-08-13 06:00:00+00:00,SYN,EUR,Monthly validation anchor,2,,,
802c1b83605649b9,2025-08-13 12:00:00+00:00,SYN,EUR,Monthly validation anchor,2,,,
3a72942ee873e561,2025-08-13 18:00:00+00:00,SYN,EUR,Monthly validation anchor,2,,,
5360f17e4cff39bb,2025-08-14 00:00:00+00:00,SYN,EUR,Monthly validation anchor,2,,,
0a5b675c9b004a8a,2025-08-14 06:00:00+00:00,SYN,EUR,Monthly validation anchor,2,,,
ded8a20f4d635030,2025-08-14 12:00:00+00:00,SYN,EUR,Monthly validation anchor,2,,,
4f433bce36f3fb42,2025-08-14 18:00:00+00:00,SYN,EUR,Monthly validation anchor,2,,,
6ce4e45ac010cc42,2025-08-15 00:00:00+00:00,SYN,EUR,Monthly validation anchor,2,,,
18a72667f9189d53,2025-08-15 06:00:00+00:00,SYN,EUR,Monthly validation anchor,2,,,
7b58906b4e3495a0,2025-08-15 12:00:00+00:00,SYN,EUR,Monthly validation anchor,2,,,
93f2be5061526a01,2025-08-15 18:00:00+00:00,SYN,EUR,Monthly validation anchor,2,,,
82dadd86cca9ce15,2025-08-16 00:00:00+00:00,SYN,EUR,Monthly validation anchor,2,,,
d65a781263654628,2025-08-16 06:00:00+00:00,SYN,EUR,Monthly validation anchor,2,,,
021f1953c07b3a87,2025-08-16 12:00:00+00:00,SYN,EUR,Monthly validation anchor,2,,,
0458d9373446671c,2025-08-16 18:00:00+00:00,SYN,EUR,Monthly validation anchor,2,,,
befbdd2bae3eec84,2025-08-17 00:00:00+00:00,SYN,EUR,Monthly validation anchor,2,,,
48690814f0a97bc0,2025-08-17 06:00:00+00:00,SYN,EUR,Monthly validation anchor,2,,,
c36f6fd9b2b25108,2025-08-17 12:00:00+00:00,SYN,EUR,Monthly validation anchor,2,,,
95bfdde9d471db31,2025-08-17 18:00:00+00:00,SYN,EUR,Monthly validation anchor,2,,,
c9a34668e59321e9,2025-08-18 00:00:00+00:00,SYN,EUR,Monthly validation anchor,2,,,
d37364962985668d,2025-08-18 06:00:00+00:00,SYN,EUR,Monthly validation anchor,2,,,
07101bbae32cbcc6,2025-08-18 12:00:00+00:00,SYN,EUR,Monthly validation anchor,2,,,
9e0279f9e4c8ee7f,2025-08-18 18:00:00+00:00,SYN,EUR,Monthly validation anchor,2,,,
69600ecc056d54c7,2025-08-19 00:00:00+00:00,SYN,EUR,Monthly validation anchor,2,,,
cfca44c9ed5ec304,2025-08-19 06:00:00+00:00,SYN,EUR,Monthly validation anchor,2,,,
1c45aa3f53fe3a44,2025-08-19 12:00:00+00:00,SYN,EUR,Monthly validation anchor,2,,,
4bc1593d92e81c18,2025-08-19 18:00:00+00:00,SYN,EUR,Monthly validation anchor,2,,,
3e1e21705c9f8d04,2025-08-20 00:00:00+00:00,SYN,EUR,Monthly validation anchor,2,,,
4ef414c738a644c9,2025-08-20 06:00:00+00:00,SYN,EUR,Monthly validation anchor,2,,,
14992e7ce7a3a3ed,2025-08-20 12:00:00+00:00,SYN,EUR,Monthly validation anchor,2,,,
d81c26c337dc7dd5,2025-08-20 18:00:00+00:00,SYN,EUR,Monthly validation anchor,2,,,
4a7a98286a2d09cf,2025-08-21 00:00:00+00:00,SYN,EUR,Monthly validation anchor,2,,,
763f61b7b8692a82,2025-08-21 06:00:00+00:00,SYN,EUR,Monthly validation anchor,2,,,
a17657f6f541c752,2025-08-21 12:00:00+00:00,SYN,EUR,Monthly validation anchor,2,,,
36affbd4f4e713c3,2025-08-21 18:00:00+00:00,SYN,EUR,Monthly validation anchor,2,,,
86b90929ba1dede4,2025-08-22 00:00:00+00:00,SYN,EUR,Monthly validation anchor,2,,,
a1bcfbe817c32e38,2025-08-22 06:00:00+00:00,SYN,EUR,Monthly validation anchor,2,,,
81a51586e7800b11,2025-08-22 12:00:00+00:00,SYN,EUR,Monthly validation anchor,2,,,
deca609f2ce85815,2025-08-22 18:00:00+00:00,SYN,EUR,Monthly validation anchor,2,,,
a4acb6de8a6e9e94,2025-08-23 00:00:00+00:00,SYN,EUR,Monthly validation anchor,2,,,
faad674538977860,2025-08-23 06:00:00+00:00,SYN,EUR,Monthly validation anchor,2,,,
a4ef479173a1afaf,2025-08-23 12:00:00+00:00,SYN,EUR,Monthly validation anchor,2,,,
9a2e1c47afed3bfa,2025-08-23 18:00:00+00:00,SYN,EUR,Monthly validation anchor,2,,,
49a5db559fd081cc,2025-08-24 00:00:00+00:00,SYN,EUR,Monthly validation anchor,2,,,
8102199e116d9fea,2025-08-24 06:00:00+00:00,SYN,EUR,Monthly validation anchor,2,,,
b584c73d9df233e4,2025-08-24 12:00:00+00:00,SYN,EUR,Monthly validation anchor,2,,,
c591921707ad8cca,2025-08-24 18:00:00+00:00,SYN,EUR,Monthly validation anchor,2,,,
a255fdfb7e308e71,2025-08-25 00:00:00+00:00,SYN,EUR,Monthly validation anchor,2,,,
d34cd084d9d9b5bf,2025-08-25 06:00:00+00:00,SYN,EUR,Monthly validation anchor,2,,,
e08482b5f1f5b7d9,2025-08-25 12:00:00+00:00,SYN,EUR,Monthly validation anchor,2,,,
3b3d7c4234f0d401,2025-08-25 18:00:00+00:00,SYN,EUR,Monthly validation anchor,2,,,
21d1dda24fbacbe3,2025-08-26 00:00:00+00:00,SYN,EUR,Monthly validation anchor,2,,,
386fcaf14951b266,2025-08-26 06:00:00+00:00,SYN,EUR,Monthly validation anchor,2,,,
ce84abe0938d6a5b,2025-08-26 12:00:00+00:00,SYN,EUR,Monthly validation anchor,2,,,
56f3dca632000d06,2025-08-26 18:00:00+00:00,SYN,EUR,Monthly validation anchor,2,,,
b638f8dac410c07b,2025-08-27 00:00:00+00:00,SYN,EUR,Monthly validation anchor,2,,,
ff3ec76787af9ced,2025-08-27 06:00:00+00:00,SYN,EUR,Monthly validation anchor,2,,,
5745077e2aa991c3,2025-08-27 12:00:00+00:00,SYN,EUR,Monthly validation anchor,2,,,
f4e0dac621465e0b,2025-08-27 18:00:00+00:00,SYN,EUR,Monthly validation anchor,2,,,
855878ea0b1d53f6,2025-08-28 00:00:00+00:00,SYN,EUR,Monthly validation anchor,2,,,
5db6b8c19a286e8b,2025-08-28 06:00:00+00:00,SYN,EUR,Monthly validation anchor,2,,,
ff6fe0d4573fb08b,2025-08-28 12:00:00+00:00,SYN,EUR,Monthly validation anchor,2,,,
a275b34436f1db62,2025-08-28 18:00:00+00:00,SYN,EUR,Monthly validation anchor,2,,,
a9d026931c3f59ca,2025-08-29 00:00:00+00:00,SYN,EUR,Monthly validation anchor,2,,,
95ddb8af1fc1e19d,2025-08-29 06:00:00+00:00,SYN,EUR,Monthly validation anchor,2,,,
5d249214c8806e11,2025-08-29 12:00:00+00:00,SYN,EUR,Monthly validation anchor,2,,,
3fa05298dbf15e52,2025-08-29 18:00:00+00:00,SYN,EUR,Monthly validation anchor,2,,,
926e26a027cf5909,2025-08-30 00:00:00+00:00,SYN,EUR,Monthly validation anchor,2,,,
2e2f5e0978773b85,2025-08-30 06:00:00+00:00,SYN,EUR,Monthly validation anchor,2,,,
65e924e72401e417,2025-08-30 12:00:00+00:00,SYN,EUR,Monthly validation anchor,2,,,
fdf4f809d2d4437b,2025-08-30 18:00:00+00:00,SYN,EUR,Monthly validation anchor,2,,,
e9a25fe5ed7e49a7,2025-08-31 00:00:00+00:00,SYN,EUR,Monthly validation anchor,2,,,
40453884758148e6,2025-08-31 06:00:00+00:00,SYN,EUR,Monthly validation anchor,2,,,
faecd5a36f858ffd,2025-08-31 12:00:00+00:00,SYN,EUR,Monthly validation anchor,2,,,
1b7ee43e3710c360,2025-08-31 18:00:00+00:00,SYN,EUR,Monthly validation anchor,2,,,
2015d9b7276d36bc,2025-09-01 00:00:00+00:00,SYN,EUR,Monthly validation anchor,2,,,
cbf9841d947f7d7e,2025-09-01 06:00:00+00:00,SYN,EUR,Monthly validation anchor,2,,,
c8cdbddc87d91010,2025-09-01 12:00:00+00:00,SYN,EUR,Monthly validation anchor,2,,,
ef4503612adc9bbb,2025-09-01 18:00:00+00:00,SYN,EUR,Monthly validation anchor,2,,,
490d3769458c015c,2025-09-02 00:00:00+00:00,SYN,EUR,Monthly validation anchor,2,,,
8d5d6b44ce383569,2025-09-02 06:00:00+00:00,SYN,EUR,Monthly validation anchor,2,,,
dc218ca28bb22ea1,2025-09-02 12:00:00+00:00,SYN,EUR,Monthly validation anchor,2,,,
c0d85d2f35ed32ff,2025-09-02 18:00:00+00:00,SYN,EUR,Monthly validation anchor,2,,,
e8b5e4f4785c55e3,2025-09-03 00:00:00+00:00,SYN,EUR,Monthly validation anchor,2,,,
80d47ba484da5861,2025-09-03 06:00:00+00:00,SYN,EUR,Monthly validation anchor,2,,,
567c69cb1a6d88b1,2025-09-03 12:00:00+00:00,SYN,EUR,Monthly validation anchor,2,,,
e517f85ce335008c,2025-09-03 18:00:00+00:00,SYN,EUR,Monthly validation anchor,2,,,
4139a0455475a497,2025-09-04 00:00:00+00:00,SYN,EUR,Monthly validation anchor,2,,,
48c063895f37fcfe,2025-09-04 06:00:00+00:00,SYN,EUR,Monthly validation anchor,2,,,
527724108290023f,2025-09-04 12:00:00+00:00,SYN,EUR,Monthly validation anchor,2,,,
663046701089162a,2025-09-04 18:00:00+00:00,SYN,EUR,Monthly validation anchor,2,,,
c5bc735a33653329,2025-09-05 00:00:00+00:00,SYN,EUR,Monthly validation anchor,2,,,
656962352a95741c,2025-09-05 06:00:00+00:00,SYN,EUR,Monthly validation anchor,2,,,
a58b7745f861945b,2025-09-05 12:00:00+00:00,SYN,EUR,Monthly validation anchor,2,,,
bcb7a5f561ba8c4c,2025-09-05 18:00:00+00:00,SYN,EUR,Monthly validation anchor,2,,,
40409058fe2e6f4b,2025-09-06 00:00:00+00:00,SYN,EUR,Monthly validation anchor,2,,,
9b3dc61cf1c0057a,2025-09-06 06:00:00+00:00,SYN,EUR,Monthly validation anchor,2,,,
2cf32088a5f344c3,2025-09-06 12:00:00+00:00,SYN,EUR,Monthly validation anchor,2,,,
5a85c7eb348a2fdd,2025-09-06 18:00:00+00:00,SYN,EUR,Monthly validation anchor,2,,,
fa7357d0fcc37621,2025-09-07 00:00:00+00:00,SYN,EUR,Monthly validation anchor,2,,,
f3895aa48971c563,2025-09-07 06:00:00+00:00,SYN,EUR,Monthly validation anchor,2,,,
17351ba43f98fc3a,2025-09-07 12:00:00+00:00,SYN,EUR,Monthly validation anchor,2,,,
3e17cea4b7eba39d,2025-09-07 18:00:00+00:00,SYN,EUR,Monthly validation anchor,2,,,
9d7d57fcafb1b74b,2025-09-08 00:00:00+00:00,SYN,EUR,Monthly validation anchor,2,,,
7c89c85a2e34c44b,2025-09-08 06:00:00+00:00,SYN,EUR,Monthly validation anchor,2,,,
3ee3503537fa7fbb,2025-09-08 12:00:00+00:00,SYN,EUR,Monthly validation anchor,2,,,
2a55dec5b33a0e05,2025-09-08 18:00:00+00:00,SYN,EUR,Monthly validation anchor,2,,,
c30c5764ced5d717,2025-09-09 00:00:00+00:00,SYN,EUR,Monthly validation anchor,2,,,
f978c4a01425d55c,2025-09-09 06:00:00+00:00,SYN,EUR,Monthly validation anchor,2,,,
b2ed3d1f92807dfd,2025-09-09 12:00:00+00:00,SYN,EUR,Monthly validation anchor,2,,,
633436f1e5766bfc,2025-09-09 18:00:00+00:00,SYN,EUR,Monthly validation anchor,2,,,
9896023459fbb356,2025-09-10 00:00:00+00:00,SYN,EUR,Monthly validation anchor,2,,,
16515ce6ae980b6b,2025-09-10 06:00:00+00:00,SYN,EUR,Monthly validation anchor,2,,,
c92173547fca1b59,2025-09-10 12:00:00+00:00,SYN,EUR,Monthly validation anchor,2,,,
8abf9502857b733e,2025-09-10 18:00:00+00:00,SYN,EUR,Monthly validation anchor,2,,,
2b122a0f619ae2d0,2025-09-11 00:00:00+00:00,SYN,EUR,Monthly validation anchor,2,,,
54148df823e42789,2025-09-11 06:00:00+00:00,SYN,EUR,Monthly validation anchor,2,,,
ed139ae390141fce,2025-09-11 12:00:00+00:00,SYN,EUR,Monthly validation anchor,2,,,
8ca9968381ecc575,2025-09-11 18:00:00+00:00,SYN,EUR,Monthly validation anchor,2,,,
adf1c03c365949a5,2025-09-12 00:00:00+00:00,SYN,EUR,Monthly validation anchor,2,,,
66e20fcd3ddddf66,2025-09-12 06:00:00+00:00,SYN,EUR,Monthly validation anchor,2,,,
ed7713af86219c92,2025-09-12 12:00:00+00:00,SYN,EUR,Monthly validation anchor,2,,,
396e2d5557b76673,2025-09-12 18:00:00+00:00,SYN,EUR,Monthly validation anchor,2,,,
f97007c0381a2142,2025-09-13 00:00:00+00:00,SYN,EUR,Monthly validation anchor,2,,,
c5907889491c0c99,2025-09-13 06:00:00+00:00,SYN,EUR,Monthly validation anchor,2,,,
2e48f4e4598ea726,2025-09-13 12:00:00+00:00,SYN,EUR,Monthly validation anchor,2,,,
dea528de121414d3,2025-09-13 18:00:00+00:00,SYN,EUR,Monthly validation anchor,2,,,
a6d2e6cf310e47ff,2025-09-14 00:00:00+00:00,SYN,EUR,Monthly validation anchor,2,,,
3dcb033430d00c48,2025-09-14 06:00:00+00:00,SYN,EUR,Monthly validation anchor,2,,,
ba8eeed92ee1204d,2025-09-14 12:00:00+00:00,SYN,EUR,Monthly validation anchor,2,,,
f9e95271043dd3de,2025-09-14 18:00:00+00:00,SYN,EUR,Monthly validation anchor,2,,,
87ee1c500fdbfe96,2025-09-15 00:00:00+00:00,SYN,EUR,Monthly validation anchor,2,,,
d118f8ce30410085,2025-09-15 06:00:00+00:00,SYN,EUR,Monthly validation anchor,2,,,
6f17f22b7e599491,2025-09-15 12:00:00+00:00,SYN,EUR,Monthly validation anchor,2,,,
cc258aec3f614cc2,2025-09-15 18:00:00+00:00,SYN,EUR,Monthly validation anchor,2,,,
2a4446ca904e80bf,2025-09-16 00:00:00+00:00,SYN,EUR,Monthly validation anchor,2,,,
15f113a5eb34e09d,2025-09-16 06:00:00+00:00,SYN,EUR,Monthly validation anchor,2,,,
cc37670177841a0d,2025-09-16 12:00:00+00:00,SYN,EUR,Monthly validation anchor,2,,,
5e084b88ce4abd6e,2025-09-16 18:00:00+00:00,SYN,EUR,Monthly validation anchor,2,,,
8c9e54cc1b74b479,2025-09-17 00:00:00+00:00,SYN,EUR,Monthly validation anchor,2,,,
643c8386e2d39b17,2025-09-17 06:00:00+00:00,SYN,EUR,Monthly validation anchor,2,,,
d7c58668de2b9c42,2025-09-17 12:00:00+00:00,SYN,EUR,Monthly validation anchor,2,,,
093ea1c1a9038c64,2025-09-17 18:00:00+00:00,SYN,EUR,Monthly validation anchor,2,,,
675fb060e2c0987c,2025-09-18 00:00:00+00:00,SYN,EUR,Monthly validation anchor,2,,,
e5a058289527f452,2025-09-18 06:00:00+00:00,SYN,EUR,Monthly validation anchor,2,,,
da57dcc3cc3e6d55,2025-09-18 12:00:00+00:00,SYN,EUR,Monthly validation anchor,2,,,
d19a4502db83483d,2025-09-18 18:00:00+00:00,SYN,EUR,Monthly validation anchor,2,,,
aeb4315085fcd5e4,2025-09-19 00:00:00+00:00,SYN,EUR,Monthly validation anchor,2,,,
bb79d0b30bea62de,2025-09-19 06:00:00+00:00,SYN,EUR,Monthly validation anchor,2,,,
d24c7fcb769b168c,2025-09-19 12:00:00+00:00,SYN,EUR,Monthly validation anchor,2,,,
c7d4d1d6c393c170,2025-09-19 18:00:00+00:00,SYN,EUR,Monthly validation anchor,2,,,
be32b50d10be7ba0,2025-09-20 00:00:00+00:00,SYN,EUR,Monthly validation anchor,2,,,
4be1544aa02a4a43,2025-09-20 06:00:00+00:00,SYN,EUR,Monthly validation anchor,2,,,
b82b28f885378582,2025-09-20 12:00:00+00:00,SYN,EUR,Monthly validation anchor,2,,,
3cb2b2080e815eb2,2025-09-20 18:00:00+00:00,SYN,EUR,Monthly validation anchor,2,,,
9e7222a6655590a1,2025-09-21 00:00:00+00:00,SYN,EUR,Monthly validation anchor,2,,,
af3d824392d05b7c,2025-09-21 06:00:00+00:00,SYN,EUR,Monthly validation anchor,2,,,
63b2876c71513869,2025-09-21 12:00:00+00:00,SYN,EUR,Monthly validation anchor,2,,,
655f03103c56d3c6,2025-09-21 18:00:00+00:00,SYN,EUR,Monthly validation anchor,2,,,
ff74b89741043b83,2025-09-22 00:00:00+00:00,SYN,EUR,Monthly validation anchor,2,,,
f38ba9abafcfd5b9,2025-09-22 06:00:00+00:00,SYN,EUR,Monthly validation anchor,2,,,
e11c078904ac1f81,2025-09-22 12:00:00+00:00,SYN,EUR,Monthly validation anchor,2,,,
ba2a8211127396da,2025-09-22 18:00:00+00:00,SYN,EUR,Monthly validation anchor,2,,,
dbc8577cde4350da,2025-09-23 00:00:00+00:00,SYN,EUR,Monthly validation anchor,2,,,
746e6ac617a9ec7b,2025-09-23 06:00:00+00:00,SYN,EUR,Monthly validation anchor,2,,,
2243e9bc0bbf39dc,2025-09-23 12:00:00+00:00,SYN,EUR,Monthly validation anchor,2,,,
eab3e37b75c92d29,2025-09-23 18:00:00+00:00,SYN,EUR,Monthly validation anchor,2,,,
d5f3f5c027ca02f8,2025-09-24 00:00:00+00:00,SYN,EUR,Monthly validation anchor,2,,,
b64f96e7688b8290,2025-09-24 06:00:00+00:00,SYN,EUR,Monthly validation anchor,2,,,
8c96544832009b5b,2025-09-24 12:00:00+00:00,SYN,EUR,Monthly validation anchor,2,,,
15fc636137a5c048,2025-09-24 18:00:00+00:00,SYN,EUR,Monthly validation anchor,2,,,
01ae64abf5a6a8cf,2025-09-25 00:00:00+00:00,SYN,EUR,Monthly validation anchor,2,,,
3e03916b5b663fdd,2025-09-25 06:00:00+00:00,SYN,EUR,Monthly validation anchor,2,,,
07837254bcedb84e,2025-09-25 12:00:00+00:00,SYN,EUR,Monthly validation anchor,2,,,
0d32d41f2ca488d1,2025-09-25 18:00:00+00:00,SYN,EUR,Monthly validation anchor,2,,,
5eae51c8700e4ea1,2025-09-26 00:00:00+00:00,SYN,EUR,Monthly validation anchor,2,,,
46144df0d43ff30e,2025-09-26 06:00:00+00:00,SYN,EUR,Monthly validation anchor,2,,,
9f469653fa959ba0,2025-09-26 12:00:00+00:00,SYN,EUR,Monthly validation anchor,2,,,
b0c47ef64cf623ce,2025-09-26 18:00:00+00:00,SYN,EUR,Monthly validation anchor,2,,,
dfbac8e11d68699a,2025-09-27 00:00:00+00:00,SYN,EUR,Monthly validation anchor,2,,,
40d3695b48f7cdb2,2025-09-27 06:00:00+00:00,SYN,EUR,Monthly validation anchor,2,,,
b5545536eb2f5b98,2025-09-27 12:00:00+00:00,SYN,EUR,Monthly validation anchor,2,,,
2b0e7ede6328ea64,2025-09-27 18:00:00+00:00,SYN,EUR,Monthly validation anchor,2,,,
286db3ccc922c349,2025-09-28 00:00:00+00:00,SYN,EUR,Monthly validation anchor,2,,,
c7bdfb81914d6ff0,2025-09-28 06:00:00+00:00,SYN,EUR,Monthly validation anchor,2,,,
7424a3d4351e614b,2025-09-28 12:00:00+00:00,SYN,EUR,Monthly validation anchor,2,,,
b79a23f742f42f83,2025-09-28 18:00:00+00:00,SYN,EUR,Monthly validation anchor,2,,,
d99468a46e0c30b2,2025-09-29 00:00:00+00:00,SYN,EUR,Monthly validation anchor,2,,,
89a23d9ec2615957,2025-09-29 06:00:00+00:00,SYN,EUR,Monthly validation anchor,2,,,
f07c606e00fc7bbb,2025-09-29 12:00:00+00:00,SYN,EUR,Monthly validation anchor,2,,,
291849dbf42b1c90,2025-09-29 18:00:00+00:00,SYN,EUR,Monthly validation anchor,2,,,
daade937e84fb86f,2025-09-30 00:00:00+00:00,SYN,EUR,Monthly validation anchor,2,,,
2cd7882fcd406e9a,2025-09-30 06:00:00+00:00,SYN,EUR,Monthly validation anchor,2,,,
ceffe783587b5e02,2025-09-30 12:00:00+00:00,SYN,EUR,Monthly validation anchor,2,,,
7497bd52d675527b,2025-09-30 18:00:00+00:00,SYN,EUR,Monthly validation anchor,2,,,
9e99590302b436db,2025-10-01 00:00:00+00:00,SYN,EUR,Monthly validation anchor,2,,,
27627740eedba8c4,2025-10-01 06:00:00+00:00,SYN,EUR,Monthly validation anchor,2,,,
b8b5ad1c9d989622,2025-10-01 12:00:00+00:00,SYN,EUR,Monthly validation anchor,2,,,
91a28249eb749a26,2025-10-01 18:00:00+00:00,SYN,EUR,Monthly validation anchor,2,,,
efe7959aa34db6ae,2025-10-02 00:00:00+00:00,SYN,EUR,Monthly validation anchor,2,,,
f314fc33bdd76f76,2025-10-02 06:00:00+00:00,SYN,EUR,Monthly validation anchor,2,,,
97dabe7357b6321b,2025-10-02 12:00:00+00:00,SYN,EUR,Monthly validation anchor,2,,,
1da816b0e367e169,2025-10-02 18:00:00+00:00,SYN,EUR,Monthly validation anchor,2,,,
4a099c19ba34d587,2025-10-03 00:00:00+00:00,SYN,EUR,Monthly validation anchor,2,,,
930fe76068d8cdb2,2025-10-03 06:00:00+00:00,SYN,EUR,Monthly validation anchor,2,,,
5e9afbbae31cc5eb,2025-10-03 12:00:00+00:00,SYN,EUR,Monthly validation anchor,2,,,
b62af40d1bf29a8b,2025-10-03 18:00:00+00:00,SYN,EUR,Monthly validation anchor,2,,,
c9283b3b21933540,2025-10-04 00:00:00+00:00,SYN,EUR,Monthly validation anchor,2,,,
d585adafc90f2267,2025-10-04 06:00:00+00:00,SYN,EUR,Monthly validation anchor,2,,,
f2d78a437371dc46,2025-10-04 12:00:00+00:00,SYN,EUR,Monthly validation anchor,2,,,
37e1cd27018e2515,2025-10-04 18:00:00+00:00,SYN,EUR,Monthly validation anchor,2,,,
a81c64ed8ebe1c02,2025-10-05 00:00:00+00:00,SYN,EUR,Monthly validation anchor,2,,,
fc47d47427f3fe76,2025-10-05 06:00:00+00:00,SYN,EUR,Monthly validation anchor,2,,,
bfb2411c2c9575b4,2025-10-05 12:00:00+00:00,SYN,EUR,Monthly validation anchor,2,,,
216cf1b00cc65461,2025-10-05 18:00:00+00:00,SYN,EUR,Monthly validation anchor,2,,,
f488db9439b838cc,2025-10-06 00:00:00+00:00,SYN,EUR,Monthly validation anchor,2,,,
7e7e05d99043fc68,2025-10-06 06:00:00+00:00,SYN,EUR,Monthly validation anchor,2,,,
d0c8f91421969985,2025-10-06 12:00:00+00:00,SYN,EUR,Monthly validation anchor,2,,,
4d44ec4f15e63a7d,2025-10-06 18:00:00+00:00,SYN,EUR,Monthly validation anchor,2,,,
f28be66d316810bd,2025-10-07 00:00:00+00:00,SYN,EUR,Monthly validation anchor,2,,,
3c56a1906bc1d72a,2025-10-07 06:00:00+00:00,SYN,EUR,Monthly validation anchor,2,,,
245d1dc220c99d99,2025-10-07 12:00:00+00:00,SYN,EUR,Monthly validation anchor,2,,,
447e46d4fb0f13e2,2025-10-07 18:00:00+00:00,SYN,EUR,Monthly validation anchor,2,,,
e813fa9e1ab7f9e7,2025-10-08 00:00:00+00:00,SYN,EUR,Monthly validation anchor,2,,,
6ef874dddc958a0e,2025-10-08 06:00:00+00:00,SYN,EUR,Monthly validation anchor,2,,,
6a329a3e6e42721c,2025-10-08 12:00:00+00:00,SYN,EUR,Monthly validation anchor,2,,,
363673bf3e208163,2025-10-08 18:00:00+00:00,SYN,EUR,Monthly validation anchor,2,,,
7cfde95ceb0559df,2025-10-09 00:00:00+00:00,SYN,EUR,Monthly validation anchor,2,,,
ded9bf32dfe5ecfd,2025-10-09 06:00:00+00:00,SYN,EUR,Monthly validation anchor,2,,,
15c621fb16eca581,2025-10-09 12:00:00+00:00,SYN,EUR,Monthly validation anchor,2,,,
787d1e34a1f9157d,2025-10-09 18:00:00+00:00,SYN,EUR,Monthly validation anchor,2,,,
5dd5ba2bd8397a94,2025-10-10 00:00:00+00:00,SYN,EUR,Monthly validation anchor,2,,,
f406dbc67fff4672,2025-10-10 06:00:00+00:00,SYN,EUR,Monthly validation anchor,2,,,
30211f6d3237bda5,2025-10-10 12:00:00+00:00,SYN,EUR,Monthly validation anchor,2,,,
4e6043f3e7284e2d,2025-10-10 18:00:00+00:00,SYN,EUR,Monthly validation anchor,2,,,
d51fffab7e9c3bbe,2025-10-11 00:00:00+00:00,SYN,EUR,Monthly validation anchor,2,,,
70884ea65ca4bdde,2025-10-11 06:00:00+00:00,SYN,EUR,Monthly validation anchor,2,,,
abe506decee080e9,2025-10-11 12:00:00+00:00,SYN,EUR,Monthly validation anchor,2,,,
665e8f117da2ed70,2025-10-11 18:00:00+00:00,SYN,EUR,Monthly validation anchor,2,,,
61eb73385009d6fc,2025-10-12 00:00:00+00:00,SYN,EUR,Monthly validation anchor,2,,,
8c4edf5d4c96a083,2025-10-12 06:00:00+00:00,SYN,EUR,Monthly validation anchor,2,,,
80e078e20c572178,2025-10-12 12:00:00+00:00,SYN,EUR,Monthly validation anchor,2,,,
0b01fea8f8698398,2025-10-12 18:00:00+00:00,SYN,EUR,Monthly validation anchor,2,,,
2a81ec04a47679f2,2025-10-13 00:00:00+00:00,SYN,EUR,Monthly validation anchor,2,,,
8b2ee2821b6cddce,2025-10-13 06:00:00+00:00,SYN,EUR,Monthly validation anchor,2,,,
40872b0a9912ea4c,2025-10-13 12:00:00+00:00,SYN,EUR,Monthly validation anchor,2,,,
16fcf9dfab2f5940,2025-10-13 18:00:00+00:00,SYN,EUR,Monthly validation anchor,2,,,
01be0809543f283b,2025-10-14 00:00:00+00:00,SYN,EUR,Monthly validation anchor,2,,,
7b163f5e7f5b8efd,2025-10-14 06:00:00+00:00,SYN,EUR,Monthly validation anchor,2,,,
e97a0143e7aca0b5,2025-10-14 12:00:00+00:00,SYN,EUR,Monthly validation anchor,2,,,
9c259b7357215748,2025-10-14 18:00:00+00:00,SYN,EUR,Monthly validation anchor,2,,,
a127f12935f76bca,2025-10-15 00:00:00+00:00,SYN,EUR,Monthly validation anchor,2,,,
95477ce6d4afe27c,2025-10-15 06:00:00+00:00,SYN,EUR,Monthly validation anchor,2,,,
edfb16b72dcea210,2025-10-15 12:00:00+00:00,SYN,EUR,Monthly validation anchor,2,,,
fbcc4c0581b21408,2025-10-15 18:00:00+00:00,SYN,EUR,Monthly validation anchor,2,,,
b5be9b17cbbbb1cc,2025-10-16 00:00:00+00:00,SYN,EUR,Monthly validation anchor,2,,,
1b67e4d93a793223,2025-10-16 06:00:00+00:00,SYN,EUR,Monthly validation anchor,2,,,
ace62edf198f60dc,2025-10-16 12:00:00+00:00,SYN,EUR,Monthly validation anchor,2,,,
57d397c236fb06fd,2025-10-16 18:00:00+00:00,SYN,EUR,Monthly validation anchor,2,,,
1b081eb5ecba9516,2025-10-17 00:00:00+00:00,SYN,EUR,Monthly validation anchor,2,,,
ab142e0b96f663b6,2025-10-17 06:00:00+00:00,SYN,EUR,Monthly validation anchor,2,,,
a201a91d5bb3c74e,2025-10-17 12:00:00+00:00,SYN,EUR,Monthly validation anchor,2,,,
f6bc9bd0f47a38ce,2025-10-17 18:00:00+00:00,SYN,EUR,Monthly validation anchor,2,,,
98a6d507aca9d03a,2025-10-18 00:00:00+00:00,SYN,EUR,Monthly validation anchor,2,,,
59ec53c6c750ccb6,2025-10-18 06:00:00+00:00,SYN,EUR,Monthly validation anchor,2,,,
3dacd7dacaafbb7d,2025-10-18 12:00:00+00:00,SYN,EUR,Monthly validation anchor,2,,,
0e946a9e87cae077,2025-10-18 18:00:00+00:00,SYN,EUR,Monthly validation anchor,2,,,
44b790158c038512,2025-10-19 00:00:00+00:00,SYN,EUR,Monthly validation anchor,2,,,
2cc6f0b128692a3a,2025-10-19 06:00:00+00:00,SYN,EUR,Monthly validation anchor,2,,,
253c104355f80940,2025-10-19 12:00:00+00:00,SYN,EUR,Monthly validation anchor,2,,,
2859fa52ce4ff283,2025-10-19 18:00:00+00:00,SYN,EUR,Monthly validation anchor,2,,,
29aa341c37d335d2,2025-10-20 00:00:00+00:00,SYN,EUR,Monthly validation anchor,2,,,
f8911cd784217d40,2025-10-20 06:00:00+00:00,SYN,EUR,Monthly validation anchor,2,,,
96905b05a2b05cf1,2025-10-20 12:00:00+00:00,SYN,EUR,Monthly validation anchor,2,,,
1990789e26cd2dc9,2025-10-20 18:00:00+00:00,SYN,EUR,Monthly validation anchor,2,,,
2aa7d4a6134c4460,2025-10-21 00:00:00+00:00,SYN,EUR,Monthly validation anchor,2,,,
b15030b41b131d10,2025-10-21 06:00:00+00:00,SYN,EUR,Monthly validation anchor,2,,,
fb6fe0856ee4087a,2025-10-21 12:00:00+00:00,SYN,EUR,Monthly validation anchor,2,,,
823b9a973c685a79,2025-10-21 18:00:00+00:00,SYN,EUR,Monthly validation anchor,2,,,
55404ea3cb8f7587,2025-10-22 00:00:00+00:00,SYN,EUR,Monthly validation anchor,2,,,
7efa77e5f7b072c2,2025-10-22 06:00:00+00:00,SYN,EUR,Monthly validation anchor,2,,,
657f071760f4d7e9,2025-10-22 12:00:00+00:00,SYN,EUR,Monthly validation anchor,2,,,
684534edf2e4dade,2025-10-22 18:00:00+00:00,SYN,EUR,Monthly validation anchor,2,,,
d4559826689d4ced,2025-10-23 00:00:00+00:00,SYN,EUR,Monthly validation anchor,2,,,
810b6a135411c78e,2025-10-23 06:00:00+00:00,SYN,EUR,Monthly validation anchor,2,,,
3f737d40096fc7c5,2025-10-23 12:00:00+00:00,SYN,EUR,Monthly validation anchor,2,,,
3036e39012dc6a5b,2025-10-23 18:00:00+00:00,SYN,EUR,Monthly validation anchor,2,,,
ca9cdef969032f4d,2025-10-24 00:00:00+00:00,SYN,EUR,Monthly validation anchor,2,,,
96a762c0009a3e4e,2025-10-24 06:00:00+00:00,SYN,EUR,Monthly validation anchor,2,,,
e19d82f7271f5e38,2025-10-24 12:00:00+00:00,SYN,EUR,Monthly validation anchor,2,,,
251b5e6fae240ab3,2025-10-24 18:00:00+00:00,SYN,EUR,Monthly validation anchor,2,,,
863dfaadb50a642b,2025-10-25 00:00:00+00:00,SYN,EUR,Monthly validation anchor,2,,,
734c9caa03b78ed0,2025-10-25 06:00:00+00:00,SYN,EUR,Monthly validation anchor,2,,,
a68a59e3a9086ab2,2025-10-25 12:00:00+00:00,SYN,EUR,Monthly validation anchor,2,,,
96549f5b65998ffb,2025-10-25 18:00:00+00:00,SYN,EUR,Monthly validation anchor,2,,,
62351a5d322db929,2025-10-26 00:00:00+00:00,SYN,EUR,Monthly validation anchor,2,,,
75a62500b15fa1ec,2025-10-26 06:00:00+00:00,SYN,EUR,Monthly validation anchor,2,,,
c1659ec434c80073,2025-10-26 12:00:00+00:00,SYN,EUR,Monthly validation anchor,2,,,
196db1887347ca56,2025-10-26 18:00:00+00:00,SYN,EUR,Monthly validation anchor,2,,,
6ce4594ecfbc5a86,2025-10-27 00:00:00+00:00,SYN,EUR,Monthly validation anchor,2,,,
6a8d51fff74b22b7,2025-10-27 06:00:00+00:00,SYN,EUR,Monthly validation anchor,2,,,
34b3c2cf03dbf2e7,2025-10-27 12:00:00+00:00,SYN,EUR,Monthly validation anchor,2,,,
b3c83e9515413608,2025-10-27 18:00:00+00:00,SYN,EUR,Monthly validation anchor,2,,,
3e6b750f378a1999,2025-10-28 00:00:00+00:00,SYN,EUR,Monthly validation anchor,2,,,
84eb0fec9344dcc2,2025-10-28 06:00:00+00:00,SYN,EUR,Monthly validation anchor,2,,,
56ae60c76de65d42,2025-10-28 12:00:00+00:00,SYN,EUR,Monthly validation anchor,2,,,
d68e70b26c3d255e,2025-10-28 18:00:00+00:00,SYN,EUR,Monthly validation anchor,2,,,
91b3b0e3e97a86a7,2025-10-29 00:00:00+00:00,SYN,EUR,Monthly validation anchor,2,,,
5e0fcc8015cf8541,2025-10-29 06:00:00+00:00,SYN,EUR,Monthly validation anchor,2,,,
d41c86ebd799a906,2025-10-29 12:00:00+00:00,SYN,EUR,Monthly validation anchor,2,,,
5bb56eee476bb05d,2025-10-29 18:00:00+00:00,SYN,EUR,Monthly validation anchor,2,,,
3d39b1aef6ac0da0,2025-10-30 00:00:00+00:00,SYN,EUR,Monthly validation anchor,2,,,
6fd4f01a7d9e55fb,2025-10-30 06:00:00+00:00,SYN,EUR,Monthly validation anchor,2,,,
9ee6bcd925fe50d6,2025-10-30 12:00:00+00:00,SYN,EUR,Monthly validation anchor,2,,,
0ef09757ed1a8774,2025-10-30 18:00:00+00:00,SYN,EUR,Monthly validation anchor,2,,,
7345bbdf157c9eb7,2025-10-31 00:00:00+00:00,SYN,EUR,Monthly validation anchor,2,,,
3e18fa8eb9b8dd4f,2025-10-31 06:00:00+00:00,SYN,EUR,Monthly validation anchor,2,,,
bb9e22ce9058ff80,2025-10-31 12:00:00+00:00,SYN,EUR,Monthly validation anchor,2,,,
3a095c6adbfcda01,2025-10-31 18:00:00+00:00,SYN,EUR,Monthly validation anchor,2,,,
b748d78abe4f9ae9,2025-11-01 00:00:00+00:00,SYN,EUR,Monthly validation anchor,2,,,
6defb48a9e238611,2025-11-01 06:00:00+00:00,SYN,EUR,Monthly validation anchor,2,,,
a56014c73c57bfe5,2025-11-01 12:00:00+00:00,SYN,EUR,Monthly validation anchor,2,,,
2d80e29efb01773f,2025-11-01 18:00:00+00:00,SYN,EUR,Monthly validation anchor,2,,,
592fb95e9e28af04,2025-11-02 00:00:00+00:00,SYN,EUR,Monthly validation anchor,2,,,
078cd656de8a4234,2025-11-02 06:00:00+00:00,SYN,EUR,Monthly validation anchor,2,,,
6ffcabf6eaa7fbba,2025-11-02 12:00:00+00:00,SYN,EUR,Monthly validation anchor,2,,,
72bd90cc9aa9ca76,2025-11-02 18:00:00+00:00,SYN,EUR,Monthly validation anchor,2,,,
f5387efde4173348,2025-11-03 00:00:00+00:00,SYN,EUR,Monthly validation anchor,2,,,
89577f0d05967f89,2025-11-03 06:00:00+00:00,SYN,EUR,Monthly validation anchor,2,,,
5948efe950b79287,2025-11-03 12:00:00+00:00,SYN,EUR,Monthly validation anchor,2,,,
7211ec75da144e10,2025-11-03 18:00:00+00:00,SYN,EUR,Monthly validation anchor,2,,,
8721b82801cb7985,2025-11-04 00:00:00+00:00,SYN,EUR,Monthly validation anchor,2,,,
17e0123bcb656a45,2025-11-04 06:00:00+00:00,SYN,EUR,Monthly validation anchor,2,,,
b3349ea9c1dcac35,2025-11-04 12:00:00+00:00,SYN,EUR,Monthly validation anchor,2,,,
53415a65dd9416a0,2025-11-04 18:00:00+00:00,SYN,EUR,Monthly validation anchor,2,,,
674b19e066fcc382,2025-11-05 00:00:00+00:00,SYN,EUR,Monthly validation anchor,2,,,
423c81de2f8e46f3,2025-11-05 06:00:00+00:00,SYN,EUR,Monthly validation anchor,2,,,
1c94a60529c3e379,2025-11-05 12:00:00+00:00,SYN,EUR,Monthly validation anchor,2,,,
830a270b43d74d62,2025-11-05 18:00:00+00:00,SYN,EUR,Monthly validation anchor,2,,,
8aa28508f0e54310,2025-11-06 00:00:00+00:00,SYN,EUR,Monthly validation anchor,2,,,
1e0cd15d5dcd5d80,2025-11-06 06:00:00+00:00,SYN,EUR,Monthly validation anchor,2,,,
c99673381089d64f,2025-11-06 12:00:00+00:00,SYN,EUR,Monthly validation anchor,2,,,
5e766b52f1051b70,2025-11-06 18:00:00+00:00,SYN,EUR,Monthly validation anchor,2,,,
f3b51d83d7f4c903,2025-11-07 00:00:00+00:00,SYN,EUR,Monthly validation anchor,2,,,
b152567c35f5dd66,2025-11-07 06:00:00+00:00,SYN,EUR,Monthly validation anchor,2,,,
da6a1954589f54cb,2025-11-07 12:00:00+00:00,SYN,EUR,Monthly validation anchor,2,,,
24ac10fc1752a636,2025-11-07 18:00:00+00:00,SYN,EUR,Monthly validation anchor,2,,,
9af03e277c5b4271,2025-11-08 00:00:00+00:00,SYN,EUR,Monthly validation anchor,2,,,
1eda1913f7c0339d,2025-11-08 06:00:00+00:00,SYN,EUR,Monthly validation anchor,2,,,
f097043a7bca48da,2025-11-08 12:00:00+00:00,SYN,EUR,Monthly validation anchor,2,,,
da6988b6b65b5eaa,2025-11-08 18:00:00+00:00,SYN,EUR,Monthly validation anchor,2,,,
f9fb6a8f936950b3,2025-11-09 00:00:00+00:00,SYN,EUR,Monthly validation anchor,2,,,
4bfbd987ae0f810f,2025-11-09 06:00:00+00:00,SYN,EUR,Monthly validation anchor,2,,,
58696da5c01ec90c,2025-11-09 12:00:00+00:00,SYN,EUR,Monthly validation anchor,2,,,
4bcb5591806503e8,2025-11-09 18:00:00+00:00,SYN,EUR,Monthly validation anchor,2,,,
8cd3a9d9c6995745,2025-11-10 00:00:00+00:00,SYN,EUR,Monthly validation anchor,2,,,
13d2b19f7ae8abdf,2025-11-10 06:00:00+00:00,SYN,EUR,Monthly validation anchor,2,,,
0e5c5c99448b7fb5,2025-11-10 12:00:00+00:00,SYN,EUR,Monthly validation anchor,2,,,
000277c1180a3620,2025-11-10 18:00:00+00:00,SYN,EUR,Monthly validation anchor,2,,,
1f276e6491f0ac12,2025-11-11 00:00:00+00:00,SYN,EUR,Monthly validation anchor,2,,,
bb31792080914fdb,2025-11-11 06:00:00+00:00,SYN,EUR,Monthly validation anchor,2,,,
dc810df34685f6dc,2025-11-11 12:00:00+00:00,SYN,EUR,Monthly validation anchor,2,,,
7c06f93c6dc2d014,2025-11-11 18:00:00+00:00,SYN,EUR,Monthly validation anchor,2,,,
8f61ebe6671fd171,2025-11-12 00:00:00+00:00,SYN,EUR,Monthly validation anchor,2,,,
7c40c0a2fdd9b4b7,2025-11-12 06:00:00+00:00,SYN,EUR,Monthly validation anchor,2,,,
266e4531f05931e3,2025-11-12 12:00:00+00:00,SYN,EUR,Monthly validation anchor,2,,,
676edfd4c7593e21,2025-11-12 18:00:00+00:00,SYN,EUR,Monthly validation anchor,2,,,
fe873e4a083b16a3,2025-11-13 00:00:00+00:00,SYN,EUR,Monthly validation anchor,2,,,
23e0952680832342,2025-11-13 06:00:00+00:00,SYN,EUR,Monthly validation anchor,2,,,
cedb8ee851a4a909,2025-11-13 12:00:00+00:00,SYN,EUR,Monthly validation anchor,2,,,
fa1e7897bdf974fe,2025-11-13 18:00:00+00:00,SYN,EUR,Monthly validation anchor,2,,,
5d8a907ab1a16ef3,2025-11-14 00:00:00+00:00,SYN,EUR,Monthly validation anchor,2,,,
9f3d9595fc8c868b,2025-11-14 06:00:00+00:00,SYN,EUR,Monthly validation anchor,2,,,
85af11d47ba27474,2025-11-14 12:00:00+00:00,SYN,EUR,Monthly validation anchor,2,,,
abe56d6209959c74,2025-11-14 18:00:00+00:00,SYN,EUR,Monthly validation anchor,2,,,
7cd98802e24fb8e8,2025-11-15 00:00:00+00:00,SYN,EUR,Monthly validation anchor,2,,,
2dc87f0a322f8d53,2025-11-15 06:00:00+00:00,SYN,EUR,Monthly validation anchor,2,,,
7e3455e7ffcf05ac,2025-11-15 12:00:00+00:00,SYN,EUR,Monthly validation anchor,2,,,
ec6065e49b114ae1,2025-11-15 18:00:00+00:00,SYN,EUR,Monthly validation anchor,2,,,
2197700255cb008b,2025-11-16 00:00:00+00:00,SYN,EUR,Monthly validation anchor,2,,,
ff4b5ae8b9f7976f,2025-11-16 06:00:00+00:00,SYN,EUR,Monthly validation anchor,2,,,
6c67ae8207736cea,2025-11-16 12:00:00+00:00,SYN,EUR,Monthly validation anchor,2,,,
f5762d1feb264901,2025-11-16 18:00:00+00:00,SYN,EUR,Monthly validation anchor,2,,,
aab246b5550370a1,2025-11-17 00:00:00+00:00,SYN,EUR,Monthly validation anchor,2,,,
3c22940bcb587c7b,2025-11-17 06:00:00+00:00,SYN,EUR,Monthly validation anchor,2,,,
84fba4ca3b26deec,2025-11-17 12:00:00+00:00,SYN,EUR,Monthly validation anchor,2,,,
4db8f57b8b4b6f18,2025-11-17 18:00:00+00:00,SYN,EUR,Monthly validation anchor,2,,,
1b62ef7fba158930,2025-11-18 00:00:00+00:00,SYN,EUR,Monthly validation anchor,2,,,
638a6553afb1d7f5,2025-11-18 06:00:00+00:00,SYN,EUR,Monthly validation anchor,2,,,
22c6ccce7b31e7f7,2025-11-18 12:00:00+00:00,SYN,EUR,Monthly validation anchor,2,,,
40bb70f5e4924b5e,2025-11-18 18:00:00+00:00,SYN,EUR,Monthly validation anchor,2,,,
56ec76e51f0e083e,2025-11-19 00:00:00+00:00,SYN,EUR,Monthly validation anchor,2,,,
b838294e9e108d4b,2025-11-19 06:00:00+00:00,SYN,EUR,Monthly validation anchor,2,,,
2f0d2314f05a80b9,2025-11-19 12:00:00+00:00,SYN,EUR,Monthly validation anchor,2,,,
213aa3a4cc4d9cd9,2025-11-19 18:00:00+00:00,SYN,EUR,Monthly validation anchor,2,,,
0bc18a9b6ce31e61,2025-11-20 00:00:00+00:00,SYN,EUR,Monthly validation anchor,2,,,
66312f66753e685f,2025-11-20 06:00:00+00:00,SYN,EUR,Monthly validation anchor,2,,,
5132c20de7f7a2c9,2025-11-20 12:00:00+00:00,SYN,EUR,Monthly validation anchor,2,,,
0ae8bbccd484a5a9,2025-11-20 18:00:00+00:00,SYN,EUR,Monthly validation anchor,2,,,
bfec0afacd229f97,2025-11-21 00:00:00+00:00,SYN,EUR,Monthly validation anchor,2,,,
1692779e88749fdb,2025-11-21 06:00:00+00:00,SYN,EUR,Monthly validation anchor,2,,,
d679da4addf18ce9,2025-11-21 12:00:00+00:00,SYN,EUR,Monthly validation anchor,2,,,
87e76eadba5201c1,2025-11-21 18:00:00+00:00,SYN,EUR,Monthly validation anchor,2,,,
d8531614b067e373,2025-11-22 00:00:00+00:00,SYN,EUR,Monthly validation anchor,2,,,
4fcbd474fb766d0f,2025-11-22 06:00:00+00:00,SYN,EUR,Monthly validation anchor,2,,,
516a1587965c629a,2025-11-22 12:00:00+00:00,SYN,EUR,Monthly validation anchor,2,,,
cefbaafd77061c58,2025-11-22 18:00:00+00:00,SYN,EUR,Monthly validation anchor,2,,,
d993a57aa67e452d,2025-11-23 00:00:00+00:00,SYN,EUR,Monthly validation anchor,2,,,
cc087ec9e4b00d2e,2025-11-23 06:00:00+00:00,SYN,EUR,Monthly validation anchor,2,,,
ea873beb11efb141,2025-11-23 12:00:00+00:00,SYN,EUR,Monthly validation anchor,2,,,
777e61176fa853c1,2025-11-23 18:00:00+00:00,SYN,EUR,Monthly validation anchor,2,,,
848b2df6af25862b,2025-11-24 00:00:00+00:00,SYN,EUR,Monthly validation anchor,2,,,
deec352b1991b861,2025-11-24 06:00:00+00:00,SYN,EUR,Monthly validation anchor,2,,,
5f99d7d8d15f6fdc,2025-11-24 12:00:00+00:00,SYN,EUR,Monthly validation anchor,2,,,
d7736ef3d948f019,2025-11-24 18:00:00+00:00,SYN,EUR,Monthly validation anchor,2,,,
cca9dd09beb28a0b,2025-11-25 00:00:00+00:00,SYN,EUR,Monthly validation anchor,2,,,
18fec998875af33d,2025-11-25 06:00:00+00:00,SYN,EUR,Monthly validation anchor,2,,,
7065ba9bf5ac4c62,2025-11-25 12:00:00+00:00,SYN,EUR,Monthly validation anchor,2,,,
72a39f461ce39a9c,2025-11-25 18:00:00+00:00,SYN,EUR,Monthly validation anchor,2,,,
03fdab7f8afe522a,2025-11-26 00:00:00+00:00,SYN,EUR,Monthly validation anchor,2,,,
cb891b98e4472343,2025-11-26 06:00:00+00:00,SYN,EUR,Monthly validation anchor,2,,,
5ac0c98bfa201f5b,2025-11-26 12:00:00+00:00,SYN,EUR,Monthly validation anchor,2,,,
c0b9beb912e61736,2025-11-26 18:00:00+00:00,SYN,EUR,Monthly validation anchor,2,,,
7e34ed5cc652dd8c,2025-11-27 00:00:00+00:00,SYN,EUR,Monthly validation anchor,2,,,
9516e281ec1bd3db,2025-11-27 06:00:00+00:00,SYN,EUR,Monthly validation anchor,2,,,
f9d9c377c3cbadf1,2025-11-27 12:00:00+00:00,SYN,EUR,Monthly validation anchor,2,,,
a74b1bc610a25683,2025-11-27 18:00:00+00:00,SYN,EUR,Monthly validation anchor,2,,,
14fb5d608d704199,2025-11-28 00:00:00+00:00,SYN,EUR,Monthly validation anchor,2,,,
e2102e4746ea473c,2025-11-28 06:00:00+00:00,SYN,EUR,Monthly validation anchor,2,,,
b0a2a1d5df49f9c2,2025-11-28 12:00:00+00:00,SYN,EUR,Monthly validation anchor,2,,,
7e38d65f03903413,2025-11-28 18:00:00+00:00,SYN,EUR,Monthly validation anchor,2,,,
0d0ba0e4840b7361,2025-11-29 00:00:00+00:00,SYN,EUR,Monthly validation anchor,2,,,
fde0414159e4e0d1,2025-11-29 06:00:00+00:00,SYN,EUR,Monthly validation anchor,2,,,
4632fdbec8232e5e,2025-11-29 12:00:00+00:00,SYN,EUR,Monthly validation anchor,2,,,
720cb52d84f8f3a4,2025-11-29 18:00:00+00:00,SYN,EUR,Monthly validation anchor,2,,,
13c8df090c811da2,2025-11-30 00:00:00+00:00,SYN,EUR,Monthly validation anchor,2,,,
ac1d850ab8f14083,2025-11-30 06:00:00+00:00,SYN,EUR,Monthly validation anchor,2,,,
7b1f31e4d86bdc43,2025-11-30 12:00:00+00:00,SYN,EUR,Monthly validation anchor,2,,,
b48a9b54e246e9f8,2025-11-30 18:00:00+00:00,SYN,EUR,Monthly validation anchor,2,,,
08204f1899e27ad8,2025-12-01 00:00:00+00:00,SYN,EUR,Monthly validation anchor,2,,,
b16244be78618e64,2025-12-01 06:00:00+00:00,SYN,EUR,Monthly validation anchor,2,,,
47ce14818eb6a809,2025-12-01 12:00:00+00:00,SYN,EUR,Monthly validation anchor,2,,,
29543c03ea5314f9,2025-12-01 18:00:00+00:00,SYN,EUR,Monthly validation anchor,2,,,
f4b724a0ece3cbd6,2025-12-02 00:00:00+00:00,SYN,EUR,Monthly validation anchor,2,,,
49fff57953ad54f9,2025-12-02 06:00:00+00:00,SYN,EUR,Monthly validation anchor,2,,,
c0acd27a30cf5766,2025-12-02 12:00:00+00:00,SYN,EUR,Monthly validation anchor,2,,,
767733a09a83e7a2,2025-12-02 18:00:00+00:00,SYN,EUR,Monthly validation anchor,2,,,
ee857ddfb3d3f3e3,2025-12-03 00:00:00+00:00,SYN,EUR,Monthly validation anchor,2,,,
0a465c7402d2f82c,2025-12-03 06:00:00+00:00,SYN,EUR,Monthly validation anchor,2,,,
d96e9f92c2825037,2025-12-03 12:00:00+00:00,SYN,EUR,Monthly validation anchor,2,,,
8e264fedf629884e,2025-12-03 18:00:00+00:00,SYN,EUR,Monthly validation anchor,2,,,
5bff2811b6e1ed9c,2025-12-04 00:00:00+00:00,SYN,EUR,Monthly validation anchor,2,,,
e1f84b063aab9147,2025-12-04 06:00:00+00:00,SYN,EUR,Monthly validation anchor,2,,,
df5f8b10bcf640fe,2025-12-04 12:00:00+00:00,SYN,EUR,Monthly validation anchor,2,,,
27b4e04e81834d83,2025-12-04 18:00:00+00:00,SYN,EUR,Monthly validation anchor,2,,,
b7589d2c23f84b8f,2025-12-05 00:00:00+00:00,SYN,EUR,Monthly validation anchor,2,,,
7361d30f0f2064bb,2025-12-05 06:00:00+00:00,SYN,EUR,Monthly validation anchor,2,,,
19f84e4d8d01ed90,2025-12-05 12:00:00+00:00,SYN,EUR,Monthly validation anchor,2,,,
9dc407d765866b07,2025-12-05 18:00:00+00:00,SYN,EUR,Monthly validation anchor,2,,,
2f166ae4b8044f11,2025-12-06 00:00:00+00:00,SYN,EUR,Monthly validation anchor,2,,,
7495b3fd1835b5aa,2025-12-06 06:00:00+00:00,SYN,EUR,Monthly validation anchor,2,,,
a42783d9a0c971dd,2025-12-06 12:00:00+00:00,SYN,EUR,Monthly validation anchor,2,,,
b14a283d57d43f0b,2025-12-06 18:00:00+00:00,SYN,EUR,Monthly validation anchor,2,,,
75505e3e79a3d884,2025-12-07 00:00:00+00:00,SYN,EUR,Monthly validation anchor,2,,,
67e3fabfa2d1f1c9,2025-12-07 06:00:00+00:00,SYN,EUR,Monthly validation anchor,2,,,
92f5f1629b0299ab,2025-12-07 12:00:00+00:00,SYN,EUR,Monthly validation anchor,2,,,
ae2af8105885c5c6,2025-12-07 18:00:00+00:00,SYN,EUR,Monthly validation anchor,2,,,
3dc86001366a0661,2025-12-08 00:00:00+00:00,SYN,EUR,Monthly validation anchor,2,,,
fc13a3a54777b12d,2025-12-08 06:00:00+00:00,SYN,EUR,Monthly validation anchor,2,,,
67e8985429d30ff7,2025-12-08 12:00:00+00:00,SYN,EUR,Monthly validation anchor,2,,,
175cc272269de9ac,2025-12-08 18:00:00+00:00,SYN,EUR,Monthly validation anchor,2,,,
4d5ea7717de0abfb,2025-12-09 00:00:00+00:00,SYN,EUR,Monthly validation anchor,2,,,
3421dbbeb309bac6,2025-12-09 06:00:00+00:00,SYN,EUR,Monthly validation anchor,2,,,
1ce74403ac0395c6,2025-12-09 12:00:00+00:00,SYN,EUR,Monthly validation anchor,2,,,
dd9fb714cf4582fd,2025-12-09 18:00:00+00:00,SYN,EUR,Monthly validation anchor,2,,,
903f136fdb12e053,2025-12-10 00:00:00+00:00,SYN,EUR,Monthly validation anchor,2,,,
0a1d43cd69bcbfd6,2025-12-10 06:00:00+00:00,SYN,EUR,Monthly validation anchor,2,,,
4c0f9a3fb529c87d,2025-12-10 12:00:00+00:00,SYN,EUR,Monthly validation anchor,2,,,
e6c3dcdaf2d1f60f,2025-12-10 18:00:00+00:00,SYN,EUR,Monthly validation anchor,2,,,
864b4bb4623336d7,2025-12-11 00:00:00+00:00,SYN,EUR,Monthly validation anchor,2,,,
07dabbf05daf215e,2025-12-11 06:00:00+00:00,SYN,EUR,Monthly validation anchor,2,,,
b38f239ae8b1e9ad,2025-12-11 12:00:00+00:00,SYN,EUR,Monthly validation anchor,2,,,
732baa0758057bea,2025-12-11 18:00:00+00:00,SYN,EUR,Monthly validation anchor,2,,,
c63592eb79fa5c30,2025-12-12 00:00:00+00:00,SYN,EUR,Monthly validation anchor,2,,,
20b289a95ff12f5a,2025-12-12 06:00:00+00:00,SYN,EUR,Monthly validation anchor,2,,,
d18c476641e4d9b3,2025-12-12 12:00:00+00:00,SYN,EUR,Monthly validation anchor,2,,,
5412dcb61a66eddb,2025-12-12 18:00:00+00:00,SYN,EUR,Monthly validation anchor,2,,,
9466a87c2716191a,2025-12-13 00:00:00+00:00,SYN,EUR,Monthly validation anchor,2,,,
70551b5096330539,2025-12-13 06:00:00+00:00,SYN,EUR,Monthly validation anchor,2,,,
ddcbb9b8953777a5,2025-12-13 12:00:00+00:00,SYN,EUR,Monthly validation anchor,2,,,
a36bd06f40356344,2025-12-13 18:00:00+00:00,SYN,EUR,Monthly validation anchor,2,,,
5acb6b147b87dfb9,2025-12-14 00:00:00+00:00,SYN,EUR,Monthly validation anchor,2,,,
17cef3f76f546191,2025-12-14 06:00:00+00:00,SYN,EUR,Monthly validation anchor,2,,,
3a34c144042f0851,2025-12-14 12:00:00+00:00,SYN,EUR,Monthly validation anchor,2,,,
9b356c37b72ea411,2025-12-14 18:00:00+00:00,SYN,EUR,Monthly validation anchor,2,,,
69c77bd8672572bf,2025-12-15 00:00:00+00:00,SYN,EUR,Monthly validation anchor,2,,,
92a1464843738aba,2025-12-15 06:00:00+00:00,SYN,EUR,Monthly validation anchor,2,,,
277a7f57934d1622,2025-12-15 12:00:00+00:00,SYN,EUR,Monthly validation anchor,2,,,
6dd78c2457cf8683,2025-12-15 18:00:00+00:00,SYN,EUR,Monthly validation anchor,2,,,
3c1db39bc73ca61b,2025-12-16 00:00:00+00:00,SYN,EUR,Monthly validation anchor,2,,,
2f1ae0b583934d28,2025-12-16 06:00:00+00:00,SYN,EUR,Monthly validation anchor,2,,,
84010f9d33655836,2025-12-16 12:00:00+00:00,SYN,EUR,Monthly validation anchor,2,,,
828069afedd34827,2025-12-16 18:00:00+00:00,SYN,EUR,Monthly validation anchor,2,,,
e5d00c58509fb08f,2025-12-17 00:00:00+00:00,SYN,EUR,Monthly validation anchor,2,,,
c85a12581654c97e,2025-12-17 06:00:00+00:00,SYN,EUR,Monthly validation anchor,2,,,
73191181603cb238,2025-12-17 12:00:00+00:00,SYN,EUR,Monthly validation anchor,2,,,
42bce538330877ea,2025-12-17 18:00:00+00:00,SYN,EUR,Monthly validation anchor,2,,,
ef51a6bc7b662876,2025-12-18 00:00:00+00:00,SYN,EUR,Monthly validation anchor,2,,,
6dce2842cfafdc16,2025-12-18 06:00:00+00:00,SYN,EUR,Monthly validation anchor,2,,,
39ca636f0ffe79a5,2025-12-18 12:00:00+00:00,SYN,EUR,Monthly validation anchor,2,,,
5ad83cb000e3c5b9,2025-12-18 18:00:00+00:00,SYN,EUR,Monthly validation anchor,2,,,
4689ba77f4a41bda,2025-12-19 00:00:00+00:00,SYN,EUR,Monthly validation anchor,2,,,
d21fc42d0ab8fa78,2025-12-19 06:00:00+00:00,SYN,EUR,Monthly validation anchor,2,,,
6b6de103b592a4e8,2025-12-19 12:00:00+00:00,SYN,EUR,Monthly validation anchor,2,,,
72aa3050d0d5c3c8,2025-12-19 18:00:00+00:00,SYN,EUR,Monthly validation anchor,2,,,
2a267f8e5c500ba6,2025-12-20 00:00:00+00:00,SYN,EUR,Monthly validation anchor,2,,,
aa76c9a473c4529a,2025-12-20 06:00:00+00:00,SYN,EUR,Monthly validation anchor,2,,,
554b02c5073a8f95,2025-12-20 12:00:00+00:00,SYN,EUR,Monthly validation anchor,2,,,
137f786f6062a238,2025-12-20 18:00:00+00:00,SYN,EUR,Monthly validation anchor,2,,,
4d687d9dfa2dcbf6,2025-12-21 00:00:00+00:00,SYN,EUR,Monthly validation anchor,2,,,
55c81e8a361b1753,2025-12-21 06:00:00+00:00,SYN,EUR,Monthly validation anchor,2,,,
9cd0ed567e09652a,2025-12-21 12:00:00+00:00,SYN,EUR,Monthly validation anchor,2,,,
17fb0e827f938458,2025-12-21 18:00:00+00:00,SYN,EUR,Monthly validation anchor,2,,,
ea5eb1124d8f0da4,2025-12-22 00:00:00+00:00,SYN,EUR,Monthly validation anchor,2,,,
ec0655c4354288b9,2025-12-22 06:00:00+00:00,SYN,EUR,Monthly validation anchor,2,,,
13aa8f6fe11f1256,2025-12-22 12:00:00+00:00,SYN,EUR,Monthly validation anchor,2,,,
d3de09c7db8116d4,2025-12-22 18:00:00+00:00,SYN,EUR,Monthly validation anchor,2,,,
7b094a4d55d0cc02,2025-12-23 00:00:00+00:00,SYN,EUR,Monthly validation anchor,2,,,
4fc90be702b48fa4,2025-12-23 06:00:00+00:00,SYN,EUR,Monthly validation anchor,2,,,
d99fa6dc8c8c7c14,2025-12-23 12:00:00+00:00,SYN,EUR,Monthly validation anchor,2,,,
e428306d68a67f88,2025-12-23 18:00:00+00:00,SYN,EUR,Monthly validation anchor,2,,,
766bf2a07684a95e,2025-12-24 00:00:00+00:00,SYN,EUR,Monthly validation anchor,2,,,
880317020cf3f05a,2025-12-24 06:00:00+00:00,SYN,EUR,Monthly validation anchor,2,,,
e22ab649cf9cb319,2025-12-24 12:00:00+00:00,SYN,EUR,Monthly validation anchor,2,,,
cd14d42bcfbbfaee,2025-12-24 18:00:00+00:00,SYN,EUR,Monthly validation anchor,2,,,
50f996ed789e8afa,2025-12-25 00:00:00+00:00,SYN,EUR,Monthly validation anchor,2,,,
9d42cf149dca7f02,2025-12-25 06:00:00+00:00,SYN,EUR,Monthly validation anchor,2,,,
6648d7ce41aa09de,2025-12-25 12:00:00+00:00,SYN,EUR,Monthly validation anchor,2,,,
2d8e4745114d0571,2025-12-25 18:00:00+00:00,SYN,EUR,Monthly validation anchor,2,,,
6f3f99cd00e348ec,2025-12-26 00:00:00+00:00,SYN,EUR,Monthly validation anchor,2,,,
cf4abed0cc8063e1,2025-12-26 06:00:00+00:00,SYN,EUR,Monthly validation anchor,2,,,
9862079d449b2a7a,2025-12-26 12:00:00+00:00,SYN,EUR,Monthly validation anchor,2,,,
901b5d14a4b2297d,2025-12-26 18:00:00+00:00,SYN,EUR,Monthly validation anchor,2,,,
2780a0d02559c325,2025-12-27 00:00:00+00:00,SYN,EUR,Monthly validation anchor,2,,,
1bc767d74aa15574,2025-12-27 06:00:00+00:00,SYN,EUR,Monthly validation anchor,2,,,
6b08954c42f6b27e,2025-12-27 12:00:00+00:00,SYN,EUR,Monthly validation anchor,2,,,
371538a58eed0765,2025-12-27 18:00:00+00:00,SYN,EUR,Monthly validation anchor,2,,,
f124478d125f1d99,2025-12-28 00:00:00+00:00,SYN,EUR,Monthly validation anchor,2,,,
759a48d6a59bc2dc,2025-12-28 06:00:00+00:00,SYN,EUR,Monthly validation anchor,2,,,
3b926de6d6239d26,2025-12-28 12:00:00+00:00,SYN,EUR,Monthly validation anchor,2,,,
acd52b7d5aede060,2025-12-28 18:00:00+00:00,SYN,EUR,Monthly validation anchor,2,,,
b6002359313d03f8,2025-12-29 00:00:00+00:00,SYN,EUR,Monthly validation anchor,2,,,
4f4f6bc66cdb9b66,2025-12-29 06:00:00+00:00,SYN,EUR,Monthly validation anchor,2,,,
e17b2b63d1b7c0e5,2025-12-29 12:00:00+00:00,SYN,EUR,Monthly validation anchor,2,,,
c35a21cf12955028,2025-12-29 18:00:00+00:00,SYN,EUR,Monthly validation anchor,2,,,
329614ed5609372d,2025-12-30 00:00:00+00:00,SYN,EUR,Monthly validation anchor,2,,,
f04d28317a527def,2025-12-30 06:00:00+00:00,SYN,EUR,Monthly validation anchor,2,,,
e8e64dbb9fcd079a,2025-12-30 12:00:00+00:00,SYN,EUR,Monthly validation anchor,2,,,
dd7ece6873eb71a6,2025-12-30 18:00:00+00:00,SYN,EUR,Monthly validation anchor,2,,,
2d3e21b1379a68b7,2025-12-31 00:00:00+00:00,SYN,EUR,Monthly validation anchor,2,,,
db1c1022d81ca93a,2025-12-31 06:00:00+00:00,SYN,EUR,Monthly validation anchor,2,,,
02a035dbae85a293,2025-12-31 12:00:00+00:00,SYN,EUR,Monthly validation anchor,2,,,
5378fd30f1f662d3,2025-12-31 18:00:00+00:00,SYN,EUR,Monthly validation anchor,2,,,
a95119a5c65fb521,2026-01-01 00:00:00+00:00,SYN,EUR,Monthly validation anchor,2,,,
5b1c8e085d687baa,2026-01-01 06:00:00+00:00,SYN,EUR,Monthly validation anchor,2,,,
c37305160a2cc564,2026-01-01 12:00:00+00:00,SYN,EUR,Monthly validation anchor,2,,,
842b9d005a2d655e,2026-01-01 18:00:00+00:00,SYN,EUR,Monthly validation anchor,2,,,
a6f32fafa1a9a620,2026-01-02 00:00:00+00:00,SYN,EUR,Monthly validation anchor,2,,,
242de560ef29bca0,2026-01-02 06:00:00+00:00,SYN,EUR,Monthly validation anchor,2,,,
ea6b62252908ce8c,2026-01-02 12:00:00+00:00,SYN,EUR,Monthly validation anchor,2,,,
21a6d74997196e27,2026-01-02 18:00:00+00:00,SYN,EUR,Monthly validation anchor,2,,,
974e58a2e29ee40d,2026-01-03 00:00:00+00:00,SYN,EUR,Monthly validation anchor,2,,,
0d2cb9c3f20bf7e5,2026-01-03 06:00:00+00:00,SYN,EUR,Monthly validation anchor,2,,,
6ce3b21fa021e386,2026-01-03 12:00:00+00:00,SYN,EUR,Monthly validation anchor,2,,,
033316e718b70be8,2026-01-03 18:00:00+00:00,SYN,EUR,Monthly validation anchor,2,,,
a9701ee449e67f25,2026-01-04 00:00:00+00:00,SYN,EUR,Monthly validation anchor,2,,,
ba6d0971d9827619,2026-01-04 06:00:00+00:00,SYN,EUR,Monthly validation anchor,2,,,
9547d6194462a1b3,2026-01-04 12:00:00+00:00,SYN,EUR,Monthly validation anchor,2,,,
4753d69209ebca73,2026-01-04 18:00:00+00:00,SYN,EUR,Monthly validation anchor,2,,,
0c8f1c699bb34322,2026-01-05 00:00:00+00:00,SYN,EUR,Monthly validation anchor,2,,,
6e75555ae2120a0e,2026-01-05 06:00:00+00:00,SYN,EUR,Monthly validation anchor,2,,,
1fa6e131aecf7e37,2026-01-05 12:00:00+00:00,SYN,EUR,Monthly validation anchor,2,,,
c8a8e36e60d2fb13,2026-01-05 18:00:00+00:00,SYN,EUR,Monthly validation anchor,2,,,
00d05174b656247c,2026-01-06 00:00:00+00:00,SYN,EUR,Monthly validation anchor,2,,,
6f64cca48535bed5,2026-01-06 06:00:00+00:00,SYN,EUR,Monthly validation anchor,2,,,
eac70da147e04df0,2026-01-06 12:00:00+00:00,SYN,EUR,Monthly validation anchor,2,,,
ba0db633296b57d7,2026-01-06 18:00:00+00:00,SYN,EUR,Monthly validation anchor,2,,,
a0966dc8741509de,2026-01-07 00:00:00+00:00,SYN,EUR,Monthly validation anchor,2,,,
dc73c479fff8b099,2026-01-07 06:00:00+00:00,SYN,EUR,Monthly validation anchor,2,,,
da5cff08a546521c,2026-01-07 12:00:00+00:00,SYN,EUR,Monthly validation anchor,2,,,
8e0a63b815149ffc,2026-01-07 18:00:00+00:00,SYN,EUR,Monthly validation anchor,2,,,
9ef9f98d6fea9091,2026-01-08 00:00:00+00:00,SYN,EUR,Monthly validation anchor,2,,,
7350833fe420bdc8,2026-01-08 06:00:00+00:00,SYN,EUR,Monthly validation anchor,2,,,
1c0b2bd18e0bc650,2026-01-08 12:00:00+00:00,SYN,EUR,Monthly validation anchor,2,,,
ef7edc7eee8c20ac,2026-01-08 18:00:00+00:00,SYN,EUR,Monthly validation anchor,2,,,
b59772fd5b3bb607,2026-01-09 00:00:00+00:00,SYN,EUR,Monthly validation anchor,2,,,
e46922a93084761c,2026-01-09 06:00:00+00:00,SYN,EUR,Monthly validation anchor,2,,,
375255ab14306b56,2026-01-09 12:00:00+00:00,SYN,EUR,Monthly validation anchor,2,,,
0d5bd338e0d361e2,2026-01-09 18:00:00+00:00,SYN,EUR,Monthly validation anchor,2,,,
a634abf8c841fab3,2026-01-10 00:00:00+00:00,SYN,EUR,Monthly validation anchor,2,,,
47141592fe80e203,2026-01-10 06:00:00+00:00,SYN,EUR,Monthly validation anchor,2,,,
bb9b85ac416b0629,2026-01-10 12:00:00+00:00,SYN,EUR,Monthly validation anchor,2,,,
446ab1ab9c79044a,2026-01-10 18:00:00+00:00,SYN,EUR,Monthly validation anchor,2,,,
cbfb13da8b6c38c9,2026-01-11 00:00:00+00:00,SYN,EUR,Monthly validation anchor,2,,,
26b293b34b80e94d,2026-01-11 06:00:00+00:00,SYN,EUR,Monthly validation anchor,2,,,
a5a9d02da2e5c141,2026-01-11 12:00:00+00:00,SYN,EUR,Monthly validation anchor,2,,,
9757eb9c864bd745,2026-01-11 18:00:00+00:00,SYN,EUR,Monthly validation anchor,2,,,
3a3c3de8a64b9cfc,2026-01-12 00:00:00+00:00,SYN,EUR,Monthly validation anchor,2,,,
087383ef4cf0d0cf,2026-01-12 06:00:00+00:00,SYN,EUR,Monthly validation anchor,2,,,
e1bfce53cfaf2af8,2026-01-12 12:00:00+00:00,SYN,EUR,Monthly validation anchor,2,,,
80bda7f25c4c19f2,2026-01-12 18:00:00+00:00,SYN,EUR,Monthly validation anchor,2,,,
4d25c20a9cb73f56,2026-01-13 00:00:00+00:00,SYN,EUR,Monthly validation anchor,2,,,
fc74f892af2379ae,2026-01-13 06:00:00+00:00,SYN,EUR,Monthly validation anchor,2,,,
f4ddfdcda0f7fd45,2026-01-13 12:00:00+00:00,SYN,EUR,Monthly validation anchor,2,,,
aba33df793df291b,2026-01-13 18:00:00+00:00,SYN,EUR,Monthly validation anchor,2,,,
aea6526614ed4cb6,2026-01-14 00:00:00+00:00,SYN,EUR,Monthly validation anchor,2,,,
20b684fcc0a561b6,2026-01-14 06:00:00+00:00,SYN,EUR,Monthly validation anchor,2,,,
6ddb1cb05806d868,2026-01-14 12:00:00+00:00,SYN,EUR,Monthly validation anchor,2,,,
2b4221aa7d3a9a8d,2026-01-14 18:00:00+00:00,SYN,EUR,Monthly validation anchor,2,,,
ffe40f461ba0156f,2026-01-15 00:00:00+00:00,SYN,EUR,Monthly validation anchor,2,,,
93e0d648683ed2ae,2026-01-15 06:00:00+00:00,SYN,EUR,Monthly validation anchor,2,,,
631fb0d265198ede,2026-01-15 12:00:00+00:00,SYN,EUR,Monthly validation anchor,2,,,
27d9195cc5ec6f6f,2026-01-15 18:00:00+00:00,SYN,EUR,Monthly validation anchor,2,,,
f9e14782663558e6,2026-01-16 00:00:00+00:00,SYN,EUR,Monthly validation anchor,2,,,
e3a410642f3fbb19,2026-01-16 06:00:00+00:00,SYN,EUR,Monthly validation anchor,2,,,
a07f8e9872f43c79,2026-01-16 12:00:00+00:00,SYN,EUR,Monthly validation anchor,2,,,
0e13bee42cecf4fb,2026-01-16 18:00:00+00:00,SYN,EUR,Monthly validation anchor,2,,,
10df6b4f08817908,2026-01-17 00:00:00+00:00,SYN,EUR,Monthly validation anchor,2,,,
b4125b964ed1d146,2026-01-17 06:00:00+00:00,SYN,EUR,Monthly validation anchor,2,,,
756aa51fba016ae1,2026-01-17 12:00:00+00:00,SYN,EUR,Monthly validation anchor,2,,,
49356267948a9f60,2026-01-17 18:00:00+00:00,SYN,EUR,Monthly validation anchor,2,,,
1eef7dc091217b69,2026-01-18 00:00:00+00:00,SYN,EUR,Monthly validation anchor,2,,,
e5361c57ab0edd56,2026-01-18 06:00:00+00:00,SYN,EUR,Monthly validation anchor,2,,,
d274551416a2b329,2026-01-18 12:00:00+00:00,SYN,EUR,Monthly validation anchor,2,,,
f96f2769b48af7a8,2026-01-18 18:00:00+00:00,SYN,EUR,Monthly validation anchor,2,,,
aaf5239e63b55d05,2026-01-19 00:00:00+00:00,SYN,EUR,Monthly validation anchor,2,,,
bc365a58471db8fb,2026-01-19 06:00:00+00:00,SYN,EUR,Monthly validation anchor,2,,,
503d1b0de2fd5081,2026-01-19 12:00:00+00:00,SYN,EUR,Monthly validation anchor,2,,,
d950a66ece65beb5,2026-01-19 18:00:00+00:00,SYN,EUR,Monthly validation anchor,2,,,
cf45509b346495e8,2026-01-20 00:00:00+00:00,SYN,EUR,Monthly validation anchor,2,,,
591a38c1ca61ac15,2026-01-20 06:00:00+00:00,SYN,EUR,Monthly validation anchor,2,,,
eac00ac6d1f56d77,2026-01-20 12:00:00+00:00,SYN,EUR,Monthly validation anchor,2,,,
b25574dc142ff9cc,2026-01-20 18:00:00+00:00,SYN,EUR,Monthly validation anchor,2,,,
f31576e5a3fda56b,2026-01-21 00:00:00+00:00,SYN,EUR,Monthly validation anchor,2,,,
5728068b5c81e7ff,2026-01-21 06:00:00+00:00,SYN,EUR,Monthly validation anchor,2,,,
977688e61ca5c91d,2026-01-21 12:00:00+00:00,SYN,EUR,Monthly validation anchor,2,,,
1f300f73aeb538f2,2026-01-21 18:00:00+00:00,SYN,EUR,Monthly validation anchor,2,,,
259221b22f2beed6,2026-01-22 00:00:00+00:00,SYN,EUR,Monthly validation anchor,2,,,
7845ed876249eaae,2026-01-22 06:00:00+00:00,SYN,EUR,Monthly validation anchor,2,,,
bbdc5b959e24d1b3,2026-01-22 12:00:00+00:00,SYN,EUR,Monthly validation anchor,2,,,
dbc5e8e5d4b2767f,2026-01-22 18:00:00+00:00,SYN,EUR,Monthly validation anchor,2,,,
70e4ce8805cf4194,2026-01-23 00:00:00+00:00,SYN,EUR,Monthly validation anchor,2,,,
0ca926d996698c34,2026-01-23 06:00:00+00:00,SYN,EUR,Monthly validation anchor,2,,,
ecd065ddd0cdcc7a,2026-01-23 12:00:00+00:00,SYN,EUR,Monthly validation anchor,2,,,
46d127ae3fcdd6d2,2026-01-23 18:00:00+00:00,SYN,EUR,Monthly validation anchor,2,,,
b6525d808e31dc89,2026-01-24 00:00:00+00:00,SYN,EUR,Monthly validation anchor,2,,,
f47f5e51ea3d8262,2026-01-24 06:00:00+00:00,SYN,EUR,Monthly validation anchor,2,,,
ee4e269c374ae4d7,2026-01-24 12:00:00+00:00,SYN,EUR,Monthly validation anchor,2,,,
ebae82f707c60a98,2026-01-24 18:00:00+00:00,SYN,EUR,Monthly validation anchor,2,,,
e3f98fd655f750db,2026-01-25 00:00:00+00:00,SYN,EUR,Monthly validation anchor,2,,,
46ec4f0d7b2db1b6,2026-01-25 06:00:00+00:00,SYN,EUR,Monthly validation anchor,2,,,
15d45d05198d4805,2026-01-25 12:00:00+00:00,SYN,EUR,Monthly validation anchor,2,,,
5f7d32370cd4a354,2026-01-25 18:00:00+00:00,SYN,EUR,Monthly validation anchor,2,,,
d1fe5a8afdb7ad33,2026-01-26 00:00:00+00:00,SYN,EUR,Monthly validation anchor,2,,,
1d6bc7c741f3cbc1,2026-01-26 06:00:00+00:00,SYN,EUR,Monthly validation anchor,2,,,
160597746e3b7648,2026-01-26 12:00:00+00:00,SYN,EUR,Monthly validation anchor,2,,,
a50fabf2e2eb2581,2026-01-26 18:00:00+00:00,SYN,EUR,Monthly validation anchor,2,,,
499dd5c67a23e3bd,2026-01-27 00:00:00+00:00,SYN,EUR,Monthly validation anchor,2,,,
22675a3cc835029c,2026-01-27 06:00:00+00:00,SYN,EUR,Monthly validation anchor,2,,,
7ec0561d8711f96f,2026-01-27 12:00:00+00:00,SYN,EUR,Monthly validation anchor,2,,,
edce1a8580df5d4b,2026-01-27 18:00:00+00:00,SYN,EUR,Monthly validation anchor,2,,,
51cb4115dea7036e,2026-01-28 00:00:00+00:00,SYN,EUR,Monthly validation anchor,2,,,
5280044100ea7fec,2026-01-28 06:00:00+00:00,SYN,EUR,Monthly validation anchor,2,,,
77600508217e7062,2026-01-28 12:00:00+00:00,SYN,EUR,Monthly validation anchor,2,,,
db2939229528cda1,2026-01-28 18:00:00+00:00,SYN,EUR,Monthly validation anchor,2,,,
377a2fa062833d7f,2026-01-29 00:00:00+00:00,SYN,EUR,Monthly validation anchor,2,,,
f53c080857076720,2026-01-29 06:00:00+00:00,SYN,EUR,Monthly validation anchor,2,,,
f1e5d49e001ce0d3,2026-01-29 12:00:00+00:00,SYN,EUR,Monthly validation anchor,2,,,
8518ae5f5d67595a,2026-01-29 18:00:00+00:00,SYN,EUR,Monthly validation anchor,2,,,
a8512f7fa68efdf8,2026-01-30 00:00:00+00:00,SYN,EUR,Monthly validation anchor,2,,,
083f7bea403a36b9,2026-01-30 06:00:00+00:00,SYN,EUR,Monthly validation anchor,2,,,
2d55c8f0d73bae17,2026-01-30 12:00:00+00:00,SYN,EUR,Monthly validation anchor,2,,,
aee05623b1afaaca,2026-01-30 18:00:00+00:00,SYN,EUR,Monthly validation anchor,2,,,
26b19d5b07e86a25,2026-01-31 00:00:00+00:00,SYN,EUR,Monthly validation anchor,2,,,
75feb1d5cdc1663a,2026-01-31 06:00:00+00:00,SYN,EUR,Monthly validation anchor,2,,,
07410332d79eda61,2026-01-31 12:00:00+00:00,SYN,EUR,Monthly validation anchor,2,,,
3156def945b66c62,2026-01-31 18:00:00+00:00,SYN,EUR,Monthly validation anchor,2,,,
dcf03090779ae132,2026-02-01 00:00:00+00:00,SYN,EUR,Monthly validation anchor,2,,,
8aebec6f8bd8b11a,2026-02-01 06:00:00+00:00,SYN,EUR,Monthly validation anchor,2,,,
25ea75ae6640052d,2026-02-01 12:00:00+00:00,SYN,EUR,Monthly validation anchor,2,,,
c67cd0a081de7703,2026-02-01 18:00:00+00:00,SYN,EUR,Monthly validation anchor,2,,,
913f4486cac56f41,2026-02-02 00:00:00+00:00,SYN,EUR,Monthly validation anchor,2,,,
54b539f55bf08893,2026-02-02 06:00:00+00:00,SYN,EUR,Monthly validation anchor,2,,,
ff98bbc7fd1c7779,2026-02-02 12:00:00+00:00,SYN,EUR,Monthly validation anchor,2,,,
0567814842565042,2026-02-02 18:00:00+00:00,SYN,EUR,Monthly validation anchor,2,,,
aeab4dd0aa623a81,2026-02-03 00:00:00+00:00,SYN,EUR,Monthly validation anchor,2,,,
ff572b5b538baa75,2026-02-03 06:00:00+00:00,SYN,EUR,Monthly validation anchor,2,,,
32a062a5062dedc3,2026-02-03 12:00:00+00:00,SYN,EUR,Monthly validation anchor,2,,,
273f6fd64a2bb6fa,2026-02-03 18:00:00+00:00,SYN,EUR,Monthly validation anchor,2,,,
a39f51c56c6dbb54,2026-02-04 00:00:00+00:00,SYN,EUR,Monthly validation anchor,2,,,
cfaebd26e5350a18,2026-02-04 06:00:00+00:00,SYN,EUR,Monthly validation anchor,2,,,
8273e2493cfb6d44,2026-02-04 12:00:00+00:00,SYN,EUR,Monthly validation anchor,2,,,
d376daf871e0f59a,2026-02-04 18:00:00+00:00,SYN,EUR,Monthly validation anchor,2,,,
75b8d1f2afecbb31,2026-02-05 00:00:00+00:00,SYN,EUR,Monthly validation anchor,2,,,
e4cd84fe28fb20c8,2026-02-05 06:00:00+00:00,SYN,EUR,Monthly validation anchor,2,,,
463cd17c75aa7c7d,2026-02-05 12:00:00+00:00,SYN,EUR,Monthly validation anchor,2,,,
330719422fbf0340,2026-02-05 18:00:00+00:00,SYN,EUR,Monthly validation anchor,2,,,
fe2d4723178e9c59,2026-02-06 00:00:00+00:00,SYN,EUR,Monthly validation anchor,2,,,
19326aa5b77c60db,2026-02-06 06:00:00+00:00,SYN,EUR,Monthly validation anchor,2,,,
c84168686e64475c,2026-02-06 12:00:00+00:00,SYN,EUR,Monthly validation anchor,2,,,
64a437e0878c0b26,2026-02-06 18:00:00+00:00,SYN,EUR,Monthly validation anchor,2,,,
99c0c31637aaaea6,2026-02-07 00:00:00+00:00,SYN,EUR,Monthly validation anchor,2,,,
d905794e8a3d060a,2026-02-07 06:00:00+00:00,SYN,EUR,Monthly validation anchor,2,,,
e955f6dc506a0296,2026-02-07 12:00:00+00:00,SYN,EUR,Monthly validation anchor,2,,,
e7f0e9674c919856,2026-02-07 18:00:00+00:00,SYN,EUR,Monthly validation anchor,2,,,
f14de63f4de48a8a,2026-02-08 00:00:00+00:00,SYN,EUR,Monthly validation anchor,2,,,
505dc60c55b2ebf2,2026-02-08 06:00:00+00:00,SYN,EUR,Monthly validation anchor,2,,,
ae4aac161d0c7b0f,2026-02-08 12:00:00+00:00,SYN,EUR,Monthly validation anchor,2,,,
98acb86da2af5199,2026-02-08 18:00:00+00:00,SYN,EUR,Monthly validation anchor,2,,,
9bce7782fe0508c4,2026-02-09 00:00:00+00:00,SYN,EUR,Monthly validation anchor,2,,,
9ae66c11a082b9c0,2026-02-09 06:00:00+00:00,SYN,EUR,Monthly validation anchor,2,,,
96bd48f5d3e0aeba,2026-02-09 12:00:00+00:00,SYN,EUR,Monthly validation anchor,2,,,
447cacf993936f62,2026-02-09 18:00:00+00:00,SYN,EUR,Monthly validation anchor,2,,,
ddf4b140b045b91c,2026-02-10 00:00:00+00:00,SYN,EUR,Monthly validation anchor,2,,,
7a2f2b8b6bcfdbb6,2026-02-10 06:00:00+00:00,SYN,EUR,Monthly validation anchor,2,,,
57d2d85fd1811c27,2026-02-10 12:00:00+00:00,SYN,EUR,Monthly validation anchor,2,,,
27f3011107b6b2f5,2026-02-10 18:00:00+00:00,SYN,EUR,Monthly validation anchor,2,,,
228dac82d8952e82,2026-02-11 00:00:00+00:00,SYN,EUR,Monthly validation anchor,2,,,
d2936256e63dbd93,2026-02-11 06:00:00+00:00,SYN,EUR,Monthly validation anchor,2,,,
10460cf8e72162d0,2026-02-11 12:00:00+00:00,SYN,EUR,Monthly validation anchor,2,,,
c9ed247b8f6c174f,2026-02-11 18:00:00+00:00,SYN,EUR,Monthly validation anchor,2,,,
172701262ef0f358,2026-02-12 00:00:00+00:00,SYN,EUR,Monthly validation anchor,2,,,
ad15fc68db31c9e6,2026-02-12 06:00:00+00:00,SYN,EUR,Monthly validation anchor,2,,,
3c483230dbd358a9,2026-02-12 12:00:00+00:00,SYN,EUR,Monthly validation anchor,2,,,
a610694203077821,2026-02-12 18:00:00+00:00,SYN,EUR,Monthly validation anchor,2,,,
69282be780e508c7,2026-02-13 00:00:00+00:00,SYN,EUR,Monthly validation anchor,2,,,
606cd316852474a4,2026-02-13 06:00:00+00:00,SYN,EUR,Monthly validation anchor,2,,,
e13f7bf413b25654,2026-02-13 12:00:00+00:00,SYN,EUR,Monthly validation anchor,2,,,
6fbb8e1dee631497,2026-02-13 18:00:00+00:00,SYN,EUR,Monthly validation anchor,2,,,
fb10be56844b20d6,2026-02-14 00:00:00+00:00,SYN,EUR,Monthly validation anchor,2,,,
a7f7276906ae27aa,2026-02-14 06:00:00+00:00,SYN,EUR,Monthly validation anchor,2,,,
463edfcb59bac531,2026-02-14 12:00:00+00:00,SYN,EUR,Monthly validation anchor,2,,,
3d01071d74a2bc01,2026-02-14 18:00:00+00:00,SYN,EUR,Monthly validation anchor,2,,,
f0efdcafbbb3a05e,2026-02-15 00:00:00+00:00,SYN,EUR,Monthly validation anchor,2,,,
bb8e90ab36ef1417,2026-02-15 06:00:00+00:00,SYN,EUR,Monthly validation anchor,2,,,
a58cbb4c3dff0f02,2026-02-15 12:00:00+00:00,SYN,EUR,Monthly validation anchor,2,,,
317c55227398a355,2026-02-15 18:00:00+00:00,SYN,EUR,Monthly validation anchor,2,,,
c919f4c4a0c10137,2026-02-16 00:00:00+00:00,SYN,EUR,Monthly validation anchor,2,,,
313b85894cc84c85,2026-02-16 06:00:00+00:00,SYN,EUR,Monthly validation anchor,2,,,
5a659c3153ff3863,2026-02-16 12:00:00+00:00,SYN,EUR,Monthly validation anchor,2,,,
90de183b558f32c2,2026-02-16 18:00:00+00:00,SYN,EUR,Monthly validation anchor,2,,,
7ede875343c913ef,2026-02-17 00:00:00+00:00,SYN,EUR,Monthly validation anchor,2,,,
86bd934c61881a6d,2026-02-17 06:00:00+00:00,SYN,EUR,Monthly validation anchor,2,,,
2f6677776978e520,2026-02-17 12:00:00+00:00,SYN,EUR,Monthly validation anchor,2,,,
e25a583ff440e665,2026-02-17 18:00:00+00:00,SYN,EUR,Monthly validation anchor,2,,,
2cde025d134468ff,2026-02-18 00:00:00+00:00,SYN,EUR,Monthly validation anchor,2,,,
9d47f145e53d8c76,2026-02-18 06:00:00+00:00,SYN,EUR,Monthly validation anchor,2,,,
f1e694122eda344d,2026-02-18 12:00:00+00:00,SYN,EUR,Monthly validation anchor,2,,,
91260f860d9429d5,2026-02-18 18:00:00+00:00,SYN,EUR,Monthly validation anchor,2,,,
b324c30e8816d578,2026-02-19 00:00:00+00:00,SYN,EUR,Monthly validation anchor,2,,,
148b53665ce52743,2026-02-19 06:00:00+00:00,SYN,EUR,Monthly validation anchor,2,,,
756ed91cd511b56c,2026-02-19 12:00:00+00:00,SYN,EUR,Monthly validation anchor,2,,,
195902c487bca698,2026-02-19 18:00:00+00:00,SYN,EUR,Monthly validation anchor,2,,,
1a4464300d708ade,2026-02-20 00:00:00+00:00,SYN,EUR,Monthly validation anchor,2,,,
219ef5604f55987f,2026-02-20 06:00:00+00:00,SYN,EUR,Monthly validation anchor,2,,,
5ada28b9efea6662,2026-02-20 12:00:00+00:00,SYN,EUR,Monthly validation anchor,2,,,
16b7c1e23675715e,2026-02-20 18:00:00+00:00,SYN,EUR,Monthly validation anchor,2,,,
18995495af3aece4,2026-02-21 00:00:00+00:00,SYN,EUR,Monthly validation anchor,2,,,
3dab538755313fe3,2026-02-21 06:00:00+00:00,SYN,EUR,Monthly validation anchor,2,,,
8a397757b3a7c9cd,2026-02-21 12:00:00+00:00,SYN,EUR,Monthly validation anchor,2,,,
f416b47da4aefc66,2026-02-21 18:00:00+00:00,SYN,EUR,Monthly validation anchor,2,,,
0978640cca8f7725,2026-02-22 00:00:00+00:00,SYN,EUR,Monthly validation anchor,2,,,
7d9e65148efc30b3,2026-02-22 06:00:00+00:00,SYN,EUR,Monthly validation anchor,2,,,
adf5e119ac387ff4,2026-02-22 12:00:00+00:00,SYN,EUR,Monthly validation anchor,2,,,
360006bec8be534c,2026-02-22 18:00:00+00:00,SYN,EUR,Monthly validation anchor,2,,,
31d8ea11a24dd085,2026-02-23 00:00:00+00:00,SYN,EUR,Monthly validation anchor,2,,,
e5681f5df07336a1,2026-02-23 06:00:00+00:00,SYN,EUR,Monthly validation anchor,2,,,
38ceb650a5d90c58,2026-02-23 12:00:00+00:00,SYN,EUR,Monthly validation anchor,2,,,
ecefaa5ef62cf2f0,2026-02-23 18:00:00+00:00,SYN,EUR,Monthly validation anchor,2,,,
9396d6097e9ccdfe,2026-02-24 00:00:00+00:00,SYN,EUR,Monthly validation anchor,2,,,
13327d12bc1108c1,2026-02-24 06:00:00+00:00,SYN,EUR,Monthly validation anchor,2,,,
f30944511c183b96,2026-02-24 12:00:00+00:00,SYN,EUR,Monthly validation anchor,2,,,
4e1c61b1858a079a,2026-02-24 18:00:00+00:00,SYN,EUR,Monthly validation anchor,2,,,
ddb65cca449932c2,2026-02-25 00:00:00+00:00,SYN,EUR,Monthly validation anchor,2,,,
835d78914c86385b,2026-02-25 06:00:00+00:00,SYN,EUR,Monthly validation anchor,2,,,
04ade45c7752c720,2026-02-25 12:00:00+00:00,SYN,EUR,Monthly validation anchor,2,,,
d0011b76a5866db1,2026-02-25 18:00:00+00:00,SYN,EUR,Monthly validation anchor,2,,,
4bfce49561a542d6,2026-02-26 00:00:00+00:00,SYN,EUR,Monthly validation anchor,2,,,
8573d28be42f99da,2026-02-26 06:00:00+00:00,SYN,EUR,Monthly validation anchor,2,,,
37f25f07976d1d47,2026-02-26 12:00:00+00:00,SYN,EUR,Monthly validation anchor,2,,,
ecb67621b8e8b120,2026-02-26 18:00:00+00:00,SYN,EUR,Monthly validation anchor,2,,,
b2c555417885687f,2026-02-27 00:00:00+00:00,SYN,EUR,Monthly validation anchor,2,,,
7cd9ed81254793a9,2026-02-27 06:00:00+00:00,SYN,EUR,Monthly validation anchor,2,,,
17d6c864053ca3c7,2026-02-27 12:00:00+00:00,SYN,EUR,Monthly validation anchor,2,,,
e7b5d6c043035b60,2026-02-27 18:00:00+00:00,SYN,EUR,Monthly validation anchor,2,,,
75a1c71fec50cfda,2026-02-28 00:00:00+00:00,SYN,EUR,Monthly validation anchor,2,,,
08afbb96ab3709d9,2026-02-28 06:00:00+00:00,SYN,EUR,Monthly validation anchor,2,,,
b27fa46277d868d2,2026-02-28 12:00:00+00:00,SYN,EUR,Monthly validation anchor,2,,,
8fe425d80369dab9,2026-02-28 18:00:00+00:00,SYN,EUR,Monthly validation anchor,2,,,
17116b97557580c3,2026-03-01 00:00:00+00:00,SYN,EUR,Monthly validation anchor,2,,,
58abfecb52d8d17b,2026-03-01 06:00:00+00:00,SYN,EUR,Monthly validation anchor,2,,,
312e2fa0eee41b3d,2026-03-01 12:00:00+00:00,SYN,EUR,Monthly validation anchor,2,,,
167f423088fa873e,2026-03-01 18:00:00+00:00,SYN,EUR,Monthly validation anchor,2,,,
74123c45094cf6fa,2026-03-02 00:00:00+00:00,SYN,EUR,Monthly validation anchor,2,,,
f8c59bd1f7ecebc4,2026-03-02 06:00:00+00:00,SYN,EUR,Monthly validation anchor,2,,,
ac4293f54902c9cb,2026-03-02 12:00:00+00:00,SYN,EUR,Monthly validation anchor,2,,,
84eddb001546d880,2026-03-02 18:00:00+00:00,SYN,EUR,Monthly validation anchor,2,,,
a5fb0257a9e4ab45,2026-03-03 00:00:00+00:00,SYN,EUR,Monthly validation anchor,2,,,
cf4cee2e69d1966e,2026-03-03 06:00:00+00:00,SYN,EUR,Monthly validation anchor,2,,,
b5ce529ae1fc0a53,2026-03-03 12:00:00+00:00,SYN,EUR,Monthly validation anchor,2,,,
d3a9bde5057a547f,2026-03-03 18:00:00+00:00,SYN,EUR,Monthly validation anchor,2,,,
3cda9672952aa94d,2026-03-04 00:00:00+00:00,SYN,EUR,Monthly validation anchor,2,,,
12362fd50313d684,2026-03-04 06:00:00+00:00,SYN,EUR,Monthly validation anchor,2,,,
9a1d3338a851845f,2026-03-04 12:00:00+00:00,SYN,EUR,Monthly validation anchor,2,,,
11b6b47f809179ea,2026-03-04 18:00:00+00:00,SYN,EUR,Monthly validation anchor,2,,,
5717238a616bdc7a,2026-03-05 00:00:00+00:00,SYN,EUR,Monthly validation anchor,2,,,
8beaedfdbfb69161,2026-03-05 06:00:00+00:00,SYN,EUR,Monthly validation anchor,2,,,
3998c980c9ad770e,2026-03-05 12:00:00+00:00,SYN,EUR,Monthly validation anchor,2,,,
641b4fe721071345,2026-03-05 18:00:00+00:00,SYN,EUR,Monthly validation anchor,2,,,
ed652fbfb1d3bd7a,2026-03-06 00:00:00+00:00,SYN,EUR,Monthly validation anchor,2,,,
e073a149b41d561a,2026-03-06 06:00:00+00:00,SYN,EUR,Monthly validation anchor,2,,,
522eb6737f543216,2026-03-06 12:00:00+00:00,SYN,EUR,Monthly validation anchor,2,,,
7aedc09865a5746c,2026-03-06 18:00:00+00:00,SYN,EUR,Monthly validation anchor,2,,,
b9c7f840e096fe23,2026-03-07 00:00:00+00:00,SYN,EUR,Monthly validation anchor,2,,,
74145b1ff4185843,2026-03-07 06:00:00+00:00,SYN,EUR,Monthly validation anchor,2,,,
8e1544b702a8b7a0,2026-03-07 12:00:00+00:00,SYN,EUR,Monthly validation anchor,2,,,
36d6c6f62069e7ab,2026-03-07 18:00:00+00:00,SYN,EUR,Monthly validation anchor,2,,,
de97ad42767ebeb2,2026-03-08 00:00:00+00:00,SYN,EUR,Monthly validation anchor,2,,,
5ed8d3504d84aef5,2026-03-08 06:00:00+00:00,SYN,EUR,Monthly validation anchor,2,,,
80f9c9b394f8a8e4,2026-03-08 12:00:00+00:00,SYN,EUR,Monthly validation anchor,2,,,
86dac5ce5bc68fe6,2026-03-08 18:00:00+00:00,SYN,EUR,Monthly validation anchor,2,,,
7cba89388cd4fe31,2026-03-09 00:00:00+00:00,SYN,EUR,Monthly validation anchor,2,,,
511a6afb4053a0ac,2026-03-09 06:00:00+00:00,SYN,EUR,Monthly validation anchor,2,,,
2f527b29168fdde1,2026-03-09 12:00:00+00:00,SYN,EUR,Monthly validation anchor,2,,,
7dd53be866a6a830,2026-03-09 18:00:00+00:00,SYN,EUR,Monthly validation anchor,2,,,
e71b68f429a76ef8,2026-03-10 00:00:00+00:00,SYN,EUR,Monthly validation anchor,2,,,
7de584d69ae07f1d,2026-03-10 06:00:00+00:00,SYN,EUR,Monthly validation anchor,2,,,
075cd9ebab194432,2026-03-10 12:00:00+00:00,SYN,EUR,Monthly validation anchor,2,,,
3621ec5f39fbb2bc,2026-03-10 18:00:00+00:00,SYN,EUR,Monthly validation anchor,2,,,
6be0521c5b0d3251,2026-03-11 00:00:00+00:00,SYN,EUR,Monthly validation anchor,2,,,
a60664373bbf572c,2026-03-11 06:00:00+00:00,SYN,EUR,Monthly validation anchor,2,,,
8911796b0bb81fb2,2026-03-11 12:00:00+00:00,SYN,EUR,Monthly validation anchor,2,,,
058892dc377b6230,2026-03-11 18:00:00+00:00,SYN,EUR,Monthly validation anchor,2,,,
97aad7eeb6fc3496,2026-03-12 00:00:00+00:00,SYN,EUR,Monthly validation anchor,2,,,
5a27c3a34e99c8c9,2026-03-12 06:00:00+00:00,SYN,EUR,Monthly validation anchor,2,,,
b46edbe8f88c61c9,2026-03-12 12:00:00+00:00,SYN,EUR,Monthly validation anchor,2,,,
24ad5e0f75f10b57,2026-03-12 18:00:00+00:00,SYN,EUR,Monthly validation anchor,2,,,
8c7ba0d01c318889,2026-03-13 00:00:00+00:00,SYN,EUR,Monthly validation anchor,2,,,
82565bd7cd95bb5c,2026-03-13 06:00:00+00:00,SYN,EUR,Monthly validation anchor,2,,,
4a315209a4856215,2026-03-13 12:00:00+00:00,SYN,EUR,Monthly validation anchor,2,,,
09e51deea645e400,2026-03-13 18:00:00+00:00,SYN,EUR,Monthly validation anchor,2,,,
16b8f5849068f5fb,2026-03-14 00:00:00+00:00,SYN,EUR,Monthly validation anchor,2,,,
849c0e5beb5737eb,2026-03-14 06:00:00+00:00,SYN,EUR,Monthly validation anchor,2,,,
a0e02e82a56a7920,2026-03-14 12:00:00+00:00,SYN,EUR,Monthly validation anchor,2,,,
f23fe68f3f220f3a,2026-03-14 18:00:00+00:00,SYN,EUR,Monthly validation anchor,2,,,
9422a768a3f97f97,2026-03-15 00:00:00+00:00,SYN,EUR,Monthly validation anchor,2,,,
775bf9f48c2d80c7,2026-03-15 06:00:00+00:00,SYN,EUR,Monthly validation anchor,2,,,
b1f34adbfc82326f,2026-03-15 12:00:00+00:00,SYN,EUR,Monthly validation anchor,2,,,
d1273896353afaf3,2026-03-15 18:00:00+00:00,SYN,EUR,Monthly validation anchor,2,,,
e74c23d7d42a91a5,2026-03-16 00:00:00+00:00,SYN,EUR,Monthly validation anchor,2,,,
7d8ee63f886e1180,2026-03-16 06:00:00+00:00,SYN,EUR,Monthly validation anchor,2,,,
8efaa5920f38ece2,2026-03-16 12:00:00+00:00,SYN,EUR,Monthly validation anchor,2,,,
3140f4a4168f1dc2,2026-03-16 18:00:00+00:00,SYN,EUR,Monthly validation anchor,2,,,
6f95ebd6ddac0e04,2026-03-17 00:00:00+00:00,SYN,EUR,Monthly validation anchor,2,,,
1b533c3db848ae60,2026-03-17 06:00:00+00:00,SYN,EUR,Monthly validation anchor,2,,,
e7289e74ec8a40d3,2026-03-17 12:00:00+00:00,SYN,EUR,Monthly validation anchor,2,,,
b169e638c5bb2640,2026-03-17 18:00:00+00:00,SYN,EUR,Monthly validation anchor,2,,,
9791cb0bdb17d677,2026-03-18 00:00:00+00:00,SYN,EUR,Monthly validation anchor,2,,,
4b0c30dcd0922542,2026-03-18 06:00:00+00:00,SYN,EUR,Monthly validation anchor,2,,,
d14a4fb03a058f83,2026-03-18 12:00:00+00:00,SYN,EUR,Monthly validation anchor,2,,,
c13bb35e65e8ad07,2026-03-18 18:00:00+00:00,SYN,EUR,Monthly validation anchor,2,,,
bb798cf03c4ba816,2026-03-19 00:00:00+00:00,SYN,EUR,Monthly validation anchor,2,,,
0dab2395110902c4,2026-03-19 06:00:00+00:00,SYN,EUR,Monthly validation anchor,2,,,
b1c89e8356483b61,2026-03-19 12:00:00+00:00,SYN,EUR,Monthly validation anchor,2,,,
f26105ad20988464,2026-03-19 18:00:00+00:00,SYN,EUR,Monthly validation anchor,2,,,
65e5283e7bdded88,2026-03-20 00:00:00+00:00,SYN,EUR,Monthly validation anchor,2,,,
d490e1109418c711,2026-03-20 06:00:00+00:00,SYN,EUR,Monthly validation anchor,2,,,
bb6f8fe8884db62f,2026-03-20 12:00:00+00:00,SYN,EUR,Monthly validation anchor,2,,,
667484de24979498,2026-03-20 18:00:00+00:00,SYN,EUR,Monthly validation anchor,2,,,
d5ba75131559bd8c,2026-03-21 00:00:00+00:00,SYN,EUR,Monthly validation anchor,2,,,
ec8fbf876d1fae73,2026-03-21 06:00:00+00:00,SYN,EUR,Monthly validation anchor,2,,,
923dc836717e89a8,2026-03-21 12:00:00+00:00,SYN,EUR,Monthly validation anchor,2,,,
f624e2a9abebc7ae,2026-03-21 18:00:00+00:00,SYN,EUR,Monthly validation anchor,2,,,
8c2a5967446de8b3,2026-03-22 00:00:00+00:00,SYN,EUR,Monthly validation anchor,2,,,
42d4b8e1b12749e4,2026-03-22 06:00:00+00:00,SYN,EUR,Monthly validation anchor,2,,,
2f829617e96c41fd,2026-03-22 12:00:00+00:00,SYN,EUR,Monthly validation anchor,2,,,
519ee6d6daa3b70f,2026-03-22 18:00:00+00:00,SYN,EUR,Monthly validation anchor,2,,,
f59301da8d5de518,2026-03-23 00:00:00+00:00,SYN,EUR,Monthly validation anchor,2,,,
eb2866f040907313,2026-03-23 06:00:00+00:00,SYN,EUR,Monthly validation anchor,2,,,
ceac366565c812a3,2026-03-23 12:00:00+00:00,SYN,EUR,Monthly validation anchor,2,,,
b828f212585b6922,2026-03-23 18:00:00+00:00,SYN,EUR,Monthly validation anchor,2,,,
f4f0a40424620738,2026-03-24 00:00:00+00:00,SYN,EUR,Monthly validation anchor,2,,,
594b13c71b390ff0,2026-03-24 06:00:00+00:00,SYN,EUR,Monthly validation anchor,2,,,
4f1b3b994bb6830e,2026-03-24 12:00:00+00:00,SYN,EUR,Monthly validation anchor,2,,,
1429fed0c2f2d69d,2026-03-24 18:00:00+00:00,SYN,EUR,Monthly validation anchor,2,,,
7b687db3a0609c7e,2026-03-25 00:00:00+00:00,SYN,EUR,Monthly validation anchor,2,,,
e5e45dcbb73abfaf,2026-03-25 06:00:00+00:00,SYN,EUR,Monthly validation anchor,2,,,
c4214192037f4703,2026-03-25 12:00:00+00:00,SYN,EUR,Monthly validation anchor,2,,,
8928d29488b0bc71,2026-03-25 18:00:00+00:00,SYN,EUR,Monthly validation anchor,2,,,
903f5333b9f36bba,2026-03-26 00:00:00+00:00,SYN,EUR,Monthly validation anchor,2,,,
7dbfbb00cb3605b4,2026-03-26 06:00:00+00:00,SYN,EUR,Monthly validation anchor,2,,,
74532178b2e6668c,2026-03-26 12:00:00+00:00,SYN,EUR,Monthly validation anchor,2,,,
81adb5881783d6c3,2026-03-26 18:00:00+00:00,SYN,EUR,Monthly validation anchor,2,,,
d42335eabe2f8b97,2026-03-27 00:00:00+00:00,SYN,EUR,Monthly validation anchor,2,,,
148e2418319e872c,2026-03-27 06:00:00+00:00,SYN,EUR,Monthly validation anchor,2,,,
d362d1e490950c49,2026-03-27 12:00:00+00:00,SYN,EUR,Monthly validation anchor,2,,,
a0b0e9c130ff4165,2026-03-27 18:00:00+00:00,SYN,EUR,Monthly validation anchor,2,,,
545ff197009fe631,2026-03-28 00:00:00+00:00,SYN,EUR,Monthly validation anchor,2,,,
9ec020ab239ab67a,2026-03-28 06:00:00+00:00,SYN,EUR,Monthly validation anchor,2,,,
6f488a2525c3f707,2026-03-28 12:00:00+00:00,SYN,EUR,Monthly validation anchor,2,,,
ee7106d5ea3553fe,2026-03-28 18:00:00+00:00,SYN,EUR,Monthly validation anchor,2,,,
9a6c14c01ff2a804,2026-03-29 00:00:00+00:00,SYN,EUR,Monthly validation anchor,2,,,
0e69036ad3e68bb3,2026-03-29 06:00:00+00:00,SYN,EUR,Monthly validation anchor,2,,,
c52658e211deae4a,2026-03-29 12:00:00+00:00,SYN,EUR,Monthly validation anchor,2,,,
ff8b0f9ad5788ae9,2026-03-29 18:00:00+00:00,SYN,EUR,Monthly validation anchor,2,,,
1d341d1f31661373,2026-03-30 00:00:00+00:00,SYN,EUR,Monthly validation anchor,2,,,
0db4ef523286de47,2026-03-30 06:00:00+00:00,SYN,EUR,Monthly validation anchor,2,,,
0e752567e97ff12c,2026-03-30 12:00:00+00:00,SYN,EUR,Monthly validation anchor,2,,,
4fea5d76288851e3,2026-03-30 18:00:00+00:00,SYN,EUR,Monthly validation anchor,2,,,
eb3d4e5718e4408e,2026-03-31 00:00:00+00:00,SYN,EUR,Monthly validation anchor,2,,,
c30ccc827d154886,2026-03-31 06:00:00+00:00,SYN,EUR,Monthly validation anchor,2,,,
485d37f0d1c31d61,2026-03-31 12:00:00+00:00,SYN,EUR,Monthly validation anchor,2,,,
a930b08e87f1cc1b,2026-03-31 18:00:00+00:00,SYN,EUR,Monthly validation anchor,2,,,
434eb06a2091c196,2026-04-01 00:00:00+00:00,SYN,EUR,Monthly validation anchor,2,,,
0b093bcc16fe7dd1,2026-04-01 06:00:00+00:00,SYN,EUR,Monthly validation anchor,2,,,
bcea0fcb833cfe07,2026-04-01 12:00:00+00:00,SYN,EUR,Monthly validation anchor,2,,,
8d0389ae724aa7bf,2026-04-01 18:00:00+00:00,SYN,EUR,Monthly validation anchor,2,,,
a0e0f959a2f5ec89,2026-04-02 00:00:00+00:00,SYN,EUR,Monthly validation anchor,2,,,
fea3ca238d4e7fbe,2026-04-02 06:00:00+00:00,SYN,EUR,Monthly validation anchor,2,,,
198dfaa1b9546311,2026-04-02 12:00:00+00:00,SYN,EUR,Monthly validation anchor,2,,,
bb51fd3d40389445,2026-04-02 18:00:00+00:00,SYN,EUR,Monthly validation anchor,2,,,
591e3793cde398c2,2026-04-03 00:00:00+00:00,SYN,EUR,Monthly validation anchor,2,,,
7043f430ea66da88,2026-04-03 05:00:00+00:00,US,USD,Total Vehicle Sales MAR,2,,,
71392231940379f1,2026-04-03 05:01:00+00:00,IE,EUR,Construction PMI MAR,2,49.8,52.1,
747d24df58868de2,2026-04-03 05:01:00+00:00,IE,EUR,AIB Services PMI MAR,2,51.5,51.8,
0b51e54208c5e836,2026-04-03 06:00:00+00:00,SYN,EUR,Monthly validation anchor,2,,,
051a000fbbb50f3b,2026-04-03 09:30:00+00:00,NL,EUR,Inflation Rate MoM MAR,2,,,
68a9efb491c7c4c2,2026-04-03 09:30:00+00:00,NL,EUR,Balance of Trade FEB,2,,,
d92b39efa792106e,2026-04-03 09:30:00+00:00,NL,EUR,Manufacturing Production MoM FEB,2,,,
7ce55555b5138579,2026-04-03 09:30:00+00:00,NL,EUR,Inflation Rate YoY Final MAR,2,,,
65121f036c286342,2026-04-03 09:30:00+00:00,NL,EUR,Household Consumption YoY FEB,2,,,
1eef6c70888b1380,2026-04-03 10:00:00+00:00,FI,EUR,Current Account FEB,2,,,
d33231fa0b25066b,2026-04-03 10:00:00+00:00,FI,EUR,Industrial Production YoY FEB,2,,,
288106d4015e5ca7,2026-04-03 11:00:00+00:00,DE,EUR,Factory Orders MoM FEB,2,,,
0bbdcecd224fda49,2026-04-03 11:00:00+00:00,DE,EUR,Inflation Rate MoM Final MAR,2,,,
d4dd6b8bca654388,2026-04-03 11:00:00+00:00,DE,EUR,Industrial Production MoM FEB,2,,,
fa9573df38195555,2026-04-03 11:00:00+00:00,DE,EUR,Inflation Rate YoY Final MAR,2,,,
a964f356df26707d,2026-04-03 11:00:00+00:00,DE,EUR,Balance of Trade FEB,2,,,
6ec787b9d3ceca30,2026-04-03 11:00:00+00:00,DE,EUR,Exports MoM FEB,2,,,
cf45250921a0ff9d,2026-04-03 11:00:00+00:00,DE,EUR,Imports MoM FEB,2,,,
589e20ae04ab3f35,2026-04-03 11:00:00+00:00,DE,EUR,Harmonised Inflation Rate YoY Final MAR,2,,,
4b66dc3231728efb,2026-04-03 11:00:00+00:00,DE,EUR,Harmonised Inflation Rate MoM Final MAR,2,,,
b91ed742cf121f20,2026-04-03 11:45:00+00:00,FR,EUR,Current Account FEB,2,,,
3afb62472d23088c,2026-04-03 11:45:00+00:00,FR,EUR,Balance of Trade FEB,2,,,
b2d3fbef0efa605c,2026-04-03 11:45:00+00:00,FR,EUR,Foreign Exchange Reserves MAR,2,,,
2db4741f720b1ba3,2026-04-03 11:45:00+00:00,FR,EUR,Exports FEB,2,,,
631025882c82cb25,2026-04-03 11:45:00+00:00,FR,EUR,Imports FEB,2,,,
a27ba639dacb347d,2026-04-03 11:45:00+00:00,FR,EUR,Industrial Production MoM FEB,2,,,
c575631ff0c4b742,2026-04-03 12:00:00+00:00,SYN,EUR,Monthly validation anchor,2,,,
427fdd3845fc66dd,2026-04-03 12:00:00+00:00,AT,EUR,Balance of Trade JAN,2,,,
70e0ef2d2502ecd1,2026-04-03 12:00:00+00:00,ES,EUR,Industrial Production YoY FEB,2,,,
c6edd8594e245558,2026-04-03 12:00:00+00:00,AT,EUR,Wholesale Prices YoY MAR,2,,,
506b2af7734037f5,2026-04-03 12:00:00+00:00,ES,EUR,Unemployment Change MAR,2,,,
37e5f642811c1dc6,2026-04-03 12:00:00+00:00,AT,EUR,Wholesale Prices MoM MAR,2,,,
2a34f8768510bf31,2026-04-03 12:15:00+00:00,ES,EUR,S&P Global Services PMI MAR,2,51.5,51.9,
efa53d89ec85123b,2026-04-03 12:15:00+00:00,ES,EUR,S&P Global Composite PMI MAR,2,51.3,51.5,
e821c4c3789e08db,2026-04-03 12:30:00+00:00,FR,EUR,HCOB Construction PMI MAR,2,45.0,43.9,
9218e434171bedea,2026-04-03 12:45:00+00:00,IT,EUR,S&P Global Composite PMI MAR,2,51.5,52.1,
0e4c8b34f419597b,2026-04-03 12:45:00+00:00,IT,EUR,S&P Global Services PMI MAR,2,51.4,52.3,
3d2ed057d4bcdb3e,2026-04-03 12:50:00+00:00,FR,EUR,S&P Global Composite PMI Final MAR,2,48.3,49.9,
5139fc45a8e34779,2026-04-03 12:50:00+00:00,FR,EUR,S&P Global Services PMI Final MAR,2,48.3,49.6,
5c3103ccf1ee8598,2026-04-03 12:55:00+00:00,DE,EUR,S&P Global Composite PMI Final MAR,2,51.9,53.2,
b6a29cb58789af8f,2026-04-03 12:55:00+00:00,DE,EUR,S&P Global Services PMI Final MAR,2,51.2,53.5,
6abbc7cfa923b50a,2026-04-03 13:00:00+00:00,IT,EUR,Industrial Production MoM FEB,2,,,
2fb81c56a340323d,2026-04-03 13:00:00+00:00,IT,EUR,Industrial Production YoY FEB,2,,,
71d6e0019d01cfb5,2026-04-03 13:40:00+00:00,ES,EUR,10-Year Index-Linked Obligacion Auction,2,,,
673f49bc190cff5d,2026-04-03 13:40:00+00:00,ES,EUR,10-Year Obligacion Auction,2,,,
6fc540282a03b699,2026-04-03 13:40:00+00:00,ES,EUR,6-Month Letras Auction,2,,,
c9cf4baf84ebc0e4,2026-04-03 13:40:00+00:00,ES,EUR,3-Year Bonos Auction,2,,,
8a68efab6ed69368,2026-04-03 13:40:00+00:00,ES,EUR,12-Month Letras Auction,2,,,
9077dd705c8afb2e,2026-04-03 13:40:00+00:00,ES,EUR,5-Year Bonos Auction,2,,,
d05623be6d9404cb,2026-04-03 14:00:00+00:00,AT,EUR,RAGB 2023-2030/4 Auction,2,,,
be94fd2b0e6ef4b4,2026-04-03 14:00:00+00:00,GR,EUR,Industrial Production YoY FEB,2,,,
a7b7b9bf0c115aa7,2026-04-03 14:00:00+00:00,GR,EUR,Balance of Trade FEB,2,,,
b7cda0d59103b68b,2026-04-03 14:00:00+00:00,AT,EUR,RAGB 2026-2036/1 Auction,2,,,
2cefba379bbef2bf,2026-04-03 14:10:00+00:00,IT,EUR,12-Month BOT Auction,2,,,
a0a1925747f9a215,2026-04-03 14:10:00+00:00,IT,EUR,BTP Auction,2,,,
471c5b80b1649f8a,2026-04-03 14:15:00+00:00,GR,EUR,13-Week Bill Auction,2,,,
21da6ec60bf1e0c6,2026-04-03 14:30:00+00:00,DE,EUR,10-Year Bund/g Auction,2,,,
6f6c2d0db255f1c8,2026-04-03 14:30:00+00:00,DE,EUR,30-Year Bund/g Auction,2,,,
75e6cc41e2151b2e,2026-04-03 14:30:00+00:00,DE,EUR,12-Month Bubill Auction,2,,,
c6deb1e513f8f8a4,2026-04-03 14:30:00+00:00,DE,EUR,10-Year Bund Auction,2,,,
0cbc30a575a593dd,2026-04-03 15:00:00+00:00,IE,EUR,Inflation Rate YoY MAR,2,,,
7bf031b6970f8484,2026-04-03 15:00:00+00:00,IE,EUR,Harmonised Inflation Rate MoM Final MAR,2,,,
815299549e1124fb,2026-04-03 15:00:00+00:00,US,USD,LMI Logistics Managers Index MAR,2,,61.5,
f0a85c84e302fe16,2026-04-03 15:00:00+00:00,IE,EUR,Harmonised Inflation Rate YoY Final MAR,2,,,
7f8488cbebd482d1,2026-04-03 15:00:00+00:00,DE,EUR,New Car Registrations YoY MAR,2,,,
b12e4b7bb7ebbf9d,2026-04-03 15:00:00+00:00,PT,EUR,Inflation Rate MoM Final MAR,2,,,
66cb2522a49ce5b8,2026-04-03 15:00:00+00:00,PT,EUR,Inflation Rate YoY Final MAR,2,,,
2bf4c0b3e46fb0f2,2026-04-03 15:00:00+00:00,PT,EUR,Balance of Trade FEB,2,,,
c0c7dcfbd874bf6a,2026-04-03 15:00:00+00:00,IE,EUR,Inflation Rate MoM MAR,2,,,
e88023c588553538,2026-04-03 15:00:00+00:00,BE,EUR,Short TC Auction,2,,,
9d4ddf2ce7e50d08,2026-04-03 15:10:00+00:00,EU,EUR,3-Month Bill Auction,2,,,
78a2977a1880ffd5,2026-04-03 15:10:00+00:00,EU,EUR,6-Month Bill Auction,2,,,
67a970f47ffc5650,2026-04-03 15:10:00+00:00,EU,EUR,12-Month Bill Auction,2,,,
2ceeb7d6d3c61228,2026-04-03 16:00:00+00:00,US,USD,MBA Mortgage Refinance Index APR/03,2,,946.4,
6dfc3c2a1d1bbf23,2026-04-03 16:00:00+00:00,US,USD,MBA Mortgage Market Index APR/03,2,,278.3,
f311c85e44171110,2026-04-03 16:00:00+00:00,US,USD,MBA 30-Year Mortgage Rate APR/03,2,,,
bd2b7a775f9d8826,2026-04-03 16:00:00+00:00,BE,EUR,Long TC Auction,2,,,
7a4081d069b9f8ed,2026-04-03 16:00:00+00:00,US,USD,MBA Mortgage Applications APR/03,2,,,
aed32cc732e033b2,2026-04-03 16:00:00+00:00,US,USD,MBA Purchase Index APR/03,2,,159.4,
b9e9bce920a179b1,2026-04-03 17:15:00+00:00,US,USD,ADP Employment Change Weekly,2,,,
62bb6ea04a83ac45,2026-04-03 17:30:00+00:00,US,USD,Participation Rate MAR,2,,,
93d30591ff055538,2026-04-03 17:30:00+00:00,US,USD,Initial Jobless Claims APR/04,2,,,
54f429b3cfc5f14f,2026-04-03 17:30:00+00:00,US,USD,Core PCE Price Index YoY FEB,2,,,
2f72edf6a15cb2bb,2026-04-03 17:30:00+00:00,US,USD,Unemployment Rate MAR,2,,,
9455923054e4c4d4,2026-04-03 17:30:00+00:00,US,USD,Non Farm Payrolls MAR,2,,,
d2156a7066eab6af,2026-04-03 17:30:00+00:00,US,USD,GDP Price Index QoQ Final Q4,2,,,
3fa991706a673337,2026-04-03 17:30:00+00:00,US,USD,Jobless Claims 4-week Average APR/04,2,,,
30648f5e46c4d3b5,2026-04-03 17:30:00+00:00,US,USD,Core PCE Price Index MoM FEB,2,,,
fc757d4eba72f23c,2026-04-03 17:30:00+00:00,US,USD,Continuing Jobless Claims MAR/28,2,,,
61a228699b20e4ba,2026-04-03 17:30:00+00:00,US,USD,CPI s.a MAR,2,330.1,327.46,
af5cf8d8c6fd28ef,2026-04-03 17:30:00+00:00,US,USD,Corporate Profits QoQ Q4,2,,,
777074ff3373b1fa,2026-04-03 17:30:00+00:00,US,USD,Personal Spending MoM FEB,2,,,
8b33f5242c9c6260,2026-04-03 17:30:00+00:00,US,USD,Durable Goods Orders Ex Transp MoM FEB,2,,,
5da666bec78122ff,2026-04-03 17:30:00+00:00,US,USD,Average Weekly Hours MAR,2,34.3,34.3,34.2
dc94292c688f4aa2,2026-04-03 17:30:00+00:00,US,USD,Real Personal Spending MoM FEB,2,,,
6033b2b1a4c7f57d,2026-04-03 17:30:00+00:00,US,USD,CPI MAR,2,329.7,326.79,
c05729818a717856,2026-04-03 17:30:00+00:00,US,USD,Core PCE Prices QoQ Final Q4,2,,,
adc527a9ebb4b411,2026-04-03 17:30:00+00:00,US,USD,U-6 Unemployment Rate MAR,2,,,
da0f24563a62010d,2026-04-03 17:30:00+00:00,US,USD,Manufacturing Payrolls MAR,2,,,
356d103f31b4d3e4,2026-04-03 17:30:00+00:00,US,USD,Real Consumer Spending QoQ Final Q4,2,,,
1556b4684ebd62c2,2026-04-03 17:30:00+00:00,US,USD,Core Inflation Rate MoM MAR,2,,,
59f5661702d57d72,2026-04-03 17:30:00+00:00,US,USD,Average Hourly Earnings MoM MAR,2,,,
f889e354038228ab,2026-04-03 17:30:00+00:00,US,USD,Durable Goods Orders ex Defense MoM FEB,2,,,
86a7f216dd054ef1,2026-04-03 17:30:00+00:00,US,USD,GDP Growth Rate QoQ Final Q4,2,,,
43d7258522ac56fd,2026-04-03 17:30:00+00:00,US,USD,PCE Price Index YoY FEB,2,,,
9b6981ae12cdcac1,2026-04-03 17:30:00+00:00,US,USD,Nonfarm Payrolls Private MAR,2,,,
34fb836d398af0c6,2026-04-03 17:30:00+00:00,US,USD,Average Hourly Earnings YoY MAR,2,,,
a497c16a7bd3b88c,2026-04-03 17:30:00+00:00,US,USD,PCE Prices QoQ Final Q4,2,,,
5065acb701cbb993,2026-04-03 17:30:00+00:00,US,USD,Non Defense Goods Orders Ex Air FEB,2,,,
815b376d179729d3,2026-04-03 17:30:00+00:00,US,USD,Durable Goods Orders MoM FEB,2,,,
acb79969ad46cb07,2026-04-03 17:30:00+00:00,US,USD,Inflation Rate MoM MAR,2,,,
4d5ccbc47217f6a2,2026-04-03 17:30:00+00:00,US,USD,Government Payrolls MAR,2,,,
5dce9cf45097a8b3,2026-04-03 17:30:00+00:00,US,USD,Core Inflation Rate YoY MAR,2,,,
18246beb30b799a1,2026-04-03 17:30:00+00:00,US,USD,PCE Price Index MoM FEB,2,,,
e0b8593a0713a681,2026-04-03 17:30:00+00:00,US,USD,Personal Income MoM FEB,2,,,
4eb1452f92c53687,2026-04-03 17:30:00+00:00,US,USD,Inflation Rate YoY MAR,2,,,
4a86b4bac63bcbab,2026-04-03 17:30:00+00:00,US,USD,GDP Sales QoQ Final Q4,2,,,
edc3944e8e63b636,2026-04-03 17:45:00+00:00,DE,EUR,Current Account FEB,2,,,
9f135754c83aa1e2,2026-04-03 17:55:00+00:00,US,USD,Redbook YoY APR/04,2,,,
1ad6ee0868b337ba,2026-04-03 18:00:00+00:00,FR,EUR,3-Month BTF Auction,2,,,
326027eb3cbe931b,2026-04-03 18:00:00+00:00,FR,EUR,12-Month BTF Auction,2,,,
01e7c33cfa80b207,2026-04-03 18:00:00+00:00,FR,EUR,6-Month BTF Auction,2,,,
5a478fc5c45c39d9,2026-04-03 18:00:00+00:00,US,USD,Used Car Prices YoY MAR,2,,,
e5b90a118cfa8580,2026-04-03 18:00:00+00:00,US,USD,Used Car Prices MoM MAR,2,,,
efd1c2e5d66dec2a,2026-04-03 18:20:00+00:00,US,USD,NY Fed Bill Purchases 1 to 4 months,2,,,
bb838db9a4967dbf,2026-04-03 18:45:00+00:00,US,USD,S&P Global Composite PMI Final MAR,2,51.4,51.9,50.3
1bfa4eba30c50dc9,2026-04-03 18:45:00+00:00,US,USD,S&P Global Services PMI Final MAR,2,51.1,51.7,49.8
567eb5558d4409e6,2026-04-03 19:00:00+00:00,US,USD,ISM Services PMI MAR,2,54.0,56.1,
9ddc47d763986998,2026-04-03 19:00:00+00:00,US,USD,Michigan 5 Year Inflation Expectations Prel APR,2,,,
f039857ed1c327c0,2026-04-03 19:00:00+00:00,US,USD,Factory Orders ex Transportation FEB,2,,,
1c171296c94e8517,2026-04-03 19:00:00+00:00,US,USD,Michigan Consumer Expectations Prel APR,2,51.0,51.7,
8bc8c08871b2f84c,2026-04-03 19:00:00+00:00,US,USD,Factory Orders MoM FEB,2,,,
7096f394774075d3,2026-04-03 19:00:00+00:00,US,USD,ISM Services Business Activity MAR,2,58.0,59.9,
f2d308b759e65f83,2026-04-03 19:00:00+00:00,US,USD,Michigan Current Conditions Prel APR,2,55.0,55.8,
e09544fb9b9f187e,2026-04-03 19:00:00+00:00,US,USD,Michigan Inflation Expectations Prel APR,2,,,
b2ee14862215425d,2026-04-03 19:00:00+00:00,US,USD,ISM Services Prices MAR,2,70.0,63.0,
744914ccd116fddf,2026-04-03 19:00:00+00:00,US,USD,Existing Home Sales MAR,2,,,
4d55c298687081dd,2026-04-03 19:00:00+00:00,US,USD,ISM Services New Orders MAR,2,57.6,58.6,
735511ce9d96061b,2026-04-03 19:00:00+00:00,US,USD,Wholesale Inventories MoM FEB,2,,,
3cd5c1b1d255bc55,2026-04-03 19:00:00+00:00,US,USD,ISM Services Employment MAR,2,51.7,51.8,
8dfd517e7f3a9f45,2026-04-03 19:00:00+00:00,US,USD,Existing Home Sales MoM MAR,2,,,
e713d4857d0d2141,2026-04-03 19:00:00+00:00,US,USD,Michigan Consumer Sentiment Prel APR,2,52.9,53.3,
a0bbcb9871dcec17,2026-04-03 19:10:00+00:00,US,USD,RCM/TIPP Economic Optimism Index APR,2,47.0,47.5,
eb09c2b09775d263,2026-04-03 19:30:00+00:00,US,USD,EIA Crude Oil Stocks Change APR/03,2,,,
32540efca8f92ea4,2026-04-03 19:30:00+00:00,US,USD,EIA Gasoline Stocks Change APR/03,2,,,
b00381520f46d424,2026-04-03 19:30:00+00:00,US,USD,EIA Cushing Crude Oil Stocks Change APR/03,2,,,
168491a84680335d,2026-04-03 19:30:00+00:00,US,USD,EIA Natural Gas Stocks Change APR/03,2,,,
12a6fbcaa5b13f4a,2026-04-03 19:30:00+00:00,US,USD,EIA Distillate Fuel Production Change APR/03,2,,,
c5e5af7ca50fd9f0,2026-04-03 19:30:00+00:00,US,USD,EIA Gasoline Production Change APR/03,2,,,
da94cde5d2f2a7df,2026-04-03 19:30:00+00:00,US,USD,EIA Crude Oil Imports Change APR/03,2,,,
639da2df33a92520,2026-04-03 19:30:00+00:00,US,USD,EIA Refinery Crude Runs Change APR/03,2,,,
d806a2bca89a397d,2026-04-03 19:30:00+00:00,US,USD,EIA Distillate Stocks Change APR/03,2,,,
8bcacec676e02920,2026-04-03 19:30:00+00:00,US,USD,EIA Heating Oil Stocks Change APR/03,2,,,
69d2ce1c62e5bde8,2026-04-03 20:00:00+00:00,US,USD,Consumer Inflation Expectations MAR,2,,,
73f237a566bdf44c,2026-04-03 20:30:00+00:00,US,USD,4-Week Bill Auction,2,,,
335f5e3aacd0bcde,2026-04-03 20:30:00+00:00,US,USD,3-Month Bill Auction,2,,,
72dda87bce14eaa9,2026-04-03 20:30:00+00:00,US,USD,6-Month Bill Auction,2,,,
e931e34d664c0c1f,2026-04-03 20:30:00+00:00,US,USD,17-Week Bill Auction,2,,,
dfd01fdf13c8f55a,2026-04-03 20:30:00+00:00,US,USD,8-Week Bill Auction,2,,,
eb69afd0165e322a,2026-04-03 21:00:00+00:00,US,USD,15-Year Mortgage Rate APR/09,2,,,
9962fc53e4368b5e,2026-04-03 21:00:00+00:00,US,USD,WASDE Report,2,,,
ca6dd7d185fe3831,2026-04-03 21:00:00+00:00,US,USD,30-Year Mortgage Rate APR/09,2,,,
66ac1c89ee5fb1aa,2026-04-03 21:35:00+00:00,US,USD,Fed Goolsbee Speech,2,,,
21c2b5f4eaaf7327,2026-04-03 22:00:00+00:00,US,USD,30-Year Bond Auction,2,,,
29799666c31f87ab,2026-04-03 22:00:00+00:00,US,USD,3-Year Note Auction,2,,,
e6031d594634a85e,2026-04-03 22:00:00+00:00,US,USD,Baker Hughes Total Rigs Count APR/10,2,,548.0,
a625444eb93b26b1,2026-04-03 22:00:00+00:00,US,USD,Baker Hughes Oil Rig Count APR/10,2,,411.0,
d9f728d887971e44,2026-04-03 22:00:00+00:00,US,USD,10-Year Note Auction,2,,,
cedac240b586bf4e,2026-04-03 23:00:00+00:00,US,USD,FOMC Minutes,2,,,
78a8dcb1248a3b57,2026-04-03 23:00:00+00:00,US,USD,Monthly Budget Statement MAR,2,,,
427ec12ea3c91020,2026-04-04 00:00:00+00:00,US,USD,Consumer Credit Change FEB,2,,,
ef7d26a820e3fc8a,2026-04-04 01:30:00+00:00,US,USD,API Crude Oil Stock Change APR/03,2,,,
9e3eecfa1e698d07,2026-04-04 01:30:00+00:00,US,USD,Fed Balance Sheet APR/08,2,,,
cc7f297b36563f10,2026-04-04 02:50:00+00:00,US,USD,Fed Jefferson Speech,2,,,
2fa0a9a7a4630da1,2026-04-04 05:00:00+00:00,US,USD,Total Vehicle Sales MAR,2,,,
8ec8e7f8b108aebf,2026-04-04 05:01:00+00:00,IE,EUR,AIB Services PMI MAR,2,51.5,51.8,
e1d28ab0b89104ec,2026-04-04 09:30:00+00:00,NL,EUR,Inflation Rate MoM MAR,2,,,
b5fe213f2457378f,2026-04-04 09:30:00+00:00,NL,EUR,Manufacturing Production MoM FEB,2,,,
755a092b2a71b39e,2026-04-04 09:30:00+00:00,NL,EUR,Balance of Trade FEB,2,,,
2d08fcbe5436c4d4,2026-04-04 09:30:00+00:00,NL,EUR,Household Consumption YoY FEB,2,,,
20e720e4d5012a87,2026-04-04 09:30:00+00:00,NL,EUR,Inflation Rate YoY Final MAR,2,,,
0a92208ee90b8ec7,2026-04-04 10:00:00+00:00,FI,EUR,Current Account FEB,2,,,
ce6574d6fe811fd4,2026-04-04 10:00:00+00:00,FI,EUR,Industrial Production YoY FEB,2,,,
e00839c862b0f21a,2026-04-04 11:00:00+00:00,DE,EUR,Imports MoM FEB,2,,,
17d35895299a0635,2026-04-04 11:00:00+00:00,DE,EUR,Wholesale Prices MoM MAR,2,,,
2712d8f3ff69afaf,2026-04-04 11:00:00+00:00,DE,EUR,Wholesale Prices YoY MAR,2,,,
4dc6111ded87d0ae,2026-04-04 11:00:00+00:00,DE,EUR,Balance of Trade FEB,2,,,
1ac3250f9e1e023c,2026-04-04 11:00:00+00:00,DE,EUR,Factory Orders MoM FEB,2,,,
875e221342b20141,2026-04-04 11:00:00+00:00,DE,EUR,Exports MoM FEB,2,,,
e507e8749d5695f3,2026-04-04 11:00:00+00:00,DE,EUR,Harmonised Inflation Rate MoM Final MAR,2,,,
fe5a9ea5d9290164,2026-04-04 11:00:00+00:00,DE,EUR,Inflation Rate YoY Final MAR,2,,,
da4c6cd357033f1d,2026-04-04 11:00:00+00:00,DE,EUR,Inflation Rate MoM Final MAR,2,,,
edf68c7b5d4bb25a,2026-04-04 11:00:00+00:00,DE,EUR,Industrial Production MoM FEB,2,,,
9c317d8b043da726,2026-04-04 11:00:00+00:00,DE,EUR,Harmonised Inflation Rate YoY Final MAR,2,,,
92ccfa61c9181797,2026-04-04 11:45:00+00:00,FR,EUR,Imports FEB,2,,,
90e3c3ed320037a6,2026-04-04 11:45:00+00:00,FR,EUR,Balance of Trade FEB,2,,,
13ad7dadfa3f8a47,2026-04-04 11:45:00+00:00,FR,EUR,Exports FEB,2,,,
a8ad89590a4438d3,2026-04-04 11:45:00+00:00,FR,EUR,Current Account FEB,2,,,
3ab911a7cc9ba4dd,2026-04-04 11:45:00+00:00,FR,EUR,Industrial Production MoM FEB,2,,,
d643e38445f3fcd6,2026-04-04 11:45:00+00:00,FR,EUR,Foreign Exchange Reserves MAR,2,,,
bdbc5a7a4ccc65dd,2026-04-04 12:00:00+00:00,AT,EUR,Wholesale Prices MoM MAR,2,,,
62223349af46d0dc,2026-04-04 12:00:00+00:00,ES,EUR,Unemployment Change MAR,2,,,
2482ef081d8a5d42,2026-04-04 12:00:00+00:00,AT,EUR,Balance of Trade JAN,2,,,
5fae959ad03eb064,2026-04-04 12:00:00+00:00,AT,EUR,Wholesale Prices YoY MAR,2,,,
7812f20a2b147271,2026-04-04 12:00:00+00:00,ES,EUR,Industrial Production YoY FEB,2,,,
f12c32ec00276d5a,2026-04-04 12:00:00+00:00,ES,EUR,Inflation Rate YoY Final MAR,2,,,
ef81637564e82067,2026-04-04 12:00:00+00:00,ES,EUR,Inflation Rate MoM Final MAR,2,,,
e5e70d161c77c8ae,2026-04-04 12:00:00+00:00,ES,EUR,Core Inflation Rate YoY Final MAR,2,,,
0a0c525c864dc78c,2026-04-04 12:00:00+00:00,ES,EUR,Harmonised Inflation Rate MoM Final MAR,2,,,
65de7ff5550f30d5,2026-04-04 12:00:00+00:00,ES,EUR,Harmonised Inflation Rate YoY Final MAR,2,,,
4a6664bfdc18091e,2026-04-04 12:15:00+00:00,ES,EUR,S&P Global Composite PMI MAR,2,51.3,51.5,
aadd67d51e6d56f9,2026-04-04 12:15:00+00:00,ES,EUR,S&P Global Services PMI MAR,2,51.5,51.9,
241ede7ac8be9c40,2026-04-04 12:30:00+00:00,FR,EUR,HCOB Construction PMI MAR,2,45.0,43.9,
7e10170542d9288e,2026-04-04 12:45:00+00:00,IT,EUR,S&P Global Services PMI MAR,2,51.4,52.3,
e1b95a6553159a42,2026-04-04 12:45:00+00:00,IT,EUR,S&P Global Composite PMI MAR,2,51.5,52.1,
0aec3ae5ed3701a5,2026-04-04 12:50:00+00:00,FR,EUR,S&P Global Services PMI Final MAR,2,48.3,49.6,
25310467766a3867,2026-04-04 12:50:00+00:00,FR,EUR,S&P Global Composite PMI Final MAR,2,48.3,49.9,
08db9af56e9ab6ba,2026-04-04 12:55:00+00:00,DE,EUR,S&P Global Services PMI Final MAR,2,51.2,53.5,
453c0c819875ed61,2026-04-04 12:55:00+00:00,DE,EUR,S&P Global Composite PMI Final MAR,2,51.9,53.2,
6720705220679dc9,2026-04-04 13:00:00+00:00,IT,EUR,Industrial Production YoY FEB,2,,,
3f5eafa0e9b13976,2026-04-04 13:00:00+00:00,IT,EUR,Industrial Production MoM FEB,2,,,
2f2740d1e31d0715,2026-04-04 13:40:00+00:00,ES,EUR,12-Month Letras Auction,2,,,
7b1b163607497687,2026-04-04 13:40:00+00:00,ES,EUR,3-Year Bonos Auction,2,,,
b7e2f1f644a771f3,2026-04-04 13:40:00+00:00,ES,EUR,6-Month Letras Auction,2,,,
a0580a7afdc02a7f,2026-04-04 13:40:00+00:00,ES,EUR,10-Year Obligacion Auction,2,,,
97cf560d83d92e25,2026-04-04 13:40:00+00:00,ES,EUR,5-Year Bonos Auction,2,,,
ef0ef6d7998d77d4,2026-04-04 13:40:00+00:00,ES,EUR,3-Month Letras Auction,2,,,
b6d0a5dd5110c721,2026-04-04 13:40:00+00:00,ES,EUR,9-Month Letras Auction,2,,,
cadde3a404045fea,2026-04-04 13:40:00+00:00,ES,EUR,10-Year Index-Linked Obligacion Auction,2,,,
d3c5c348ec28c174,2026-04-04 14:00:00+00:00,GR,EUR,Industrial Production YoY FEB,2,,,
b3cf669b27f90db4,2026-04-04 14:00:00+00:00,AT,EUR,RAGB 2026-2036/1 Auction,2,,,
f1dcfbdafc96cece,2026-04-04 14:00:00+00:00,AT,EUR,RAGB 2023-2030/4 Auction,2,,,
ec7287b8817a7872,2026-04-04 14:00:00+00:00,FR,EUR,IEA Oil Market Report,2,,,
6e6070942add12d4,2026-04-04 14:00:00+00:00,GR,EUR,Balance of Trade FEB,2,,,
ffaec0f4b2011f74,2026-04-04 14:10:00+00:00,IT,EUR,BTP Auction,2,,,
05d69af83d92fe41,2026-04-04 14:10:00+00:00,IT,EUR,12-Month BOT Auction,2,,,
ced3f69728905d17,2026-04-04 14:15:00+00:00,GR,EUR,13-Week Bill Auction,2,,,
6b58ee9e57f3ffe2,2026-04-04 14:30:00+00:00,DE,EUR,5-Year Bobl Auction,2,,,
83b13c3b93bc676f,2026-04-04 14:30:00+00:00,DE,EUR,10-Year Bund/g Auction,2,,,
685ed74d990ca5cf,2026-04-04 14:30:00+00:00,DE,EUR,30-Year Bund/g Auction,2,,,
343917e49b13931d,2026-04-04 14:30:00+00:00,DE,EUR,12-Month Bubill Auction,2,,,
74dc12bb5a856a44,2026-04-04 14:30:00+00:00,DE,EUR,10-Year Bund Auction,2,,,
9f2d245befb418d2,2026-04-04 15:00:00+00:00,US,USD,LMI Logistics Managers Index MAR,2,,61.5,
c27ae8dbc6508bb3,2026-04-04 15:00:00+00:00,IE,EUR,Harmonised Inflation Rate MoM Final MAR,2,,,
e945ecc7d2875c19,2026-04-04 15:00:00+00:00,IE,EUR,Inflation Rate MoM MAR,2,,,
ac14224115820585,2026-04-04 15:00:00+00:00,PT,EUR,Balance of Trade FEB,2,,,
aa47e4682f61df66,2026-04-04 15:00:00+00:00,US,USD,NFIB Business Optimism Index MAR,2,97.0,98.8,
c3798e7aeb75f98c,2026-04-04 15:00:00+00:00,IE,EUR,Inflation Rate YoY MAR,2,,,
208024d8ceb63307,2026-04-04 15:00:00+00:00,DE,EUR,New Car Registrations YoY MAR,2,,,
641a57cfb89d8764,2026-04-04 15:00:00+00:00,PT,EUR,Inflation Rate YoY Final MAR,2,,,
7a6acfa42265f157,2026-04-04 15:00:00+00:00,BE,EUR,Short TC Auction,2,,,
ad7dd6b9cb40e41b,2026-04-04 15:00:00+00:00,PT,EUR,Inflation Rate MoM Final MAR,2,,,
c794fda5cf8dfce7,2026-04-04 15:00:00+00:00,IE,EUR,Harmonised Inflation Rate YoY Final MAR,2,,,
ffd5ea216c821253,2026-04-04 15:10:00+00:00,EU,EUR,12-Month Bill Auction,2,,,
a5ff337a9bf14a3b,2026-04-04 15:10:00+00:00,EU,EUR,3-Month Bill Auction,2,,,
3c20464108314109,2026-04-04 15:10:00+00:00,EU,EUR,6-Month Bill Auction,2,,,
0ef9a5910b18d7b4,2026-04-04 16:00:00+00:00,US,USD,MBA Mortgage Market Index APR/03,2,,278.3,
025b3598d737eb59,2026-04-04 16:00:00+00:00,US,USD,MBA Mortgage Refinance Index APR/03,2,,946.4,
ded754daed06a384,2026-04-04 16:00:00+00:00,BE,EUR,Long TC Auction,2,,,
b8fdd4b12b9ca792,2026-04-04 16:00:00+00:00,US,USD,MBA Purchase Index APR/03,2,,159.4,
108121716c89e7c4,2026-04-04 16:00:00+00:00,US,USD,MBA 30-Year Mortgage Rate APR/03,2,,,
bfa670483c2945f0,2026-04-04 16:00:00+00:00,US,USD,MBA Mortgage Applications APR/03,2,,,
2a13b8e420e77af8,2026-04-04 17:15:00+00:00,US,USD,ADP Employment Change Weekly,2,,,
1edb05ea5348b8fd,2026-04-04 17:30:00+00:00,US,USD,Government Payrolls MAR,2,,,
9810d09b006dc593,2026-04-04 17:30:00+00:00,US,USD,Personal Income MoM FEB,2,,,
814347945d41ff5e,2026-04-04 17:30:00+00:00,US,USD,Unemployment Rate MAR,2,,,
048f2d097da7a902,2026-04-04 17:30:00+00:00,US,USD,Nonfarm Payrolls Private MAR,2,,,
4b1cb345bb2e5d99,2026-04-04 17:30:00+00:00,US,USD,Jobless Claims 4-week Average APR/04,2,,,
5e44ce326dbfd5ee,2026-04-04 17:30:00+00:00,US,USD,GDP Growth Rate QoQ Final Q4,2,,,
f5119c1fb6cd7c63,2026-04-04 17:30:00+00:00,US,USD,PCE Prices QoQ Final Q4,2,,,
f3e856423a966448,2026-04-04 17:30:00+00:00,US,USD,Real Personal Spending MoM FEB,2,,,
a4ed746361d318ae,2026-04-04 17:30:00+00:00,US,USD,Inflation Rate YoY MAR,2,,,
33b000b4f03fe233,2026-04-04 17:30:00+00:00,US,USD,Corporate Profits QoQ Q4,2,,,
3dcb05ff0176ef38,2026-04-04 17:30:00+00:00,US,USD,Core Inflation Rate MoM MAR,2,,,
98005d45e3b6ea9e,2026-04-04 17:30:00+00:00,US,USD,Non Defense Goods Orders Ex Air FEB,2,,,
f8a6ff039b5aa92a,2026-04-04 17:30:00+00:00,US,USD,Continuing Jobless Claims MAR/28,2,,,
a9be9cdf638b6ebc,2026-04-04 17:30:00+00:00,US,USD,Durable Goods Orders ex Defense MoM FEB,2,,,
7a5b3ce06166b12b,2026-04-04 17:30:00+00:00,US,USD,CPI s.a MAR,2,330.1,327.46,
c39dc47b8f29b039,2026-04-04 17:30:00+00:00,US,USD,Average Hourly Earnings YoY MAR,2,,,
ebf7f5b716c388cd,2026-04-04 17:30:00+00:00,US,USD,Participation Rate MAR,2,,,
19a95e2fe018541e,2026-04-04 17:30:00+00:00,US,USD,PCE Price Index YoY FEB,2,,,
dabb109c245bf104,2026-04-04 17:30:00+00:00,US,USD,CPI MAR,2,329.7,326.79,
f32dfd84713aba92,2026-04-04 17:30:00+00:00,US,USD,Personal Spending MoM FEB,2,,,
7cd2b204a24da162,2026-04-04 17:30:00+00:00,US,USD,Core PCE Price Index YoY FEB,2,,,
370a8d0074b47cdc,2026-04-04 17:30:00+00:00,US,USD,"PPI Ex Food, Energy and Trade MoM MAR",2,,,
3665f40ee5ef4d0c,2026-04-04 17:30:00+00:00,US,USD,Durable Goods Orders MoM FEB,2,,,
d4ef9bfce54e471d,2026-04-04 17:30:00+00:00,US,USD,Core Inflation Rate YoY MAR,2,,,
7a62a95d6519fc07,2026-04-04 17:30:00+00:00,US,USD,"PPI Ex Food, Energy and Trade YoY MAR",2,,,
1e60358a23516f91,2026-04-04 17:30:00+00:00,US,USD,PPI MAR,2,153.1,153.231,
c14658d00d50a346,2026-04-04 17:30:00+00:00,US,USD,Core PCE Price Index MoM FEB,2,,,
a64d295ca12fdaf5,2026-04-04 17:30:00+00:00,US,USD,Average Hourly Earnings MoM MAR,2,,,
8c8bdd3de11ad744,2026-04-04 17:30:00+00:00,US,USD,PCE Price Index MoM FEB,2,,,
d10b5e395755ecfc,2026-04-04 17:30:00+00:00,US,USD,Manufacturing Payrolls MAR,2,,,
9de56681172b2fc3,2026-04-04 17:30:00+00:00,US,USD,Non Farm Payrolls MAR,2,,,
88c74724f0d6c6bf,2026-04-04 17:30:00+00:00,US,USD,PPI YoY MAR,2,,,
c8395e29ef18ebac,2026-04-04 17:30:00+00:00,US,USD,GDP Price Index QoQ Final Q4,2,,,
fc2a4ea5439de86d,2026-04-04 17:30:00+00:00,US,USD,Initial Jobless Claims APR/04,2,,,
f7b43bd7a7701488,2026-04-04 17:30:00+00:00,US,USD,Inflation Rate MoM MAR,2,,,
b80d48ac32b344ef,2026-04-04 17:30:00+00:00,US,USD,Core PPI YoY MAR,2,,,
a73282050af9bd2b,2026-04-04 17:30:00+00:00,US,USD,Core PPI MoM MAR,2,,,
4a1696fe7d3d7930,2026-04-04 17:30:00+00:00,US,USD,PPI MoM MAR,2,,,
26ff7f7eac8d088c,2026-04-04 17:30:00+00:00,US,USD,Average Weekly Hours MAR,2,34.3,34.3,34.2
ae94511b1cbbe6be,2026-04-04 17:30:00+00:00,US,USD,Real Consumer Spending QoQ Final Q4,2,,,
5e74380e6158e67e,2026-04-04 17:30:00+00:00,US,USD,Durable Goods Orders Ex Transp MoM FEB,2,,,
ff247540d25f80d1,2026-04-04 17:30:00+00:00,US,USD,U-6 Unemployment Rate MAR,2,,,
a566cf333b8f9442,2026-04-04 17:30:00+00:00,US,USD,GDP Sales QoQ Final Q4,2,,,
2f3eabebdfedde45,2026-04-04 17:30:00+00:00,US,USD,Core PCE Prices QoQ Final Q4,2,,,
7019e5e57bdd41bf,2026-04-04 17:45:00+00:00,DE,EUR,Current Account FEB,2,,,
f585537cba0a2f34,2026-04-04 17:55:00+00:00,US,USD,Redbook YoY APR/11,2,,,
dcee829edca2340e,2026-04-04 17:55:00+00:00,US,USD,Redbook YoY APR/04,2,,,
0bfdb2f541323522,2026-04-04 18:00:00+00:00,US,USD,Used Car Prices MoM MAR,2,,,
0e3b0a3ecb927139,2026-04-04 18:00:00+00:00,FR,EUR,6-Month BTF Auction,2,,,
185fe468637180bc,2026-04-04 18:00:00+00:00,FR,EUR,12-Month BTF Auction,2,,,
3af49a06b9ee2e7a,2026-04-04 18:00:00+00:00,FR,EUR,3-Month BTF Auction,2,,,
0a09e956fe30f724,2026-04-04 18:00:00+00:00,US,USD,Used Car Prices YoY MAR,2,,,
70c024ac24b2e2f7,2026-04-04 18:20:00+00:00,US,USD,NY Fed Bill Purchases 1 to 4 months,2,,,
45a0aeb2c550e9fd,2026-04-04 18:45:00+00:00,US,USD,S&P Global Composite PMI Final MAR,2,51.4,51.9,50.3
e9e504b3b3568ccc,2026-04-04 18:45:00+00:00,US,USD,S&P Global Services PMI Final MAR,2,51.1,51.7,49.8
204d29abe4df12a3,2026-04-04 19:00:00+00:00,US,USD,Existing Home Sales MoM MAR,2,,,
bb7b927e2a160b3a,2026-04-04 19:00:00+00:00,US,USD,Michigan 5 Year Inflation Expectations Prel APR,2,,,
72c90c2b194918da,2026-04-04 19:00:00+00:00,US,USD,Michigan Consumer Expectations Prel APR,2,51.0,51.7,
0c9f35567143526b,2026-04-04 19:00:00+00:00,US,USD,Michigan Current Conditions Prel APR,2,55.0,55.8,
ca6ddd304c119256,2026-04-04 19:00:00+00:00,US,USD,Existing Home Sales MAR,2,,,
0f4f8b71fead386d,2026-04-04 19:00:00+00:00,US,USD,Michigan Consumer Sentiment Prel APR,2,52.9,53.3,
ade71a562c078328,2026-04-04 19:00:00+00:00,US,USD,ISM Services Prices MAR,2,70.0,63.0,
9f7872f53efb9b95,2026-04-04 19:00:00+00:00,US,USD,Michigan Inflation Expectations Prel APR,2,,,
c448cccfd03eb5b2,2026-04-04 19:00:00+00:00,US,USD,ISM Services PMI MAR,2,54.0,56.1,
f5aae8bf6ff9c781,2026-04-04 19:00:00+00:00,US,USD,ISM Services Employment MAR,2,51.7,51.8,
3d2b1ab77bf2c16f,2026-04-04 19:00:00+00:00,US,USD,ISM Services New Orders MAR,2,57.6,58.6,
cb47a5fab69f7f79,2026-04-04 19:00:00+00:00,US,USD,Factory Orders ex Transportation FEB,2,,,
e460d65f26901250,2026-04-04 19:00:00+00:00,US,USD,Factory Orders MoM FEB,2,,,
3d6d0441bf0935df,2026-04-04 19:00:00+00:00,US,USD,ISM Services Business Activity MAR,2,58.0,59.9,
f5c8d00ddfb77c95,2026-04-04 19:00:00+00:00,US,USD,Wholesale Inventories MoM FEB,2,,,
e1b4edbcb1a1dcf9,2026-04-04 19:10:00+00:00,US,USD,RCM/TIPP Economic Optimism Index APR,2,47.0,47.5,
9e82b4d16a2e7bed,2026-04-04 19:30:00+00:00,US,USD,EIA Heating Oil Stocks Change APR/03,2,,,
1417b12ddf6e7ad6,2026-04-04 19:30:00+00:00,US,USD,EIA Gasoline Stocks Change APR/03,2,,,
ca36caff822ec110,2026-04-04 19:30:00+00:00,US,USD,EIA Crude Oil Stocks Change APR/03,2,,,
7e58d6961a8dea9c,2026-04-04 19:30:00+00:00,US,USD,EIA Refinery Crude Runs Change APR/03,2,,,
5baaa069d1a6c05c,2026-04-04 19:30:00+00:00,US,USD,EIA Gasoline Production Change APR/03,2,,,
729ade306988305e,2026-04-04 19:30:00+00:00,US,USD,EIA Cushing Crude Oil Stocks Change APR/03,2,,,
12a2313f5e0bcb38,2026-04-04 19:30:00+00:00,US,USD,EIA Distillate Stocks Change APR/03,2,,,
cb62489f4d6ac256,2026-04-04 19:30:00+00:00,US,USD,EIA Crude Oil Imports Change APR/03,2,,,
962110f1826ae3b9,2026-04-04 19:30:00+00:00,US,USD,EIA Natural Gas Stocks Change APR/03,2,,,
fde00024568a9253,2026-04-04 19:30:00+00:00,US,USD,EIA Distillate Fuel Production Change APR/03,2,,,
f4fcd53d6d7afe84,2026-04-04 20:00:00+00:00,US,USD,Consumer Inflation Expectations MAR,2,,,
cc9600cfb25cbe29,2026-04-04 20:30:00+00:00,US,USD,4-Week Bill Auction,2,,,
b19969b2abeeeabf,2026-04-04 20:30:00+00:00,US,USD,8-Week Bill Auction,2,,,
018385cc71277b61,2026-04-04 20:30:00+00:00,US,USD,6-Month Bill Auction,2,,,
fea75a2f8173bcba,2026-04-04 20:30:00+00:00,US,USD,3-Month Bill Auction,2,,,
6effb95b57aff6ca,2026-04-04 20:30:00+00:00,US,USD,17-Week Bill Auction,2,,,
f9d5fa6bd0539dd2,2026-04-04 21:00:00+00:00,US,USD,15-Year Mortgage Rate APR/09,2,,,
e8cad20c6e70a040,2026-04-04 21:00:00+00:00,US,USD,WASDE Report,2,,,
f4ad95b9c75612ad,2026-04-04 21:00:00+00:00,US,USD,30-Year Mortgage Rate APR/09,2,,,
541b39c6b67407df,2026-04-04 21:35:00+00:00,US,USD,Fed Goolsbee Speech,2,,,
7fa0cc40ab318155,2026-04-04 22:00:00+00:00,US,USD,Baker Hughes Oil Rig Count APR/10,2,,411.0,
e3f00db0f366555a,2026-04-04 22:00:00+00:00,US,USD,3-Year Note Auction,2,,,
ffd0780e8f11482c,2026-04-04 22:00:00+00:00,US,USD,Baker Hughes Total Rigs Count APR/10,2,,548.0,
be614ce6a5b5cb3e,2026-04-04 22:00:00+00:00,US,USD,10-Year Note Auction,2,,,
50f3207168021939,2026-04-04 22:00:00+00:00,US,USD,30-Year Bond Auction,2,,,
62278f92cfc844b1,2026-04-04 23:00:00+00:00,US,USD,FOMC Minutes,2,,,
1b1cff8e96e1fe25,2026-04-04 23:00:00+00:00,US,USD,Monthly Budget Statement MAR,2,,,
569ef9c96c952f0c,2026-04-05 00:00:00+00:00,US,USD,Consumer Credit Change FEB,2,,,
f2fcc29fd9940008,2026-04-05 01:30:00+00:00,US,USD,Fed Balance Sheet APR/08,2,,,
6f09d25d1f08077e,2026-04-05 01:30:00+00:00,US,USD,API Crude Oil Stock Change APR/03,2,,,
303e1d04bc169220,2026-04-05 02:50:00+00:00,US,USD,Fed Jefferson Speech,2,,,
7bb7fa72f825622e,2026-04-05 05:00:00+00:00,US,USD,Total Vehicle Sales MAR,2,,,
e0bdc7211dbcd6b4,2026-04-05 05:01:00+00:00,IE,EUR,AIB Services PMI MAR,2,51.5,51.8,
e9acbc3c8fcb408a,2026-04-05 05:01:00+00:00,IE,EUR,Construction PMI MAR,2,49.8,52.1,
bf6f72e7018922c0,2026-04-05 09:30:00+00:00,NL,EUR,Inflation Rate MoM MAR,2,,,
919c0964cdd716d5,2026-04-05 09:30:00+00:00,NL,EUR,Household Consumption YoY FEB,2,,,
b13bed582947bf22,2026-04-05 09:30:00+00:00,NL,EUR,Inflation Rate YoY Final MAR,2,,,
fe87312dce47f66c,2026-04-05 09:30:00+00:00,NL,EUR,Manufacturing Production MoM FEB,2,,,
5e2368495999fdf4,2026-04-05 09:30:00+00:00,NL,EUR,Balance of Trade FEB,2,,,
d2249319ed96c24b,2026-04-05 10:00:00+00:00,FI,EUR,Current Account FEB,2,,,
7f5679517737ec9a,2026-04-05 10:00:00+00:00,FI,EUR,Industrial Production YoY FEB,2,,,
ad53c0badf930a42,2026-04-05 11:00:00+00:00,DE,EUR,Factory Orders MoM FEB,2,,,
5cb0fc63e4524ec9,2026-04-05 11:00:00+00:00,DE,EUR,Inflation Rate MoM Final MAR,2,,,
fdcc8c558f422d45,2026-04-05 11:00:00+00:00,DE,EUR,Exports MoM FEB,2,,,
dddcbaeba3ae2758,2026-04-05 11:00:00+00:00,DE,EUR,Harmonised Inflation Rate MoM Final MAR,2,,,
4074d0e7c3e3f822,2026-04-05 11:00:00+00:00,DE,EUR,Wholesale Prices YoY MAR,2,,,
234c55fc9c424f1f,2026-04-05 11:00:00+00:00,DE,EUR,Imports MoM FEB,2,,,
bf659970bc1af352,2026-04-05 11:00:00+00:00,DE,EUR,Industrial Production MoM FEB,2,,,
d574a7f614c77b37,2026-04-05 11:00:00+00:00,DE,EUR,Wholesale Prices MoM MAR,2,,,
a2326df580c5888a,2026-04-05 11:00:00+00:00,DE,EUR,Balance of Trade FEB,2,,,
95944b35ca91fb3f,2026-04-05 11:00:00+00:00,DE,EUR,Inflation Rate YoY Final MAR,2,,,
a733c42a567251f7,2026-04-05 11:00:00+00:00,DE,EUR,Harmonised Inflation Rate YoY Final MAR,2,,,
d18e6a7730a8cde2,2026-04-05 11:45:00+00:00,FR,EUR,Exports FEB,2,,,
109956823c825292,2026-04-05 11:45:00+00:00,FR,EUR,Balance of Trade FEB,2,,,
78b9f27b4a977a89,2026-04-05 11:45:00+00:00,FR,EUR,Foreign Exchange Reserves MAR,2,,,
d450565a0a9dad12,2026-04-05 11:45:00+00:00,FR,EUR,Current Account FEB,2,,,
a6f43c68274fdd89,2026-04-05 11:45:00+00:00,FR,EUR,Imports FEB,2,,,
f03d1113bdafcca9,2026-04-05 11:45:00+00:00,FR,EUR,Industrial Production MoM FEB,2,,,
cc563942cbacb694,2026-04-05 12:00:00+00:00,ES,EUR,Harmonised Inflation Rate YoY Final MAR,2,,,
56bc614c2e1fc0b0,2026-04-05 12:00:00+00:00,ES,EUR,Inflation Rate YoY Final MAR,2,,,
6384358ad058eb74,2026-04-05 12:00:00+00:00,ES,EUR,Industrial Production YoY FEB,2,,,
1c27a607c52e5281,2026-04-05 12:00:00+00:00,AT,EUR,Wholesale Prices YoY MAR,2,,,
dd96489dc6f02173,2026-04-05 12:00:00+00:00,AT,EUR,Wholesale Prices MoM MAR,2,,,
0bd688409253f92a,2026-04-05 12:00:00+00:00,ES,EUR,Core Inflation Rate YoY Final MAR,2,,,
233167dc49cab5ae,2026-04-05 12:00:00+00:00,ES,EUR,Harmonised Inflation Rate MoM Final MAR,2,,,
feb1834d48e2f916,2026-04-05 12:00:00+00:00,ES,EUR,Inflation Rate MoM Final MAR,2,,,
eb1bb77811190051,2026-04-05 12:00:00+00:00,ES,EUR,Unemployment Change MAR,2,,,
126f474a77b3928d,2026-04-05 12:00:00+00:00,AT,EUR,Balance of Trade JAN,2,,,
dc36b8e2591c3eb3,2026-04-05 12:15:00+00:00,ES,EUR,S&P Global Services PMI MAR,2,51.5,51.9,
62af3a98a7432e2d,2026-04-05 12:15:00+00:00,ES,EUR,S&P Global Composite PMI MAR,2,51.3,51.5,
ea044a0cb9f0e936,2026-04-05 12:30:00+00:00,FR,EUR,HCOB Construction PMI MAR,2,45.0,43.9,
ce4b424ac05906f1,2026-04-05 12:45:00+00:00,IT,EUR,S&P Global Services PMI MAR,2,51.4,52.3,
78a1505c8c34f494,2026-04-05 12:45:00+00:00,IT,EUR,S&P Global Composite PMI MAR,2,51.5,52.1,
893f9dfac7a305fe,2026-04-05 12:50:00+00:00,FR,EUR,S&P Global Composite PMI Final MAR,2,48.3,49.9,
2c51e52d871d75df,2026-04-05 12:50:00+00:00,FR,EUR,S&P Global Services PMI Final MAR,2,48.3,49.6,
0541064ae6ada88b,2026-04-05 12:55:00+00:00,DE,EUR,S&P Global Services PMI Final MAR,2,51.2,53.5,
d3366b23e9afc07e,2026-04-05 12:55:00+00:00,DE,EUR,S&P Global Composite PMI Final MAR,2,51.9,53.2,
aa397a57d355ad54,2026-04-05 13:00:00+00:00,IT,EUR,Industrial Production YoY FEB,2,,,
150c5871fbd10f36,2026-04-05 13:00:00+00:00,IT,EUR,Industrial Production MoM FEB,2,,,
76126d2216ff3080,2026-04-05 13:40:00+00:00,ES,EUR,6-Month Letras Auction,2,,,
e2108c6be1f9f675,2026-04-05 13:40:00+00:00,ES,EUR,10-Year Obligacion Auction,2,,,
ccb82fd741a1ac54,2026-04-05 13:40:00+00:00,ES,EUR,5-Year Bonos Auction,2,,,
467330d08efc1393,2026-04-05 13:40:00+00:00,ES,EUR,3-Month Letras Auction,2,,,
9867a177d8a96a30,2026-04-05 13:40:00+00:00,ES,EUR,9-Month Letras Auction,2,,,
6ec50fb7638500af,2026-04-05 13:40:00+00:00,ES,EUR,12-Month Letras Auction,2,,,
d6f3cfcea8ca9800,2026-04-05 13:40:00+00:00,ES,EUR,3-Year Bonos Auction,2,,,
a678184cfb4fd99a,2026-04-05 13:40:00+00:00,ES,EUR,10-Year Index-Linked Obligacion Auction,2,,,
fa610c0d18e50c60,2026-04-05 14:00:00+00:00,GR,EUR,Industrial Production YoY FEB,2,,,
4c84012f310b548b,2026-04-05 14:00:00+00:00,AT,EUR,RAGB 2026-2036/1 Auction,2,,,
165501a25f8a42e8,2026-04-05 14:00:00+00:00,AT,EUR,RAGB 2023-2030/4 Auction,2,,,
ef35aa2e0386fb32,2026-04-05 14:00:00+00:00,GR,EUR,Balance of Trade FEB,2,,,
6f4360d37e07efad,2026-04-05 14:00:00+00:00,FR,EUR,IEA Oil Market Report,2,,,
6adcb5eff6953967,2026-04-05 14:10:00+00:00,IT,EUR,BTP Auction,2,,,
6a42005a306d6a7c,2026-04-05 14:10:00+00:00,IT,EUR,12-Month BOT Auction,2,,,
55e9cc18e7862832,2026-04-05 14:15:00+00:00,GR,EUR,13-Week Bill Auction,2,,,
a3e2a31a2b2cc994,2026-04-05 14:30:00+00:00,DE,EUR,12-Month Bubill Auction,2,,,
76297ee7b82e8952,2026-04-05 14:30:00+00:00,DE,EUR,30-Year Bund/g Auction,2,,,
b0cb1f2a1842ceba,2026-04-05 14:30:00+00:00,DE,EUR,10-Year Bund Auction,2,,,
8733a4fd595fcb1e,2026-04-05 14:30:00+00:00,DE,EUR,5-Year Bobl Auction,2,,,
243563baf9b670b7,2026-04-05 14:30:00+00:00,DE,EUR,10-Year Bund/g Auction,2,,,
019e9e65d8dd3a7b,2026-04-05 15:00:00+00:00,DE,EUR,New Car Registrations YoY MAR,2,,,
38a405a14f0bc7ce,2026-04-05 15:00:00+00:00,PT,EUR,Inflation Rate YoY Final MAR,2,,,
d18358f12f49bbb4,2026-04-05 15:00:00+00:00,US,USD,LMI Logistics Managers Index MAR,2,,61.5,
3c1276d1d4e58a04,2026-04-05 15:00:00+00:00,PT,EUR,Balance of Trade FEB,2,,,
b6d79ee0b2877863,2026-04-05 15:00:00+00:00,BE,EUR,Short TC Auction,2,,,
41aa4fb4b0806a0b,2026-04-05 15:00:00+00:00,IE,EUR,Inflation Rate YoY MAR,2,,,
3d617efc0e415a47,2026-04-05 15:00:00+00:00,US,USD,NFIB Business Optimism Index MAR,2,97.0,98.8,
a0c04c57b2e56fd6,2026-04-05 15:00:00+00:00,IE,EUR,Harmonised Inflation Rate YoY Final MAR,2,,,
9b0262047aec3d1e,2026-04-05 15:00:00+00:00,PT,EUR,Inflation Rate MoM Final MAR,2,,,
c1789359f4663e3b,2026-04-05 15:00:00+00:00,IE,EUR,Inflation Rate MoM MAR,2,,,
ff93eed513c3b69c,2026-04-05 15:00:00+00:00,IE,EUR,Harmonised Inflation Rate MoM Final MAR,2,,,
3a7ecb551e2563e4,2026-04-05 15:10:00+00:00,EU,EUR,6-Month Bill Auction,2,,,
7b791426ac321304,2026-04-05 15:10:00+00:00,EU,EUR,3-Month Bill Auction,2,,,
54e8338bbbcb07d4,2026-04-05 15:10:00+00:00,EU,EUR,12-Month Bill Auction,2,,,
b5b61c70d741917a,2026-04-05 16:00:00+00:00,US,USD,MBA Purchase Index APR/03,2,,159.4,
62816e161a1f5115,2026-04-05 16:00:00+00:00,US,USD,MBA Mortgage Market Index APR/03,2,,278.3,
c5d176c14cca294c,2026-04-05 16:00:00+00:00,US,USD,MBA 30-Year Mortgage Rate APR/03,2,,,
80af93f3c634078c,2026-04-05 16:00:00+00:00,BE,EUR,Long TC Auction,2,,,
a339fd7af88edd37,2026-04-05 16:00:00+00:00,US,USD,MBA Mortgage Refinance Index APR/03,2,,946.4,
f798b47bd26b2319,2026-04-05 16:00:00+00:00,US,USD,MBA Mortgage Applications APR/03,2,,,
d624a5355cdfc167,2026-04-05 17:15:00+00:00,US,USD,ADP Employment Change Weekly,2,,,
1440257d3478516f,2026-04-05 17:30:00+00:00,US,USD,CPI MAR,2,329.7,326.79,
02fcc0d87c06e25b,2026-04-05 17:30:00+00:00,US,USD,Core PCE Price Index YoY FEB,2,,,
a3c4ee66283c14cc,2026-04-05 17:30:00+00:00,US,USD,U-6 Unemployment Rate MAR,2,,,
b431ef06b0e18bd8,2026-04-05 17:30:00+00:00,US,USD,Non Farm Payrolls MAR,2,,,
9cf04055d2b92760,2026-04-05 17:30:00+00:00,US,USD,Core PCE Price Index MoM FEB,2,,,
a589da164d6578a9,2026-04-05 17:30:00+00:00,US,USD,Participation Rate MAR,2,,,
db1c929bface4d91,2026-04-05 17:30:00+00:00,US,USD,PCE Price Index MoM FEB,2,,,
4f4882d251391995,2026-04-05 17:30:00+00:00,US,USD,GDP Growth Rate QoQ Final Q4,2,,,
a88b75374a6ed6b6,2026-04-05 17:30:00+00:00,US,USD,Durable Goods Orders MoM FEB,2,,,
cd97fe5d91a6e99f,2026-04-05 17:30:00+00:00,US,USD,Unemployment Rate MAR,2,,,
fed42e6fee7d4f01,2026-04-05 17:30:00+00:00,US,USD,Durable Goods Orders Ex Transp MoM FEB,2,,,
cd886b314a82fb91,2026-04-05 17:30:00+00:00,US,USD,PCE Prices QoQ Final Q4,2,,,
28dc50d740efca60,2026-04-05 17:30:00+00:00,US,USD,Nonfarm Payrolls Private MAR,2,,,
332fb4707eaae519,2026-04-05 17:30:00+00:00,US,USD,Personal Income MoM FEB,2,,,
3aeab75c510de3d2,2026-04-05 17:30:00+00:00,US,USD,Jobless Claims 4-week Average APR/04,2,,,
a11e010f55e134eb,2026-04-05 17:30:00+00:00,US,USD,Non Defense Goods Orders Ex Air FEB,2,,,
cd84b2a18572b669,2026-04-05 17:30:00+00:00,US,USD,Average Weekly Hours MAR,2,34.3,34.3,34.2
14d0f22e688ee978,2026-04-05 17:30:00+00:00,US,USD,Durable Goods Orders ex Defense MoM FEB,2,,,
caadfd2e4282c184,2026-04-05 17:30:00+00:00,US,USD,Inflation Rate MoM MAR,2,,,
b35409ffd9d49b22,2026-04-05 17:30:00+00:00,US,USD,Average Hourly Earnings MoM MAR,2,,,
cdacce0351f98bb4,2026-04-05 17:30:00+00:00,US,USD,Initial Jobless Claims APR/04,2,,,
10107319c1a9fcd3,2026-04-05 17:30:00+00:00,US,USD,Corporate Profits QoQ Q4,2,,,
a9c1c879a02a1eac,2026-04-05 17:30:00+00:00,US,USD,PPI MoM MAR,2,,,
6d85efe0246cf7d2,2026-04-05 17:30:00+00:00,US,USD,GDP Price Index QoQ Final Q4,2,,,
8142781d4ba29d55,2026-04-05 17:30:00+00:00,US,USD,CPI s.a MAR,2,330.1,327.46,
6112c65d922a4540,2026-04-05 17:30:00+00:00,US,USD,PPI MAR,2,153.1,153.231,
0525c5e771dc2c4a,2026-04-05 17:30:00+00:00,US,USD,Government Payrolls MAR,2,,,
d2fcae8a185ca3d5,2026-04-05 17:30:00+00:00,US,USD,"PPI Ex Food, Energy and Trade MoM MAR",2,,,
0ba2d03ae12b7b69,2026-04-05 17:30:00+00:00,US,USD,Core Inflation Rate YoY MAR,2,,,
7de7244ece9e78e8,2026-04-05 17:30:00+00:00,US,USD,Core PPI MoM MAR,2,,,
1481065d4664541f,2026-04-05 17:30:00+00:00,US,USD,Average Hourly Earnings YoY MAR,2,,,
a070f29ccf2ba7f0,2026-04-05 17:30:00+00:00,US,USD,Continuing Jobless Claims MAR/28,2,,,
632ed7870a550224,2026-04-05 17:30:00+00:00,US,USD,Real Consumer Spending QoQ Final Q4,2,,,
5e773d1121f6c61e,2026-04-05 17:30:00+00:00,US,USD,Core PCE Prices QoQ Final Q4,2,,,
f3d7ada0185c8ae3,2026-04-05 17:30:00+00:00,US,USD,Core PPI YoY MAR,2,,,
b952829c8c9e73f2,2026-04-05 17:30:00+00:00,US,USD,"PPI Ex Food, Energy and Trade YoY MAR",2,,,
7b3acdae54439578,2026-04-05 17:30:00+00:00,US,USD,PPI YoY MAR,2,,,
ba153c3f31b394f4,2026-04-05 17:30:00+00:00,US,USD,GDP Sales QoQ Final Q4,2,,,
72aee0a10cb6c3d1,2026-04-05 17:30:00+00:00,US,USD,Personal Spending MoM FEB,2,,,
589888768d3f1a57,2026-04-05 17:30:00+00:00,US,USD,Core Inflation Rate MoM MAR,2,,,
de9df32c79f74dd6,2026-04-05 17:30:00+00:00,US,USD,Inflation Rate YoY MAR,2,,,
62d679a236d9260f,2026-04-05 17:30:00+00:00,US,USD,Manufacturing Payrolls MAR,2,,,
f915f403c8bc4e59,2026-04-05 17:30:00+00:00,US,USD,PCE Price Index YoY FEB,2,,,
b36bb7101bfbc2e6,2026-04-05 17:30:00+00:00,US,USD,Real Personal Spending MoM FEB,2,,,
b5f78c1b967f9236,2026-04-05 17:45:00+00:00,DE,EUR,Current Account FEB,2,,,
7b5378d7a0df904c,2026-04-05 17:55:00+00:00,US,USD,Redbook YoY APR/04,2,,,
4173cc765a8e9d36,2026-04-05 17:55:00+00:00,US,USD,Redbook YoY APR/11,2,,,
d717134fcde1f69b,2026-04-05 18:00:00+00:00,US,USD,Used Car Prices MoM MAR,2,,,
9f09d4860519a0ed,2026-04-05 18:00:00+00:00,FR,EUR,6-Month BTF Auction,2,,,
000a51d233f5b2d0,2026-04-05 18:00:00+00:00,FR,EUR,12-Month BTF Auction,2,,,
63230054df7c4d7d,2026-04-05 18:00:00+00:00,US,USD,Used Car Prices YoY MAR,2,,,
c4ea698ac1b4ae2d,2026-04-05 18:00:00+00:00,FR,EUR,3-Month BTF Auction,2,,,
f81f6d5dad1c426f,2026-04-05 18:20:00+00:00,US,USD,NY Fed Bill Purchases 1 to 4 months,2,,,
db2f678e689d636d,2026-04-05 18:45:00+00:00,US,USD,S&P Global Services PMI Final MAR,2,51.1,51.7,49.8
488555618373a55b,2026-04-05 18:45:00+00:00,US,USD,S&P Global Composite PMI Final MAR,2,51.4,51.9,50.3
1144984bbabfe49a,2026-04-05 19:00:00+00:00,US,USD,ISM Services PMI MAR,2,54.0,56.1,
ca8274d4ce01b9b0,2026-04-05 19:00:00+00:00,US,USD,Michigan Consumer Expectations Prel APR,2,51.0,51.7,
be3b0fc7412399d4,2026-04-05 19:00:00+00:00,US,USD,Existing Home Sales MAR,2,,,
6b105d5df3f5fd97,2026-04-05 19:00:00+00:00,US,USD,Michigan Current Conditions Prel APR,2,55.0,55.8,
8b43be32815ecde0,2026-04-05 19:00:00+00:00,US,USD,Michigan 5 Year Inflation Expectations Prel APR,2,,,
5351885c0f3af3e2,2026-04-05 19:00:00+00:00,US,USD,ISM Services Prices MAR,2,70.0,63.0,
212f79844d4e2f81,2026-04-05 19:00:00+00:00,US,USD,Factory Orders ex Transportation FEB,2,,,
c300901258a399b0,2026-04-05 19:00:00+00:00,US,USD,Existing Home Sales MoM MAR,2,,,
3a724088817c0228,2026-04-05 19:00:00+00:00,US,USD,ISM Services Employment MAR,2,51.7,51.8,
019d62adecad6a28,2026-04-05 19:00:00+00:00,US,USD,ISM Services New Orders MAR,2,57.6,58.6,
2cb2ea1731a0c933,2026-04-05 19:00:00+00:00,US,USD,Michigan Inflation Expectations Prel APR,2,,,
1c9135d11a87be82,2026-04-05 19:00:00+00:00,US,USD,Wholesale Inventories MoM FEB,2,,,
e4b6ae63fa91cc9f,2026-04-05 19:00:00+00:00,US,USD,ISM Services Business Activity MAR,2,58.0,59.9,
228799b69bd4222e,2026-04-05 19:00:00+00:00,US,USD,Factory Orders MoM FEB,2,,,
747378326b386794,2026-04-05 19:00:00+00:00,US,USD,Michigan Consumer Sentiment Prel APR,2,52.9,53.3,
b2d888fa8663f966,2026-04-05 19:10:00+00:00,US,USD,RCM/TIPP Economic Optimism Index APR,2,47.0,47.5,
07e84a7556c4d5d7,2026-04-05 19:30:00+00:00,US,USD,EIA Heating Oil Stocks Change APR/03,2,,,
ad03fb7dc39663a4,2026-04-05 19:30:00+00:00,US,USD,EIA Crude Oil Imports Change APR/03,2,,,
d8526714c39df61a,2026-04-05 19:30:00+00:00,US,USD,EIA Natural Gas Stocks Change APR/03,2,,,
104dc95126d82150,2026-04-05 19:30:00+00:00,US,USD,EIA Refinery Crude Runs Change APR/03,2,,,
da15209a5af7fdcd,2026-04-05 19:30:00+00:00,US,USD,EIA Crude Oil Stocks Change APR/03,2,,,
99862e183c44fc7e,2026-04-05 19:30:00+00:00,US,USD,EIA Distillate Fuel Production Change APR/03,2,,,
9336fa1b5ca866dc,2026-04-05 19:30:00+00:00,US,USD,EIA Cushing Crude Oil Stocks Change APR/03,2,,,
7602dfaa9c0d2447,2026-04-05 19:30:00+00:00,US,USD,EIA Gasoline Stocks Change APR/03,2,,,
aa81811103a3ea81,2026-04-05 19:30:00+00:00,US,USD,EIA Gasoline Production Change APR/03,2,,,
21ffc6fa8a2df386,2026-04-05 19:30:00+00:00,US,USD,EIA Distillate Stocks Change APR/03,2,,,
eeaffdb010b62f83,2026-04-05 20:00:00+00:00,US,USD,Consumer Inflation Expectations MAR,2,,,
bfe284b568a945c3,2026-04-05 20:30:00+00:00,US,USD,17-Week Bill Auction,2,,,
e2d54b26b4c5a18a,2026-04-05 20:30:00+00:00,US,USD,6-Month Bill Auction,2,,,
36394376687398e2,2026-04-05 20:30:00+00:00,US,USD,3-Month Bill Auction,2,,,
49b5ef3e417b7285,2026-04-05 20:30:00+00:00,US,USD,4-Week Bill Auction,2,,,
286d1af32b68a70f,2026-04-05 20:30:00+00:00,US,USD,8-Week Bill Auction,2,,,
8d10ff8848d2be94,2026-04-05 21:00:00+00:00,US,USD,15-Year Mortgage Rate APR/09,2,,,
ccc7e7e733f68567,2026-04-05 21:00:00+00:00,US,USD,WASDE Report,2,,,
9414174c6ee374e8,2026-04-05 21:00:00+00:00,US,USD,30-Year Mortgage Rate APR/09,2,,,
67136b745b01ee45,2026-04-05 21:35:00+00:00,US,USD,Fed Goolsbee Speech,2,,,
6f8af506d6cd151f,2026-04-05 22:00:00+00:00,US,USD,Baker Hughes Total Rigs Count APR/10,2,,548.0,
3ef7fa00bcb7c847,2026-04-05 22:00:00+00:00,US,USD,30-Year Bond Auction,2,,,
30c678ef1d20ce1c,2026-04-05 22:00:00+00:00,US,USD,Baker Hughes Oil Rig Count APR/10,2,,411.0,
2a7fdcd9371f63af,2026-04-05 22:00:00+00:00,US,USD,3-Year Note Auction,2,,,
1931a3bd507ba998,2026-04-05 22:00:00+00:00,US,USD,10-Year Note Auction,2,,,
6aea8f92cb5cbae5,2026-04-05 23:00:00+00:00,US,USD,Monthly Budget Statement MAR,2,,,
7d58775612715a0c,2026-04-05 23:00:00+00:00,US,USD,FOMC Minutes,2,,,
c0d91e079ef20239,2026-04-06 00:00:00+00:00,US,USD,Consumer Credit Change FEB,2,,,
2133d9e24b7c9cf8,2026-04-06 01:30:00+00:00,US,USD,Fed Balance Sheet APR/08,2,,,
96517593a98e5a33,2026-04-06 01:30:00+00:00,US,USD,API Crude Oil Stock Change APR/03,2,,,
a9600e3ba1468d02,2026-04-06 02:50:00+00:00,US,USD,Fed Jefferson Speech,2,,,
711b9d1094519f7d,2026-04-06 05:00:00+00:00,US,USD,Total Vehicle Sales MAR,2,,,
849c075de61d14b0,2026-04-06 05:01:00+00:00,IE,EUR,AIB Services PMI MAR,2,51.5,51.8,
7f0d212a51bc3b4e,2026-04-06 09:30:00+00:00,NL,EUR,Household Consumption YoY FEB,2,,,
3d6030099f34909a,2026-04-06 09:30:00+00:00,NL,EUR,Inflation Rate MoM MAR,2,,,
247eec89c825cfd7,2026-04-06 09:30:00+00:00,NL,EUR,Manufacturing Production MoM FEB,2,,,
5c98204092e294c4,2026-04-06 09:30:00+00:00,NL,EUR,Inflation Rate YoY Final MAR,2,,,
d3eff2d244c02bc6,2026-04-06 09:30:00+00:00,NL,EUR,Balance of Trade FEB,2,,,
f1f66ab76dfa7342,2026-04-06 10:00:00+00:00,FI,EUR,Current Account FEB,2,,,
8e52926c2b25562a,2026-04-06 10:00:00+00:00,FI,EUR,Industrial Production YoY FEB,2,,,
9ec07c265a59c4fa,2026-04-06 11:00:00+00:00,DE,EUR,Factory Orders MoM FEB,2,,,
a097b8d954bfb174,2026-04-06 11:00:00+00:00,DE,EUR,Imports MoM FEB,2,,,
9ffea3fbda0aaba5,2026-04-06 11:00:00+00:00,DE,EUR,Wholesale Prices YoY MAR,2,,,
225fb1451f483d08,2026-04-06 11:00:00+00:00,DE,EUR,Exports MoM FEB,2,,,
3c413263cfc5804e,2026-04-06 11:00:00+00:00,DE,EUR,Inflation Rate YoY Final MAR,2,,,
2c11215208727947,2026-04-06 11:00:00+00:00,DE,EUR,Harmonised Inflation Rate YoY Final MAR,2,,,
6b6615cb80e23a2f,2026-04-06 11:00:00+00:00,DE,EUR,Balance of Trade FEB,2,,,
9a7f49921ddba723,2026-04-06 11:00:00+00:00,DE,EUR,Wholesale Prices MoM MAR,2,,,
a624542e3318502b,2026-04-06 11:00:00+00:00,DE,EUR,Industrial Production MoM FEB,2,,,
c03609cd2137af8c,2026-04-06 11:00:00+00:00,DE,EUR,Inflation Rate MoM Final MAR,2,,,
c37ac6dbf20e775f,2026-04-06 11:00:00+00:00,DE,EUR,Harmonised Inflation Rate MoM Final MAR,2,,,
ea79c85895d7b9e9,2026-04-06 11:45:00+00:00,FR,EUR,Industrial Production MoM FEB,2,,,
0bb7e9588551c561,2026-04-06 11:45:00+00:00,FR,EUR,Balance of Trade FEB,2,,,
2111f00307561f9c,2026-04-06 11:45:00+00:00,FR,EUR,Foreign Exchange Reserves MAR,2,,,
d0a9e3817ba97a64,2026-04-06 11:45:00+00:00,FR,EUR,Current Account FEB,2,,,
be5d0c4514573a99,2026-04-06 11:45:00+00:00,FR,EUR,Exports FEB,2,,,
aac2d622fbbf8c79,2026-04-06 11:45:00+00:00,FR,EUR,Imports FEB,2,,,
d5f65ca5403c76cc,2026-04-06 12:00:00+00:00,ES,EUR,Harmonised Inflation Rate YoY Final MAR,2,,,
04aa9c969402aa93,2026-04-06 12:00:00+00:00,AT,EUR,Wholesale Prices YoY MAR,2,,,
f841e238ece11c02,2026-04-06 12:00:00+00:00,ES,EUR,Inflation Rate MoM Final MAR,2,,,
a362d4683104059f,2026-04-06 12:00:00+00:00,ES,EUR,Inflation Rate YoY Final MAR,2,,,
43bb737ce7290a12,2026-04-06 12:00:00+00:00,ES,EUR,Core Inflation Rate YoY Final MAR,2,,,
dcc009fb3481543c,2026-04-06 12:00:00+00:00,AT,EUR,Wholesale Prices MoM MAR,2,,,
7d8f88e5227c6bdb,2026-04-06 12:00:00+00:00,ES,EUR,Industrial Production YoY FEB,2,,,
c2fb93cc4e566b9a,2026-04-06 12:00:00+00:00,ES,EUR,Unemployment Change MAR,2,,,
b0d10e9b782f16b5,2026-04-06 12:00:00+00:00,AT,EUR,Balance of Trade JAN,2,,,
dbd23afe2e6dfc8d,2026-04-06 12:00:00+00:00,ES,EUR,Harmonised Inflation Rate MoM Final MAR,2,,,
dab2d8e8bb6abefe,2026-04-06 12:15:00+00:00,ES,EUR,S&P Global Composite PMI MAR,2,51.3,51.5,
951ce6503e5bffee,2026-04-06 12:15:00+00:00,ES,EUR,S&P Global Services PMI MAR,2,51.5,51.9,
9b636b476e230e16,2026-04-06 12:30:00+00:00,FR,EUR,HCOB Construction PMI MAR,2,45.0,43.9,
085fb9c6b4fe8a35,2026-04-06 12:45:00+00:00,IT,EUR,S&P Global Services PMI MAR,2,51.4,52.3,
7030e469187b814e,2026-04-06 12:45:00+00:00,IT,EUR,S&P Global Composite PMI MAR,2,51.5,52.1,
19adab5101fb91e8,2026-04-06 12:50:00+00:00,FR,EUR,S&P Global Composite PMI Final MAR,2,48.3,49.9,
f60ed837cd744b03,2026-04-06 12:50:00+00:00,FR,EUR,S&P Global Services PMI Final MAR,2,48.3,49.6,
cd1e35c0b818c769,2026-04-06 12:55:00+00:00,DE,EUR,S&P Global Services PMI Final MAR,2,51.2,53.5,
b80ec2e3e2f9b6ce,2026-04-06 12:55:00+00:00,DE,EUR,S&P Global Composite PMI Final MAR,2,51.9,53.2,
96d25c25e960f304,2026-04-06 13:00:00+00:00,IT,EUR,Industrial Production YoY FEB,2,,,
cb22a2eb6d02beab,2026-04-06 13:00:00+00:00,IT,EUR,Industrial Production MoM FEB,2,,,
d21ea00b34854ebe,2026-04-06 13:40:00+00:00,ES,EUR,10-Year Obligacion Auction,2,,,
02b03744038edebf,2026-04-06 13:40:00+00:00,ES,EUR,9-Month Letras Auction,2,,,
0e3bd560a1e4ea62,2026-04-06 13:40:00+00:00,ES,EUR,12-Month Letras Auction,2,,,
17a24e4e7bdc227f,2026-04-06 13:40:00+00:00,ES,EUR,3-Year Bonos Auction,2,,,
b370853db268e829,2026-04-06 13:40:00+00:00,ES,EUR,5-Year Bonos Auction,2,,,
03f8181ceb85e099,2026-04-06 13:40:00+00:00,ES,EUR,10-Year Index-Linked Obligacion Auction,2,,,
db6afd75f7e21310,2026-04-06 13:40:00+00:00,ES,EUR,3-Month Letras Auction,2,,,
e0e3ce0be0e85905,2026-04-06 13:40:00+00:00,ES,EUR,6-Month Letras Auction,2,,,
64ab6af567106e7d,2026-04-06 14:00:00+00:00,AT,EUR,RAGB 2023-2030/4 Auction,2,,,
0eb3a85ce9bf6af0,2026-04-06 14:00:00+00:00,GR,EUR,Balance of Trade FEB,2,,,
738e4d357f66140e,2026-04-06 14:00:00+00:00,AT,EUR,RAGB 2026-2036/1 Auction,2,,,
4130bb4447725435,2026-04-06 14:00:00+00:00,FR,EUR,IEA Oil Market Report,2,,,
f6b9e8e406eb2b7b,2026-04-06 14:00:00+00:00,GR,EUR,Industrial Production YoY FEB,2,,,
4aac64ea3bd7cf1f,2026-04-06 14:10:00+00:00,IT,EUR,12-Month BOT Auction,2,,,
8e0fe7a7050d2348,2026-04-06 14:10:00+00:00,IT,EUR,BTP Auction,2,,,
8e530d417880e8af,2026-04-06 14:15:00+00:00,GR,EUR,13-Week Bill Auction,2,,,
1172d95ee89f8de2,2026-04-06 14:30:00+00:00,DE,EUR,10-Year Bund Auction,2,,,
a9cffb667a831f4c,2026-04-06 14:30:00+00:00,DE,EUR,12-Month Bubill Auction,2,,,
799e98e3fa94312a,2026-04-06 14:30:00+00:00,DE,EUR,5-Year Bobl Auction,2,,,
0ba4a776872732d0,2026-04-06 14:30:00+00:00,DE,EUR,30-Year Bund/g Auction,2,,,
76bbda82d017b23e,2026-04-06 14:30:00+00:00,DE,EUR,10-Year Bund/g Auction,2,,,
c6863749962387a6,2026-04-06 15:00:00+00:00,BE,EUR,Short TC Auction,2,,,
f20708fdb81d43b6,2026-04-06 15:00:00+00:00,IE,EUR,Inflation Rate YoY MAR,2,,,
aa2f1babbef8bbc5,2026-04-06 15:00:00+00:00,US,USD,LMI Logistics Managers Index MAR,2,,61.5,
c9203cb996a637cb,2026-04-06 15:00:00+00:00,DE,EUR,New Car Registrations YoY MAR,2,,,
723d98d0a153b19f,2026-04-06 15:00:00+00:00,US,USD,NFIB Business Optimism Index MAR,2,97.0,98.8,
78531e8996edb050,2026-04-06 15:00:00+00:00,IE,EUR,Inflation Rate MoM MAR,2,,,
ea9e3d74fee0202d,2026-04-06 15:00:00+00:00,PT,EUR,Inflation Rate YoY Final MAR,2,,,
b4de5e51397fdd8b,2026-04-06 15:00:00+00:00,IE,EUR,Harmonised Inflation Rate YoY Final MAR,2,,,
43695adc114576be,2026-04-06 15:00:00+00:00,PT,EUR,Balance of Trade FEB,2,,,
b3d04eda2741b8f6,2026-04-06 15:00:00+00:00,PT,EUR,Inflation Rate MoM Final MAR,2,,,
562c89439c34d0b8,2026-04-06 15:00:00+00:00,IE,EUR,Harmonised Inflation Rate MoM Final MAR,2,,,
4196b00b61ef9dd3,2026-04-06 15:10:00+00:00,EU,EUR,12-Month Bill Auction,2,,,
c43ca3a479eef5dd,2026-04-06 15:10:00+00:00,EU,EUR,3-Month Bill Auction,2,,,
ae7bbdf7d34b8151,2026-04-06 15:10:00+00:00,EU,EUR,6-Month Bill Auction,2,,,
1f2475e66f975bba,2026-04-06 16:00:00+00:00,US,USD,MBA Purchase Index APR/03,2,,159.4,
2cbd45d70d4eacb0,2026-04-06 16:00:00+00:00,BE,EUR,Long TC Auction,2,,,
216a484800a3c2ab,2026-04-06 16:00:00+00:00,US,USD,MBA Mortgage Market Index APR/03,2,,278.3,
69d86fedb5ddbd88,2026-04-06 16:00:00+00:00,US,USD,MBA Mortgage Refinance Index APR/03,2,,946.4,
edf284f3c3cf6fc3,2026-04-06 16:00:00+00:00,US,USD,MBA Mortgage Applications APR/03,2,,,
1eb2c4ce71c21158,2026-04-06 16:00:00+00:00,US,USD,MBA 30-Year Mortgage Rate APR/03,2,,,
02160570822b996e,2026-04-06 17:15:00+00:00,US,USD,ADP Employment Change Weekly,2,,,
48e40906e0178c34,2026-04-06 17:30:00+00:00,US,USD,Durable Goods Orders ex Defense MoM FEB,2,,,
66638203147f9036,2026-04-06 17:30:00+00:00,US,USD,Durable Goods Orders MoM FEB,2,,,
eb217efa4c8c23b0,2026-04-06 17:30:00+00:00,US,USD,PCE Price Index YoY FEB,2,,,
27a3f48571952344,2026-04-06 17:30:00+00:00,US,USD,Durable Goods Orders Ex Transp MoM FEB,2,,,
78f016a17ceff795,2026-04-06 17:30:00+00:00,US,USD,CPI MAR,2,329.7,326.79,
35b53b804c6b93d5,2026-04-06 17:30:00+00:00,US,USD,GDP Price Index QoQ Final Q4,2,,,
c6abfd0a3bafcf4e,2026-04-06 17:30:00+00:00,US,USD,Participation Rate MAR,2,,,
dd3f38788211cd83,2026-04-06 17:30:00+00:00,US,USD,Real Consumer Spending QoQ Final Q4,2,,,
c5180871e798d374,2026-04-06 17:30:00+00:00,US,USD,Unemployment Rate MAR,2,,,
e1a6b558215ecf09,2026-04-06 17:30:00+00:00,US,USD,Manufacturing Payrolls MAR,2,,,
17e892faed0b1c80,2026-04-06 17:30:00+00:00,US,USD,PCE Price Index MoM FEB,2,,,
af1f9717f1c20d23,2026-04-06 17:30:00+00:00,US,USD,PPI YoY MAR,2,,,
004f72438c8a02a2,2026-04-06 17:30:00+00:00,US,USD,PPI MAR,2,153.1,153.231,
6fc49a948759764f,2026-04-06 17:30:00+00:00,US,USD,Core Inflation Rate MoM MAR,2,,,
5d8f10f3220fc85e,2026-04-06 17:30:00+00:00,US,USD,Government Payrolls MAR,2,,,
7d85b3ec66dcda17,2026-04-06 17:30:00+00:00,US,USD,PPI MoM MAR,2,,,
27606ad4b0669794,2026-04-06 17:30:00+00:00,US,USD,Inflation Rate MoM MAR,2,,,
ea0f4a1b66e25e6a,2026-04-06 17:30:00+00:00,US,USD,Average Hourly Earnings YoY MAR,2,,,
6b279c996ece1237,2026-04-06 17:30:00+00:00,US,USD,Core PCE Price Index YoY FEB,2,,,
72768a6f63d86de3,2026-04-06 17:30:00+00:00,US,USD,Personal Income MoM FEB,2,,,
54ee1994bfa6d66d,2026-04-06 17:30:00+00:00,US,USD,Average Hourly Earnings MoM MAR,2,,,
585e0e0d1b5113b0,2026-04-06 17:30:00+00:00,US,USD,Personal Spending MoM FEB,2,,,
8e0148a638c1a9fe,2026-04-06 17:30:00+00:00,US,USD,Core Inflation Rate YoY MAR,2,,,
83598a1000689968,2026-04-06 17:30:00+00:00,US,USD,"PPI Ex Food, Energy and Trade MoM MAR",2,,,
a080047372aeed5b,2026-04-06 17:30:00+00:00,US,USD,Initial Jobless Claims APR/04,2,,,
a1fc079fd9d6325a,2026-04-06 17:30:00+00:00,US,USD,GDP Growth Rate QoQ Final Q4,2,,,
4e6714691f8fe01a,2026-04-06 17:30:00+00:00,US,USD,CPI s.a MAR,2,330.1,327.46,
c4bfec990996d33f,2026-04-06 17:30:00+00:00,US,USD,Core PCE Price Index MoM FEB,2,,,
f8f6abab48e7e672,2026-04-06 17:30:00+00:00,US,USD,U-6 Unemployment Rate MAR,2,,,
28f7892a95edcb4d,2026-04-06 17:30:00+00:00,US,USD,Inflation Rate YoY MAR,2,,,
f8aa4769b8b807b6,2026-04-06 17:30:00+00:00,US,USD,Corporate Profits QoQ Q4,2,,,
b1ab3f3f924ee7f1,2026-04-06 17:30:00+00:00,US,USD,Non Farm Payrolls MAR,2,,,
f26ac1fdcc24168e,2026-04-06 17:30:00+00:00,US,USD,PCE Prices QoQ Final Q4,2,,,
c93907cafd11cbb8,2026-04-06 17:30:00+00:00,US,USD,Real Personal Spending MoM FEB,2,,,
31d6b9c79ba044d6,2026-04-06 17:30:00+00:00,US,USD,Average Weekly Hours MAR,2,34.3,34.3,34.2
bd598c45d1bd761d,2026-04-06 17:30:00+00:00,US,USD,Nonfarm Payrolls Private MAR,2,,,
bea78f5a61123cd9,2026-04-06 17:30:00+00:00,US,USD,GDP Sales QoQ Final Q4,2,,,
29fb492f18dfba28,2026-04-06 17:30:00+00:00,US,USD,Core PCE Prices QoQ Final Q4,2,,,
67ce310014c24880,2026-04-06 17:30:00+00:00,US,USD,Jobless Claims 4-week Average APR/04,2,,,
40e3056851c0286d,2026-04-06 17:30:00+00:00,US,USD,Core PPI MoM MAR,2,,,
ad8a00f38a22614c,2026-04-06 17:30:00+00:00,US,USD,Non Defense Goods Orders Ex Air FEB,2,,,
a42684cb47cc76fd,2026-04-06 17:30:00+00:00,US,USD,"PPI Ex Food, Energy and Trade YoY MAR",2,,,
580c6d4386cb5194,2026-04-06 17:30:00+00:00,US,USD,Continuing Jobless Claims MAR/28,2,,,
0b859f2555471f14,2026-04-06 17:30:00+00:00,US,USD,Core PPI YoY MAR,2,,,
fa741aaf5f8520f8,2026-04-06 17:45:00+00:00,DE,EUR,Current Account FEB,2,,,
827840af450c42ef,2026-04-06 17:55:00+00:00,US,USD,Redbook YoY APR/11,2,,,
a935ce4d552fdae0,2026-04-06 17:55:00+00:00,US,USD,Redbook YoY APR/04,2,,,
cceb84199bcc7ea0,2026-04-06 18:00:00+00:00,FR,EUR,12-Month BTF Auction,2,,,
0d5191277a293db4,2026-04-06 18:00:00+00:00,US,USD,Used Car Prices MoM MAR,2,,,
ffc0a365ebf15817,2026-04-06 18:00:00+00:00,FR,EUR,6-Month BTF Auction,2,,,
351b5f66beb29e05,2026-04-06 18:00:00+00:00,FR,EUR,3-Month BTF Auction,2,,,
b1cd48e5676a749d,2026-04-06 18:00:00+00:00,US,USD,Used Car Prices YoY MAR,2,,,
4465344ec7c61733,2026-04-06 18:20:00+00:00,US,USD,NY Fed Bill Purchases 1 to 4 months,2,,,
77889465e0227813,2026-04-06 18:45:00+00:00,US,USD,S&P Global Services PMI Final MAR,2,51.1,51.7,49.8
8f8cf767afa60aaa,2026-04-06 18:45:00+00:00,US,USD,S&P Global Composite PMI Final MAR,2,51.4,51.9,50.3
84d5d7878d16c274,2026-04-06 19:00:00+00:00,US,USD,Michigan Current Conditions Prel APR,2,55.0,55.8,
ccb913c76e8ca8ed,2026-04-06 19:00:00+00:00,US,USD,ISM Services Employment MAR,2,51.7,51.8,
051251fecd4fb35c,2026-04-06 19:00:00+00:00,US,USD,Factory Orders MoM FEB,2,,,
41b7d75085914179,2026-04-06 19:00:00+00:00,US,USD,Michigan Consumer Expectations Prel APR,2,51.0,51.7,
88efc2fd5cef986c,2026-04-06 19:00:00+00:00,US,USD,Michigan 5 Year Inflation Expectations Prel APR,2,,,
deacf963c311bb76,2026-04-06 19:00:00+00:00,US,USD,Factory Orders ex Transportation FEB,2,,,
0d71088a7e168dfb,2026-04-06 19:00:00+00:00,US,USD,Wholesale Inventories MoM FEB,2,,,
e40f6c2de02f3359,2026-04-06 19:00:00+00:00,US,USD,Existing Home Sales MoM MAR,2,,,
674f699360b67e54,2026-04-06 19:00:00+00:00,US,USD,ISM Services Prices MAR,2,70.0,63.0,
8b211edb605c214e,2026-04-06 19:00:00+00:00,US,USD,ISM Services New Orders MAR,2,57.6,58.6,
6cb20dc58bd01603,2026-04-06 19:00:00+00:00,US,USD,Michigan Consumer Sentiment Prel APR,2,52.9,53.3,
57819ee1125a6cd2,2026-04-06 19:00:00+00:00,US,USD,ISM Services Business Activity MAR,2,58.0,59.9,
19e69ea4ae79437a,2026-04-06 19:00:00+00:00,US,USD,ISM Services PMI MAR,2,54.0,56.1,
1492282ed589caba,2026-04-06 19:00:00+00:00,US,USD,Michigan Inflation Expectations Prel APR,2,,,
5caf7bd0ff22912c,2026-04-06 19:00:00+00:00,US,USD,Existing Home Sales MAR,2,,,
5ce88343efbc9cdd,2026-04-06 19:10:00+00:00,US,USD,RCM/TIPP Economic Optimism Index APR,2,47.0,47.5,
e5b0ccf159584d40,2026-04-06 19:30:00+00:00,US,USD,EIA Distillate Stocks Change APR/03,2,,,
11123dab3e9b5477,2026-04-06 19:30:00+00:00,US,USD,EIA Natural Gas Stocks Change APR/03,2,,,
f8e00829a2644bf3,2026-04-06 19:30:00+00:00,US,USD,EIA Gasoline Stocks Change APR/03,2,,,
b821233b164f2b73,2026-04-06 19:30:00+00:00,US,USD,EIA Distillate Fuel Production Change APR/03,2,,,
8e250162022859d6,2026-04-06 19:30:00+00:00,US,USD,EIA Cushing Crude Oil Stocks Change APR/03,2,,,
761b6166401caaa5,2026-04-06 19:30:00+00:00,US,USD,EIA Crude Oil Stocks Change APR/03,2,,,
9eec5acf55dc3d83,2026-04-06 19:30:00+00:00,US,USD,EIA Heating Oil Stocks Change APR/03,2,,,
d4eebe658847e562,2026-04-06 19:30:00+00:00,US,USD,EIA Refinery Crude Runs Change APR/03,2,,,
0927330741b693db,2026-04-06 19:30:00+00:00,US,USD,EIA Crude Oil Imports Change APR/03,2,,,
a6865052e242673c,2026-04-06 19:30:00+00:00,US,USD,EIA Gasoline Production Change APR/03,2,,,
7ce87b4b1afaa5ec,2026-04-06 20:00:00+00:00,US,USD,Consumer Inflation Expectations MAR,2,,,
d97b10fbf56fb5e2,2026-04-06 20:30:00+00:00,US,USD,8-Week Bill Auction,2,,,
36fb6c78257ff5dc,2026-04-06 20:30:00+00:00,US,USD,3-Month Bill Auction,2,,,
298e478465ce1102,2026-04-06 20:30:00+00:00,US,USD,4-Week Bill Auction,2,,,
3940ae7591ffc085,2026-04-06 20:30:00+00:00,US,USD,6-Month Bill Auction,2,,,
5e72a6b6e8dc28b6,2026-04-06 20:30:00+00:00,US,USD,17-Week Bill Auction,2,,,
0277d74dd8dc5216,2026-04-06 21:00:00+00:00,US,USD,WASDE Report,2,,,
e8ef27301bbc0142,2026-04-06 21:00:00+00:00,US,USD,15-Year Mortgage Rate APR/09,2,,,
ce7280ef1d735454,2026-04-06 21:00:00+00:00,US,USD,30-Year Mortgage Rate APR/09,2,,,
aba45b3874926616,2026-04-06 21:35:00+00:00,US,USD,Fed Goolsbee Speech,2,,,
6f5cbe0c04394d6a,2026-04-06 22:00:00+00:00,US,USD,10-Year Note Auction,2,,,
5df6bfbdd8258423,2026-04-06 22:00:00+00:00,US,USD,3-Year Note Auction,2,,,
3680ac84f8236415,2026-04-06 22:00:00+00:00,US,USD,30-Year Bond Auction,2,,,
63dc758b7af30524,2026-04-06 22:00:00+00:00,US,USD,Baker Hughes Oil Rig Count APR/10,2,,411.0,
30ddafd5a7f86c45,2026-04-06 22:00:00+00:00,US,USD,Baker Hughes Total Rigs Count APR/10,2,,548.0,
eaeeef39083ae7a4,2026-04-06 23:00:00+00:00,US,USD,FOMC Minutes,2,,,
4bc0757da9d2a152,2026-04-06 23:00:00+00:00,US,USD,Monthly Budget Statement MAR,2,,,
93828e8351b99e30,2026-04-07 00:00:00+00:00,US,USD,Consumer Credit Change FEB,2,,,
a5b463a54e9c7c1b,2026-04-07 01:30:00+00:00,US,USD,Fed Balance Sheet APR/08,2,,,
e716e7bcd787713e,2026-04-07 01:30:00+00:00,US,USD,API Crude Oil Stock Change APR/03,2,,,
ba1f6245762f96b5,2026-04-07 02:50:00+00:00,US,USD,Fed Jefferson Speech,2,,,
e7c56cd3a24fb4c2,2026-04-07 05:00:00+00:00,US,USD,Total Vehicle Sales MAR,2,,,
c79a143988ff8c34,2026-04-07 05:01:00+00:00,IE,EUR,AIB Services PMI MAR,2,51.5,51.8,
f97509d2fab6393c,2026-04-07 09:30:00+00:00,NL,EUR,Inflation Rate YoY Final MAR,2,,,
c5dc61d1bedcfb37,2026-04-07 09:30:00+00:00,NL,EUR,Balance of Trade FEB,2,,,
d9a995147d5e81a4,2026-04-07 09:30:00+00:00,NL,EUR,Manufacturing Production MoM FEB,2,,,
c24d8915f11850ef,2026-04-07 09:30:00+00:00,NL,EUR,Inflation Rate MoM MAR,2,,,
5fc0dd4567f1b110,2026-04-07 09:30:00+00:00,NL,EUR,Household Consumption YoY FEB,2,,,
5815b295b269b8c1,2026-04-07 10:00:00+00:00,FI,EUR,Current Account FEB,2,,,
0ca4686fc9cfd657,2026-04-07 10:00:00+00:00,FI,EUR,Industrial Production YoY FEB,2,,,
ee64c8345ec8ea98,2026-04-07 11:00:00+00:00,DE,EUR,Harmonised Inflation Rate MoM Final MAR,2,,,
295804d03920ca9b,2026-04-07 11:00:00+00:00,DE,EUR,Imports MoM FEB,2,,,
bce73f0f074a73b5,2026-04-07 11:00:00+00:00,DE,EUR,Wholesale Prices YoY MAR,2,,,
559b573eb6dce719,2026-04-07 11:00:00+00:00,DE,EUR,Harmonised Inflation Rate YoY Final MAR,2,,,
f4900d5d75053c97,2026-04-07 11:00:00+00:00,DE,EUR,Balance of Trade FEB,2,,,
2fd5be1d71ebbf9b,2026-04-07 11:00:00+00:00,DE,EUR,Factory Orders MoM FEB,2,,,
590dcd6632a9394a,2026-04-07 11:00:00+00:00,DE,EUR,Exports MoM FEB,2,,,
1b89c653ce5ebc5a,2026-04-07 11:00:00+00:00,DE,EUR,Wholesale Prices MoM MAR,2,,,
d4cbeb26cb5c05d9,2026-04-07 11:00:00+00:00,DE,EUR,Inflation Rate MoM Final MAR,2,,,
538c16c9d48c87e0,2026-04-07 11:00:00+00:00,DE,EUR,Inflation Rate YoY Final MAR,2,,,
0861784a50bd2300,2026-04-07 11:00:00+00:00,DE,EUR,Industrial Production MoM FEB,2,,,
6df1036285c35665,2026-04-07 11:45:00+00:00,FR,EUR,Imports FEB,2,,,
6d32590f2bae41dc,2026-04-07 11:45:00+00:00,FR,EUR,Foreign Exchange Reserves MAR,2,,,
23ed6f554a481066,2026-04-07 11:45:00+00:00,FR,EUR,Industrial Production MoM FEB,2,,,
fcf57b17173f33fd,2026-04-07 11:45:00+00:00,FR,EUR,Current Account FEB,2,,,
c5fa184e29601205,2026-04-07 11:45:00+00:00,FR,EUR,Exports FEB,2,,,
14c2645be2731926,2026-04-07 11:45:00+00:00,FR,EUR,Balance of Trade FEB,2,,,
1e05e0d81ab07fcc,2026-04-07 12:00:00+00:00,AT,EUR,Wholesale Prices YoY MAR,2,,,
4a1047a9454039be,2026-04-07 12:00:00+00:00,ES,EUR,Inflation Rate MoM Final MAR,2,,,
f4bb092efea65d10,2026-04-07 12:00:00+00:00,ES,EUR,Unemployment Change MAR,2,,,
cac1bcb345cad1b6,2026-04-07 12:00:00+00:00,AT,EUR,Wholesale Prices MoM MAR,2,,,
2ed627926b1e560f,2026-04-07 12:00:00+00:00,ES,EUR,Harmonised Inflation Rate YoY Final MAR,2,,,
f7f7a5ed6154d35c,2026-04-07 12:00:00+00:00,ES,EUR,Core Inflation Rate YoY Final MAR,2,,,
f492db5222bfea55,2026-04-07 12:00:00+00:00,ES,EUR,Inflation Rate YoY Final MAR,2,,,
10885da42231dbf6,2026-04-07 12:00:00+00:00,ES,EUR,Industrial Production YoY FEB,2,,,
d77a3d1f4cea5876,2026-04-07 12:00:00+00:00,ES,EUR,Harmonised Inflation Rate MoM Final MAR,2,,,
836c4ac9767825a6,2026-04-07 12:00:00+00:00,AT,EUR,Balance of Trade JAN,2,,,
46880637e36fd607,2026-04-07 12:15:00+00:00,ES,EUR,S&P Global Services PMI MAR,2,51.5,51.9,
06486c37c176e1d4,2026-04-07 12:15:00+00:00,ES,EUR,S&P Global Composite PMI MAR,2,51.3,51.5,
1a51d4d256edc8a5,2026-04-07 12:30:00+00:00,FR,EUR,HCOB Construction PMI MAR,2,45.0,43.9,
ecf14d62d8c756b6,2026-04-07 12:45:00+00:00,IT,EUR,S&P Global Composite PMI MAR,2,51.5,52.1,
da2f2227cd484546,2026-04-07 12:45:00+00:00,IT,EUR,S&P Global Services PMI MAR,2,51.4,52.3,
d641d83d7aa9c93c,2026-04-07 12:50:00+00:00,FR,EUR,S&P Global Services PMI Final MAR,2,48.3,49.6,
eb8ad71d88ca434c,2026-04-07 12:50:00+00:00,FR,EUR,S&P Global Composite PMI Final MAR,2,48.3,49.9,
b8bb2f56c1357e4d,2026-04-07 12:55:00+00:00,DE,EUR,S&P Global Composite PMI Final MAR,2,51.9,53.2,
982545b612728bd5,2026-04-07 12:55:00+00:00,DE,EUR,S&P Global Services PMI Final MAR,2,51.2,53.5,
b6b7acc0e339be6b,2026-04-07 13:00:00+00:00,IT,EUR,Industrial Production MoM FEB,2,,,
0041cd7d2bbb571f,2026-04-07 13:00:00+00:00,IT,EUR,Industrial Production YoY FEB,2,,,
ed8817967f53e304,2026-04-07 13:40:00+00:00,ES,EUR,3-Month Letras Auction,2,,,
c5a4306d048f71f2,2026-04-07 13:40:00+00:00,ES,EUR,5-Year Bonos Auction,2,,,
7e1eaf7365bf5c9d,2026-04-07 13:40:00+00:00,ES,EUR,3-Year Bonos Auction,2,,,
6e67e2ad7d499374,2026-04-07 13:40:00+00:00,ES,EUR,10-Year Obligacion Auction,2,,,
8e28738fe0f4720b,2026-04-07 13:40:00+00:00,ES,EUR,6-Month Letras Auction,2,,,
7f9e45ffaf73ef60,2026-04-07 13:40:00+00:00,ES,EUR,12-Month Letras Auction,2,,,
5c865d2f9fdbddaa,2026-04-07 13:40:00+00:00,ES,EUR,10-Year Index-Linked Obligacion Auction,2,,,
26badffdc5d9bedc,2026-04-07 13:40:00+00:00,ES,EUR,9-Month Letras Auction,2,,,
bbfc0d10729d5aab,2026-04-07 14:00:00+00:00,AT,EUR,RAGB 2023-2030/4 Auction,2,,,
a2430c1da04f9360,2026-04-07 14:00:00+00:00,AT,EUR,RAGB 2026-2036/1 Auction,2,,,
6a979287aa43b368,2026-04-07 14:00:00+00:00,FR,EUR,IEA Oil Market Report,2,,,
e221b33d17df006c,2026-04-07 14:00:00+00:00,GR,EUR,Industrial Production YoY FEB,2,,,
d82dc2b3dab1ceda,2026-04-07 14:00:00+00:00,GR,EUR,Balance of Trade FEB,2,,,
5811663e1b094041,2026-04-07 14:10:00+00:00,IT,EUR,12-Month BOT Auction,2,,,
e37d97dd9ba5d9a0,2026-04-07 14:10:00+00:00,IT,EUR,BTP Auction,2,,,
34dbf19ec79a49ba,2026-04-07 14:15:00+00:00,GR,EUR,13-Week Bill Auction,2,,,
4c3f48bd7fa9a840,2026-04-07 14:30:00+00:00,DE,EUR,12-Month Bubill Auction,2,,,
2cbfc0edce11a8ab,2026-04-07 14:30:00+00:00,DE,EUR,30-Year Bund/g Auction,2,,,
39a1b50e99ff9800,2026-04-07 14:30:00+00:00,DE,EUR,10-Year Bund Auction,2,,,
e0a2047c2224795e,2026-04-07 14:30:00+00:00,DE,EUR,5-Year Bobl Auction,2,,,
6b4e7484d0b749a6,2026-04-07 14:30:00+00:00,DE,EUR,10-Year Bund/g Auction,2,,,
07d506cd1df0751f,2026-04-07 15:00:00+00:00,IE,EUR,Harmonised Inflation Rate MoM Final MAR,2,,,
1f4e37c066828cfe,2026-04-07 15:00:00+00:00,IE,EUR,Inflation Rate MoM MAR,2,,,
731d15a541b54edd,2026-04-07 15:00:00+00:00,US,USD,NFIB Business Optimism Index MAR,2,97.0,98.8,
06afd59b4fa116f9,2026-04-07 15:00:00+00:00,IE,EUR,Harmonised Inflation Rate YoY Final MAR,2,,,
e3217a7dcef0f268,2026-04-07 15:00:00+00:00,PT,EUR,Balance of Trade FEB,2,,,
244dc38f7eb4f3da,2026-04-07 15:00:00+00:00,PT,EUR,Inflation Rate YoY Final MAR,2,,,
8b564d0481fa9ba5,2026-04-07 15:00:00+00:00,PT,EUR,Inflation Rate MoM Final MAR,2,,,
f55dbf75530b771e,2026-04-07 15:00:00+00:00,DE,EUR,New Car Registrations YoY MAR,2,,,
55fae945ea725ab7,2026-04-07 15:00:00+00:00,IE,EUR,Inflation Rate YoY MAR,2,,,
9260e610e0071bc0,2026-04-07 15:00:00+00:00,BE,EUR,Short TC Auction,2,,,
adae756bb9827377,2026-04-07 15:00:00+00:00,US,USD,LMI Logistics Managers Index MAR,2,,61.5,
20ff8bafa0c70e79,2026-04-07 15:10:00+00:00,EU,EUR,6-Month Bill Auction,2,,,
ac3f82d5453c1948,2026-04-07 15:10:00+00:00,EU,EUR,12-Month Bill Auction,2,,,
52afd8501811829e,2026-04-07 15:10:00+00:00,EU,EUR,3-Month Bill Auction,2,,,
099cb37300c36d66,2026-04-07 16:00:00+00:00,US,USD,MBA Mortgage Market Index APR/03,2,,278.3,
b50bf8e35836d074,2026-04-07 16:00:00+00:00,US,USD,MBA Purchase Index APR/03,2,,159.4,
56667a5faf818f25,2026-04-07 16:00:00+00:00,US,USD,MBA Mortgage Refinance Index APR/03,2,,946.4,
44c3c8fd008abf1f,2026-04-07 16:00:00+00:00,BE,EUR,Long TC Auction,2,,,
543e150328b72401,2026-04-07 16:00:00+00:00,US,USD,MBA 30-Year Mortgage Rate APR/03,2,,,
d1d53c8b9eed1ce7,2026-04-07 16:00:00+00:00,US,USD,MBA Mortgage Applications APR/03,2,,,
e7aa707805636b9f,2026-04-07 17:15:00+00:00,US,USD,ADP Employment Change Weekly,2,,,
36d36b24ecbd27e4,2026-04-07 17:30:00+00:00,US,USD,Real Personal Spending MoM FEB,2,,,
be1fc88741386eb4,2026-04-07 17:30:00+00:00,US,USD,Real Consumer Spending QoQ Final Q4,2,,,
391c405a90f15558,2026-04-07 17:30:00+00:00,US,USD,Personal Spending MoM FEB,2,,,
7ebd089634a5af55,2026-04-07 17:30:00+00:00,US,USD,Initial Jobless Claims APR/04,2,,,
b3f68e2cf4810303,2026-04-07 17:30:00+00:00,US,USD,Durable Goods Orders Ex Transp MoM FEB,2,,,
c4b5136dfc4a0bf0,2026-04-07 17:30:00+00:00,US,USD,Durable Goods Orders MoM FEB,2,,,
bf14eaead6261da2,2026-04-07 17:30:00+00:00,US,USD,PCE Price Index YoY FEB,2,,,
1b96fc2a06fa8120,2026-04-07 17:30:00+00:00,US,USD,Manufacturing Payrolls MAR,2,,,
6445ec6cb74f0041,2026-04-07 17:30:00+00:00,US,USD,Government Payrolls MAR,2,,,
1894390debccde8a,2026-04-07 17:30:00+00:00,US,USD,PCE Price Index MoM FEB,2,,,
5364566a4425dc76,2026-04-07 17:30:00+00:00,US,USD,Average Weekly Hours MAR,2,34.3,34.3,34.2
b5ee4ae90df55b9a,2026-04-07 17:30:00+00:00,US,USD,Durable Goods Orders ex Defense MoM FEB,2,,,
733c2baf39904730,2026-04-07 17:30:00+00:00,US,USD,Core Inflation Rate YoY MAR,2,,,
830226f24e519c86,2026-04-07 17:30:00+00:00,US,USD,CPI MAR,2,329.7,326.79,
c78f878d1d5dd655,2026-04-07 17:30:00+00:00,US,USD,Core PCE Prices QoQ Final Q4,2,,,
fb6265c379938e04,2026-04-07 17:30:00+00:00,US,USD,PCE Prices QoQ Final Q4,2,,,
ca01d0da10c66bba,2026-04-07 17:30:00+00:00,US,USD,Non Defense Goods Orders Ex Air FEB,2,,,
2f018e09c8ba28ab,2026-04-07 17:30:00+00:00,US,USD,Core PCE Price Index MoM FEB,2,,,
b7b993a6b2ab9258,2026-04-07 17:30:00+00:00,US,USD,Continuing Jobless Claims MAR/28,2,,,
fb9a284e8e6e5bea,2026-04-07 17:30:00+00:00,US,USD,Average Hourly Earnings MoM MAR,2,,,
8dcb2bce3acae67e,2026-04-07 17:30:00+00:00,US,USD,"PPI Ex Food, Energy and Trade MoM MAR",2,,,
7162e308935069c4,2026-04-07 17:30:00+00:00,US,USD,Inflation Rate MoM MAR,2,,,
ac3754bfa4779321,2026-04-07 17:30:00+00:00,US,USD,Core Inflation Rate MoM MAR,2,,,
2207faf059599f3a,2026-04-07 17:30:00+00:00,US,USD,Core PCE Price Index YoY FEB,2,,,
2a1c2029a70fe725,2026-04-07 17:30:00+00:00,US,USD,"PPI Ex Food, Energy and Trade YoY MAR",2,,,
6c02a18bdaa4e912,2026-04-07 17:30:00+00:00,US,USD,Core PPI YoY MAR,2,,,
9dd210a9a3cc7484,2026-04-07 17:30:00+00:00,US,USD,PPI MAR,2,153.1,153.231,
161b02f1e1a5ba09,2026-04-07 17:30:00+00:00,US,USD,Participation Rate MAR,2,,,
89c2d1ddec85499d,2026-04-07 17:30:00+00:00,US,USD,U-6 Unemployment Rate MAR,2,,,
47ea01116ce6d36d,2026-04-07 17:30:00+00:00,US,USD,GDP Price Index QoQ Final Q4,2,,,
85a10a6d97a723e7,2026-04-07 17:30:00+00:00,US,USD,GDP Sales QoQ Final Q4,2,,,
f07913c062c2df49,2026-04-07 17:30:00+00:00,US,USD,GDP Growth Rate QoQ Final Q4,2,,,
d2c99b55f093df26,2026-04-07 17:30:00+00:00,US,USD,Personal Income MoM FEB,2,,,
f2bd4871423b436f,2026-04-07 17:30:00+00:00,US,USD,CPI s.a MAR,2,330.1,327.46,
9d667c504bcae04d,2026-04-07 17:30:00+00:00,US,USD,Inflation Rate YoY MAR,2,,,
832f19197d511fa4,2026-04-07 17:30:00+00:00,US,USD,PPI YoY MAR,2,,,
01e90e709c3cbe8a,2026-04-07 17:30:00+00:00,US,USD,Unemployment Rate MAR,2,,,
06aed99daf973b74,2026-04-07 17:30:00+00:00,US,USD,Non Farm Payrolls MAR,2,,,
4cd474d70cfd47b4,2026-04-07 17:30:00+00:00,US,USD,Jobless Claims 4-week Average APR/04,2,,,
3925eb5388e48a19,2026-04-07 17:30:00+00:00,US,USD,Corporate Profits QoQ Q4,2,,,
a76b450c7d9f869f,2026-04-07 17:30:00+00:00,US,USD,Nonfarm Payrolls Private MAR,2,,,
dcd50313190871ee,2026-04-07 17:30:00+00:00,US,USD,PPI MoM MAR,2,,,
96d8fb43e015222c,2026-04-07 17:30:00+00:00,US,USD,Average Hourly Earnings YoY MAR,2,,,
6b9a9b447026200a,2026-04-07 17:30:00+00:00,US,USD,Core PPI MoM MAR,2,,,
bdad0ab78df544b2,2026-04-07 17:45:00+00:00,DE,EUR,Current Account FEB,2,,,
a876b6016a1908d5,2026-04-07 17:55:00+00:00,US,USD,Redbook YoY APR/11,2,,,
84c2b40a3e12a8d4,2026-04-07 17:55:00+00:00,US,USD,Redbook YoY APR/04,2,,,
e658f16bb2495723,2026-04-07 18:00:00+00:00,FR,EUR,6-Month BTF Auction,2,,,
1e9419cc8ed1289a,2026-04-07 18:00:00+00:00,FR,EUR,3-Month BTF Auction,2,,,
4eaffb6674c28de9,2026-04-07 18:00:00+00:00,FR,EUR,12-Month BTF Auction,2,,,
974fbc3ed6dba278,2026-04-07 18:00:00+00:00,US,USD,Used Car Prices MoM MAR,2,,,
7f9cd6232ab3a643,2026-04-07 18:00:00+00:00,US,USD,Used Car Prices YoY MAR,2,,,
6f250cbf18a81a69,2026-04-07 18:20:00+00:00,US,USD,NY Fed Bill Purchases 1 to 4 months,2,,,
9b6133e6db3d098e,2026-04-07 18:45:00+00:00,US,USD,S&P Global Composite PMI Final MAR,2,51.4,51.9,50.3
18122a05514fe73a,2026-04-07 18:45:00+00:00,US,USD,S&P Global Services PMI Final MAR,2,51.1,51.7,49.8
cf4aa06405737ee9,2026-04-07 19:00:00+00:00,US,USD,Factory Orders MoM FEB,2,,,
bbfae9baac38b768,2026-04-07 19:00:00+00:00,US,USD,Existing Home Sales MoM MAR,2,,,
906dd2f3e2785726,2026-04-07 19:00:00+00:00,US,USD,ISM Services New Orders MAR,2,57.6,58.6,
c67af6103d74cba7,2026-04-07 19:00:00+00:00,US,USD,Michigan 5 Year Inflation Expectations Prel APR,2,,,
beb43e95e8fed006,2026-04-07 19:00:00+00:00,US,USD,Existing Home Sales MAR,2,,,
94ee9d876f4a0807,2026-04-07 19:00:00+00:00,US,USD,Factory Orders ex Transportation FEB,2,,,
45410d2f778e10b9,2026-04-07 19:00:00+00:00,US,USD,ISM Services Employment MAR,2,51.7,51.8,
978ef8d5c8a26669,2026-04-07 19:00:00+00:00,US,USD,Michigan Consumer Sentiment Prel APR,2,52.9,53.3,
1d1f86eca1e5edb8,2026-04-07 19:00:00+00:00,US,USD,Michigan Current Conditions Prel APR,2,55.0,55.8,
0ff909ec738c0d7a,2026-04-07 19:00:00+00:00,US,USD,Michigan Consumer Expectations Prel APR,2,51.0,51.7,
445322436bcb41d2,2026-04-07 19:00:00+00:00,US,USD,Michigan Inflation Expectations Prel APR,2,,,
baf40d438045628f,2026-04-07 19:00:00+00:00,US,USD,Wholesale Inventories MoM FEB,2,,,
d401070f9daecd2c,2026-04-07 19:00:00+00:00,US,USD,ISM Services Prices MAR,2,70.0,63.0,
9c31af5f2e867742,2026-04-07 19:00:00+00:00,US,USD,ISM Services Business Activity MAR,2,58.0,59.9,
c972d41a8984328f,2026-04-07 19:00:00+00:00,US,USD,ISM Services PMI MAR,2,54.0,56.1,
a04686f491ac51c9,2026-04-07 19:10:00+00:00,US,USD,RCM/TIPP Economic Optimism Index APR,2,47.0,47.5,
e06c770199be13a4,2026-04-07 19:30:00+00:00,US,USD,EIA Distillate Stocks Change APR/03,2,,,
b0ec1f6402939e22,2026-04-07 19:30:00+00:00,US,USD,EIA Crude Oil Stocks Change APR/03,2,,,
87d4835483570cef,2026-04-07 19:30:00+00:00,US,USD,EIA Heating Oil Stocks Change APR/03,2,,,
9cce96d4848f02c1,2026-04-07 19:30:00+00:00,US,USD,EIA Gasoline Stocks Change APR/03,2,,,
f86f02d82b18c23b,2026-04-07 19:30:00+00:00,US,USD,EIA Gasoline Production Change APR/03,2,,,
69448f95387041f0,2026-04-07 19:30:00+00:00,US,USD,EIA Cushing Crude Oil Stocks Change APR/03,2,,,
e91ae962660f31fe,2026-04-07 19:30:00+00:00,US,USD,EIA Distillate Fuel Production Change APR/03,2,,,
07acd3e160fb5224,2026-04-07 19:30:00+00:00,US,USD,EIA Refinery Crude Runs Change APR/03,2,,,
50ee83664ddb2106,2026-04-07 19:30:00+00:00,US,USD,EIA Natural Gas Stocks Change APR/03,2,,,
44c0ec60f2c6b142,2026-04-07 19:30:00+00:00,US,USD,EIA Crude Oil Imports Change APR/03,2,,,
12484afde0e49087,2026-04-07 20:00:00+00:00,US,USD,Consumer Inflation Expectations MAR,2,,,
d08e445d0e9abec6,2026-04-07 20:30:00+00:00,US,USD,8-Week Bill Auction,2,,,
b67f938ceec84703,2026-04-07 20:30:00+00:00,US,USD,3-Month Bill Auction,2,,,
3223ef3a185ccfe6,2026-04-07 20:30:00+00:00,US,USD,4-Week Bill Auction,2,,,
40571656b9d28ad4,2026-04-07 20:30:00+00:00,US,USD,6-Month Bill Auction,2,,,
5820657c0134ca01,2026-04-07 20:30:00+00:00,US,USD,17-Week Bill Auction,2,,,
cfdceccdfa9486b1,2026-04-07 21:00:00+00:00,US,USD,WASDE Report,2,,,
9cfef71e005f7cd5,2026-04-07 21:00:00+00:00,US,USD,30-Year Mortgage Rate APR/09,2,,,
b042782f80691fd4,2026-04-07 21:00:00+00:00,US,USD,15-Year Mortgage Rate APR/09,2,,,
63e52ad5746eb272,2026-04-07 21:35:00+00:00,US,USD,Fed Goolsbee Speech,2,,,
54a773e291001d33,2026-04-07 22:00:00+00:00,US,USD,Baker Hughes Total Rigs Count APR/10,2,,548.0,
cd551ffeb03f6beb,2026-04-07 22:00:00+00:00,US,USD,Baker Hughes Oil Rig Count APR/10,2,,411.0,
a027273086241bd4,2026-04-07 22:00:00+00:00,US,USD,30-Year Bond Auction,2,,,
a3d098628acf6161,2026-04-07 22:00:00+00:00,US,USD,3-Year Note Auction,2,,,
ba954a10d4d41295,2026-04-07 22:00:00+00:00,US,USD,10-Year Note Auction,2,,,
2d568fc9876b30c3,2026-04-07 23:00:00+00:00,US,USD,FOMC Minutes,2,,,
3f243b23d142fefb,2026-04-07 23:00:00+00:00,US,USD,Monthly Budget Statement MAR,2,,,
9866849a7b968179,2026-04-08 00:00:00+00:00,US,USD,Consumer Credit Change FEB,2,,,
a80d83124c1b0119,2026-04-08 01:30:00+00:00,US,USD,Fed Balance Sheet APR/08,2,,,
e0c29eaff02e81ef,2026-04-08 01:30:00+00:00,US,USD,API Crude Oil Stock Change APR/03,2,,,
d8ee7c4de239e2f9,2026-04-08 02:50:00+00:00,US,USD,Fed Jefferson Speech,2,,,
133e0f06cf0a4616,2026-04-08 05:00:00+00:00,US,USD,Total Vehicle Sales MAR,2,,,
1d01bc535578eefd,2026-04-08 05:01:00+00:00,IE,EUR,Construction PMI MAR,2,49.8,52.1,
24ff4e5764b450d6,2026-04-08 05:01:00+00:00,IE,EUR,AIB Services PMI MAR,2,51.5,51.8,
a1094985efff0c05,2026-04-08 09:30:00+00:00,NL,EUR,Balance of Trade FEB,2,,,
a652f9488d665dd7,2026-04-08 09:30:00+00:00,NL,EUR,Inflation Rate YoY Final MAR,2,,,
b26ebb8ae77915f2,2026-04-08 09:30:00+00:00,NL,EUR,Manufacturing Production MoM FEB,2,,,
a53ff1113ac4ef1d,2026-04-08 09:30:00+00:00,NL,EUR,Inflation Rate MoM MAR,2,,,
1c60cab1bc28c340,2026-04-08 09:30:00+00:00,NL,EUR,Household Consumption YoY FEB,2,,,
c007d5009b031a46,2026-04-08 10:00:00+00:00,FI,EUR,Industrial Production YoY FEB,2,,,
e9a0651dfc8eebe5,2026-04-08 10:00:00+00:00,FI,EUR,Current Account FEB,2,,,
8950eef091530e61,2026-04-08 11:00:00+00:00,DE,EUR,Factory Orders MoM FEB,2,,,
ab1750182ced1d0a,2026-04-08 11:00:00+00:00,DE,EUR,Harmonised Inflation Rate YoY Final MAR,2,,,
40e320288ccf8b2a,2026-04-08 11:00:00+00:00,DE,EUR,Industrial Production MoM FEB,2,,,
af9a2892da4c1519,2026-04-08 11:00:00+00:00,DE,EUR,Inflation Rate YoY Final MAR,2,,,
e0f086ef48c4e1ea,2026-04-08 11:00:00+00:00,DE,EUR,Wholesale Prices MoM MAR,2,,,
48dd88448fbebd4e,2026-04-08 11:00:00+00:00,DE,EUR,Wholesale Prices YoY MAR,2,,,
b581007fb7d114f9,2026-04-08 11:00:00+00:00,DE,EUR,Balance of Trade FEB,2,,,
1236335525733035,2026-04-08 11:00:00+00:00,DE,EUR,Imports MoM FEB,2,,,
cf35aeb11135dd96,2026-04-08 11:00:00+00:00,DE,EUR,Exports MoM FEB,2,,,
963a9b0ff9669b4b,2026-04-08 11:00:00+00:00,DE,EUR,Inflation Rate MoM Final MAR,2,,,
7ff82f7c27a784f1,2026-04-08 11:00:00+00:00,DE,EUR,Harmonised Inflation Rate MoM Final MAR,2,,,
ebf740331397470c,2026-04-08 11:45:00+00:00,FR,EUR,Industrial Production MoM FEB,2,,,
23ae5b669c296cd5,2026-04-08 11:45:00+00:00,FR,EUR,Current Account FEB,2,,,
dac3f3ec6ca1cea4,2026-04-08 11:45:00+00:00,FR,EUR,Foreign Exchange Reserves MAR,2,,,
2826bb31c497dd20,2026-04-08 11:45:00+00:00,FR,EUR,Imports FEB,2,,,
f8263a9c7de55e67,2026-04-08 11:45:00+00:00,FR,EUR,Balance of Trade FEB,2,,,
12887daea598ade2,2026-04-08 11:45:00+00:00,FR,EUR,Exports FEB,2,,,
b8e756a0c7bfbfc7,2026-04-08 12:00:00+00:00,ES,EUR,Harmonised Inflation Rate MoM Final MAR,2,,,
a567ba492248a718,2026-04-08 12:00:00+00:00,ES,EUR,Inflation Rate YoY Final MAR,2,,,
6c1b6fe2760dd783,2026-04-08 12:00:00+00:00,ES,EUR,Inflation Rate MoM Final MAR,2,,,
473b7f2aa442a76c,2026-04-08 12:00:00+00:00,ES,EUR,Unemployment Change MAR,2,,,
9628837d961b0e2d,2026-04-08 12:00:00+00:00,AT,EUR,Wholesale Prices MoM MAR,2,,,
37af49dcf3bd7e8e,2026-04-08 12:00:00+00:00,ES,EUR,Core Inflation Rate YoY Final MAR,2,,,
83329df069767cc1,2026-04-08 12:00:00+00:00,ES,EUR,Industrial Production YoY FEB,2,,,
122a8f4553a0b5fc,2026-04-08 12:00:00+00:00,AT,EUR,Wholesale Prices YoY MAR,2,,,
ed829c90c895e938,2026-04-08 12:00:00+00:00,AT,EUR,Balance of Trade JAN,2,,,
393571417cac6006,2026-04-08 12:00:00+00:00,ES,EUR,Harmonised Inflation Rate YoY Final MAR,2,,,
65b8e696f46aa3d8,2026-04-08 12:15:00+00:00,ES,EUR,S&P Global Services PMI MAR,2,51.5,51.9,
7d73a1a3b2d04f49,2026-04-08 12:15:00+00:00,ES,EUR,S&P Global Composite PMI MAR,2,51.3,51.5,
24a97833c22d7908,2026-04-08 12:30:00+00:00,DE,EUR,HCOB Construction PMI MAR,2,44.5,43.7,
6f27ea085031472a,2026-04-08 12:45:00+00:00,IT,EUR,S&P Global Composite PMI MAR,2,51.5,52.1,
fa367535e29fae7f,2026-04-08 12:45:00+00:00,IT,EUR,S&P Global Services PMI MAR,2,51.4,52.3,
33b4baa77754e021,2026-04-08 12:50:00+00:00,FR,EUR,S&P Global Services PMI Final MAR,2,48.3,49.6,
86e9e56a438c8340,2026-04-08 12:50:00+00:00,FR,EUR,S&P Global Composite PMI Final MAR,2,48.3,49.9,
966d9b3f12c77ea7,2026-04-08 12:55:00+00:00,DE,EUR,S&P Global Composite PMI Final MAR,2,51.9,53.2,
6d680bda4d046341,2026-04-08 12:55:00+00:00,DE,EUR,S&P Global Services PMI Final MAR,2,51.2,53.5,
fad1f1690e5a869c,2026-04-08 13:00:00+00:00,IT,EUR,Industrial Production MoM FEB,2,,,
8d9fcd953f620127,2026-04-08 13:00:00+00:00,IT,EUR,Industrial Production YoY FEB,2,,,
1a72ca692dd02e51,2026-04-08 13:40:00+00:00,ES,EUR,3-Year Bonos Auction,2,,,
e5694e607cfcda17,2026-04-08 13:40:00+00:00,ES,EUR,10-Year Obligacion Auction,2,,,
9fc0e389822f2c6a,2026-04-08 13:40:00+00:00,ES,EUR,10-Year Index-Linked Obligacion Auction,2,,,
54906d0527cdbf5e,2026-04-08 13:40:00+00:00,ES,EUR,12-Month Letras Auction,2,,,
3a3d547bfcda40be,2026-04-08 13:40:00+00:00,ES,EUR,5-Year Bonos Auction,2,,,
6d7ef76186f7b39a,2026-04-08 13:40:00+00:00,ES,EUR,9-Month Letras Auction,2,,,
3e75d527d0e3e1c3,2026-04-08 13:40:00+00:00,ES,EUR,6-Month Letras Auction,2,,,
053e667bea22fbf0,2026-04-08 13:40:00+00:00,ES,EUR,3-Month Letras Auction,2,,,
ce4bf38a62c09766,2026-04-08 14:00:00+00:00,AT,EUR,RAGB 2026-2036/1 Auction,2,,,
581fecabc7b6ad73,2026-04-08 14:00:00+00:00,AT,EUR,RAGB 2023-2030/4 Auction,2,,,
9b38fae56f7eef9c,2026-04-08 14:00:00+00:00,FR,EUR,IEA Oil Market Report,2,,,
b40e3b21b0ff83ff,2026-04-08 14:00:00+00:00,GR,EUR,Balance of Trade FEB,2,,,
18e6cf1aead01f42,2026-04-08 14:00:00+00:00,GR,EUR,Industrial Production YoY FEB,2,,,
40e637d4fd0804bc,2026-04-08 14:10:00+00:00,IT,EUR,12-Month BOT Auction,2,,,
1c9d61dab1911957,2026-04-08 14:10:00+00:00,IT,EUR,BTP Auction,2,,,
2016a6a3114e435a,2026-04-08 14:15:00+00:00,GR,EUR,13-Week Bill Auction,2,,,
6065332a85dc60e9,2026-04-08 14:30:00+00:00,DE,EUR,30-Year Bund/g Auction,2,,,
9b3ea739c9a14cbe,2026-04-08 14:30:00+00:00,DE,EUR,5-Year Bobl Auction,2,,,
7cd7c759e327a17e,2026-04-08 14:30:00+00:00,DE,EUR,12-Month Bubill Auction,2,,,
03f0d4b855542a90,2026-04-08 14:30:00+00:00,DE,EUR,10-Year Bund Auction,2,,,
e5061c93483ad374,2026-04-08 14:30:00+00:00,DE,EUR,10-Year Bund/g Auction,2,,,
f1431a52bcd9644d,2026-04-08 15:00:00+00:00,PT,EUR,Balance of Trade FEB,2,,,
7ed24d25cea922d6,2026-04-08 15:00:00+00:00,US,USD,LMI Logistics Managers Index MAR,2,,61.5,
57c8bcb70c0ea522,2026-04-08 15:00:00+00:00,IE,EUR,Inflation Rate MoM MAR,2,,,
250963fd0d6fc945,2026-04-08 15:00:00+00:00,US,USD,NFIB Business Optimism Index MAR,2,97.0,98.8,
f33ab06d8363e630,2026-04-08 15:00:00+00:00,IE,EUR,Inflation Rate YoY MAR,2,,,
5166904f24e6ea97,2026-04-08 15:00:00+00:00,DE,EUR,New Car Registrations YoY MAR,2,,,
0f79d601265c313f,2026-04-08 15:00:00+00:00,BE,EUR,Short TC Auction,2,,,
160ef2b187648d99,2026-04-08 15:00:00+00:00,PT,EUR,Inflation Rate YoY Final MAR,2,,,
041ee207a12a7fb3,2026-04-08 15:00:00+00:00,PT,EUR,Inflation Rate MoM Final MAR,2,,,
89353dca0b247dcb,2026-04-08 15:00:00+00:00,IE,EUR,Harmonised Inflation Rate MoM Final MAR,2,,,
d60bd295268f9d12,2026-04-08 15:00:00+00:00,IE,EUR,Harmonised Inflation Rate YoY Final MAR,2,,,
dfdf5ca297995ab5,2026-04-08 15:10:00+00:00,EU,EUR,6-Month Bill Auction,2,,,
2bd2d260a8c5171a,2026-04-08 15:10:00+00:00,EU,EUR,12-Month Bill Auction,2,,,
90b8ab7ecce7fdb7,2026-04-08 15:10:00+00:00,EU,EUR,3-Month Bill Auction,2,,,
eaaba918cd82b0ae,2026-04-08 16:00:00+00:00,US,USD,MBA Mortgage Applications APR/03,2,,,
54aee175f2d5a098,2026-04-08 16:00:00+00:00,US,USD,MBA Mortgage Refinance Index APR/03,2,,946.4,
f6b99e039c6320fb,2026-04-08 16:00:00+00:00,US,USD,MBA Purchase Index APR/03,2,,159.4,
24c4f3a196c062cb,2026-04-08 16:00:00+00:00,US,USD,MBA 30-Year Mortgage Rate APR/03,2,,,
8de5304a1928dc7a,2026-04-08 16:00:00+00:00,BE,EUR,Long TC Auction,2,,,
aca8a270e425622b,2026-04-08 16:00:00+00:00,US,USD,MBA Mortgage Market Index APR/03,2,,278.3,
1bac00d4595596f2,2026-04-08 17:15:00+00:00,US,USD,ADP Employment Change Weekly,2,,,
1942a3b2046be529,2026-04-08 17:30:00+00:00,US,USD,Core Inflation Rate MoM MAR,2,,,
a15404c29c174782,2026-04-08 17:30:00+00:00,US,USD,Personal Spending MoM FEB,2,,,
6b7b981219ee44a3,2026-04-08 17:30:00+00:00,US,USD,Unemployment Rate MAR,2,,,
d0fafe59c6528be9,2026-04-08 17:30:00+00:00,US,USD,Manufacturing Payrolls MAR,2,,,
742d97ff84e1f20e,2026-04-08 17:30:00+00:00,US,USD,Nonfarm Payrolls Private MAR,2,,,
1f155943bd3b8772,2026-04-08 17:30:00+00:00,US,USD,Non Farm Payrolls MAR,2,,,
60d39753ee008df3,2026-04-08 17:30:00+00:00,US,USD,Core PCE Price Index MoM FEB,2,,,
b7473b3ca35924eb,2026-04-08 17:30:00+00:00,US,USD,Durable Goods Orders MoM FEB,2,,,
e14529c402722610,2026-04-08 17:30:00+00:00,US,USD,GDP Growth Rate QoQ Final Q4,2,,,
b05bf40bbdd9307a,2026-04-08 17:30:00+00:00,US,USD,CPI MAR,2,329.7,326.79,
7c86e4c310d67995,2026-04-08 17:30:00+00:00,US,USD,Core Inflation Rate YoY MAR,2,,,
b95c3c2c88e8f8a3,2026-04-08 17:30:00+00:00,US,USD,Inflation Rate YoY MAR,2,,,
b03f3eae9a19c7fe,2026-04-08 17:30:00+00:00,US,USD,Jobless Claims 4-week Average APR/04,2,,,
a0b7998e9f23888e,2026-04-08 17:30:00+00:00,US,USD,Continuing Jobless Claims MAR/28,2,,,
988f44dfd68f2530,2026-04-08 17:30:00+00:00,US,USD,CPI s.a MAR,2,330.1,327.46,
7a796151285c06cc,2026-04-08 17:30:00+00:00,US,USD,Personal Income MoM FEB,2,,,
758303f743d1cbfb,2026-04-08 17:30:00+00:00,US,USD,Non Defense Goods Orders Ex Air FEB,2,,,
1a3a6dc8baafbb11,2026-04-08 17:30:00+00:00,US,USD,Corporate Profits QoQ Q4,2,,,
b55815c4d16ea5c0,2026-04-08 17:30:00+00:00,US,USD,GDP Sales QoQ Final Q4,2,,,
a6efc20113ce2c92,2026-04-08 17:30:00+00:00,US,USD,U-6 Unemployment Rate MAR,2,,,
b117fa80678d2be7,2026-04-08 17:30:00+00:00,US,USD,Core PCE Price Index YoY FEB,2,,,
a341aa19d8730181,2026-04-08 17:30:00+00:00,US,USD,Real Consumer Spending QoQ Final Q4,2,,,
f0cc9f0fc5c74784,2026-04-08 17:30:00+00:00,US,USD,"PPI Ex Food, Energy and Trade MoM MAR",2,,,
381159e82f1e48b4,2026-04-08 17:30:00+00:00,US,USD,Durable Goods Orders Ex Transp MoM FEB,2,,,
d7fcaac90d0bf5cb,2026-04-08 17:30:00+00:00,US,USD,Core PPI MoM MAR,2,,,
143e5914cc71c8e5,2026-04-08 17:30:00+00:00,US,USD,PCE Price Index YoY FEB,2,,,
b05e63258872f3b5,2026-04-08 17:30:00+00:00,US,USD,Core PCE Prices QoQ Final Q4,2,,,
265de3d203c3fdad,2026-04-08 17:30:00+00:00,US,USD,PPI MoM MAR,2,,,
3dea478f5a0864bd,2026-04-08 17:30:00+00:00,US,USD,Government Payrolls MAR,2,,,
eea5a0895d06091f,2026-04-08 17:30:00+00:00,US,USD,PPI MAR,2,153.1,153.231,
41b6ad2697ecc21c,2026-04-08 17:30:00+00:00,US,USD,Inflation Rate MoM MAR,2,,,
3ae6fe64c497016a,2026-04-08 17:30:00+00:00,US,USD,Average Hourly Earnings MoM MAR,2,,,
0376c56b2bf01be8,2026-04-08 17:30:00+00:00,US,USD,Participation Rate MAR,2,,,
18f0405836012218,2026-04-08 17:30:00+00:00,US,USD,PCE Price Index MoM FEB,2,,,
c76742e6069bd69f,2026-04-08 17:30:00+00:00,US,USD,GDP Price Index QoQ Final Q4,2,,,
b632d707bc41281f,2026-04-08 17:30:00+00:00,US,USD,Core PPI YoY MAR,2,,,
04d4a0cf20e50db1,2026-04-08 17:30:00+00:00,US,USD,PPI YoY MAR,2,,,
e60c35db1b36a7ae,2026-04-08 17:30:00+00:00,US,USD,PCE Prices QoQ Final Q4,2,,,
cd276173c1461576,2026-04-08 17:30:00+00:00,US,USD,Average Weekly Hours MAR,2,34.3,34.3,34.2
fbb544a41157c32b,2026-04-08 17:30:00+00:00,US,USD,Average Hourly Earnings YoY MAR,2,,,
3ddcefcd5e42011b,2026-04-08 17:30:00+00:00,US,USD,Real Personal Spending MoM FEB,2,,,
fb04819d16cb3814,2026-04-08 17:30:00+00:00,US,USD,"PPI Ex Food, Energy and Trade YoY MAR",2,,,
5d4e839514c333ab,2026-04-08 17:30:00+00:00,US,USD,Durable Goods Orders ex Defense MoM FEB,2,,,
3cd4723261e82422,2026-04-08 17:30:00+00:00,US,USD,Initial Jobless Claims APR/04,2,,,
4952a6573929ce1f,2026-04-08 17:45:00+00:00,DE,EUR,Current Account FEB,2,,,
54484d1dabb1caf4,2026-04-08 17:55:00+00:00,US,USD,Redbook YoY APR/04,2,,,
3cbee84df036c6d6,2026-04-08 17:55:00+00:00,US,USD,Redbook YoY APR/11,2,,,
261e5768a5d72f76,2026-04-08 18:00:00+00:00,US,USD,Used Car Prices YoY MAR,2,,,
ae6361d754ae73e0,2026-04-08 18:00:00+00:00,FR,EUR,3-Month BTF Auction,2,,,
027a6c2541118ecd,2026-04-08 18:00:00+00:00,FR,EUR,6-Month BTF Auction,2,,,
903cc787acb147c2,2026-04-08 18:00:00+00:00,FR,EUR,12-Month BTF Auction,2,,,
0118de79c0891c40,2026-04-08 18:00:00+00:00,US,USD,Used Car Prices MoM MAR,2,,,
a89e4dec78248eb0,2026-04-08 18:20:00+00:00,US,USD,NY Fed Bill Purchases 1 to 4 months,2,,,
de9145d7ff369e52,2026-04-08 18:45:00+00:00,US,USD,S&P Global Services PMI Final MAR,2,51.1,51.7,49.8
6c05c7cbd839fbe8,2026-04-08 18:45:00+00:00,US,USD,S&P Global Composite PMI Final MAR,2,51.4,51.9,50.3
39191cc8b03571d1,2026-04-08 19:00:00+00:00,US,USD,ISM Services PMI MAR,2,54.0,56.1,
90483ed8229b5f2d,2026-04-08 19:00:00+00:00,US,USD,ISM Services New Orders MAR,2,57.6,58.6,
6189091b3fc19b84,2026-04-08 19:00:00+00:00,US,USD,Michigan 5 Year Inflation Expectations Prel APR,2,,,
b12793fbfaa1a66e,2026-04-08 19:00:00+00:00,US,USD,Wholesale Inventories MoM FEB,2,,,
e781cc18547c309b,2026-04-08 19:00:00+00:00,US,USD,Michigan Current Conditions Prel APR,2,55.0,55.8,
cd7167ee419d2ab2,2026-04-08 19:00:00+00:00,US,USD,Factory Orders MoM FEB,2,,,
fcadfc9b6c3f41da,2026-04-08 19:00:00+00:00,US,USD,Michigan Consumer Sentiment Prel APR,2,52.9,53.3,
f8c0caba427627ab,2026-04-08 19:00:00+00:00,US,USD,Michigan Consumer Expectations Prel APR,2,51.0,51.7,
64327d1e22f92f2f,2026-04-08 19:00:00+00:00,US,USD,Existing Home Sales MAR,2,,,
93825d09ebbac89b,2026-04-08 19:00:00+00:00,US,USD,Michigan Inflation Expectations Prel APR,2,,,
bf658b4f4dd0c196,2026-04-08 19:00:00+00:00,US,USD,ISM Services Business Activity MAR,2,58.0,59.9,
46d48466cf9fc07d,2026-04-08 19:00:00+00:00,US,USD,ISM Services Prices MAR,2,70.0,63.0,
97ccbb922081e4be,2026-04-08 19:00:00+00:00,US,USD,Existing Home Sales MoM MAR,2,,,
ffbc6172e13299f4,2026-04-08 19:00:00+00:00,US,USD,Factory Orders ex Transportation FEB,2,,,
cee19edd74976ffb,2026-04-08 19:00:00+00:00,US,USD,ISM Services Employment MAR,2,51.7,51.8,
58d7c7c073535b05,2026-04-08 19:10:00+00:00,US,USD,RCM/TIPP Economic Optimism Index APR,2,47.0,47.5,
ddd8b899cfe7018c,2026-04-08 19:30:00+00:00,US,USD,EIA Natural Gas Stocks Change APR/03,2,,,
4851cf02a064037e,2026-04-08 19:30:00+00:00,US,USD,EIA Distillate Stocks Change APR/03,2,,,
b37d87295ecff853,2026-04-08 19:30:00+00:00,US,USD,EIA Cushing Crude Oil Stocks Change APR/03,2,,,
402df87d8d5818c6,2026-04-08 19:30:00+00:00,US,USD,EIA Crude Oil Imports Change APR/03,2,,,
dceb8dba7cee8e13,2026-04-08 19:30:00+00:00,US,USD,EIA Refinery Crude Runs Change APR/03,2,,,
059dec5240fe36ea,2026-04-08 19:30:00+00:00,US,USD,EIA Distillate Fuel Production Change APR/03,2,,,
b6921467209658f2,2026-04-08 19:30:00+00:00,US,USD,EIA Heating Oil Stocks Change APR/03,2,,,
4ea1488854a4d6d1,2026-04-08 19:30:00+00:00,US,USD,EIA Gasoline Stocks Change APR/03,2,,,
3f7e7c30e666e482,2026-04-08 19:30:00+00:00,US,USD,EIA Gasoline Production Change APR/03,2,,,
82cc044c64b19293,2026-04-08 19:30:00+00:00,US,USD,EIA Crude Oil Stocks Change APR/03,2,,,
6c8e8732cb168243,2026-04-08 20:00:00+00:00,US,USD,Consumer Inflation Expectations MAR,2,,,
c15c472f90f26598,2026-04-08 20:30:00+00:00,US,USD,6-Month Bill Auction,2,,,
116fc4ebbc5de0b4,2026-04-08 20:30:00+00:00,US,USD,17-Week Bill Auction,2,,,
cda69f4ad9d9c40f,2026-04-08 20:30:00+00:00,US,USD,8-Week Bill Auction,2,,,
f6a3488b93dc5196,2026-04-08 20:30:00+00:00,US,USD,3-Month Bill Auction,2,,,
04ae84868a7a448d,2026-04-08 20:30:00+00:00,US,USD,4-Week Bill Auction,2,,,
0e9479269036c13e,2026-04-08 21:00:00+00:00,US,USD,30-Year Mortgage Rate APR/09,2,,,
76e4f647f025b10c,2026-04-08 21:00:00+00:00,US,USD,WASDE Report,2,,,
85c7ae60ed223661,2026-04-08 21:00:00+00:00,US,USD,15-Year Mortgage Rate APR/09,2,,,
ea4e3df51b8c037f,2026-04-08 21:35:00+00:00,US,USD,Fed Goolsbee Speech,2,,,
b8e1831b031783b8,2026-04-08 22:00:00+00:00,US,USD,Baker Hughes Oil Rig Count APR/10,2,,411.0,
d30221c32bbd4691,2026-04-08 22:00:00+00:00,US,USD,30-Year Bond Auction,2,,,
3b4c27e69c9df329,2026-04-08 22:00:00+00:00,US,USD,Baker Hughes Total Rigs Count APR/10,2,,548.0,
5825ba66746bc016,2026-04-08 22:00:00+00:00,US,USD,3-Year Note Auction,2,,,
8a40ba504dd81861,2026-04-08 22:00:00+00:00,US,USD,10-Year Note Auction,2,,,
3aa8119472610a3d,2026-04-08 23:00:00+00:00,US,USD,FOMC Minutes,2,,,
6f6d11e26b33cb91,2026-04-08 23:00:00+00:00,US,USD,Monthly Budget Statement MAR,2,,,
4d30293fc2762ba4,2026-04-09 00:00:00+00:00,US,USD,Consumer Credit Change FEB,2,,,
94d424da4b59d20f,2026-04-09 01:30:00+00:00,US,USD,API Crude Oil Stock Change APR/03,2,,,
7ec8d3d10e7f65ab,2026-04-09 01:30:00+00:00,US,USD,Fed Balance Sheet APR/08,2,,,
2d2f1c7d92810d9d,2026-04-09 02:50:00+00:00,US,USD,Fed Jefferson Speech,2,,,
763445e14b643e1f,2026-04-09 05:00:00+00:00,US,USD,Total Vehicle Sales MAR,2,,,
df6220ba0abadbf6,2026-04-09 05:01:00+00:00,IE,EUR,AIB Services PMI MAR,2,51.5,51.8,
e8f8699e2e4e4858,2026-04-09 09:30:00+00:00,NL,EUR,Household Consumption YoY FEB,2,,,
4c0d45f29a5bbf72,2026-04-09 09:30:00+00:00,NL,EUR,Inflation Rate YoY Final MAR,2,,,
18d8abb2d2a6c395,2026-04-09 09:30:00+00:00,NL,EUR,Balance of Trade FEB,2,,,
f23b2832589fadda,2026-04-09 09:30:00+00:00,NL,EUR,Manufacturing Production MoM FEB,2,,,
6925175efec696e1,2026-04-09 09:30:00+00:00,NL,EUR,Inflation Rate MoM MAR,2,,,
dbd9a14e97c1ce58,2026-04-09 10:00:00+00:00,FI,EUR,Industrial Production YoY FEB,2,,,
8f6d0b8a563240e3,2026-04-09 10:00:00+00:00,FI,EUR,Current Account FEB,2,,,
224e6bc67929a0f3,2026-04-09 11:00:00+00:00,DE,EUR,Exports MoM FEB,2,,,
7a4f674ac26b35b5,2026-04-09 11:00:00+00:00,DE,EUR,Inflation Rate MoM Final MAR,2,,,
c19621169a624db7,2026-04-09 11:00:00+00:00,DE,EUR,Harmonised Inflation Rate YoY Final MAR,2,,,
29a56c52785a2797,2026-04-09 11:00:00+00:00,DE,EUR,Wholesale Prices MoM MAR,2,,,
8f1c7b89891d916f,2026-04-09 11:00:00+00:00,DE,EUR,Factory Orders MoM FEB,2,,,
edec745092f76d99,2026-04-09 11:00:00+00:00,DE,EUR,Industrial Production MoM FEB,2,,,
e60761dbd52fa8c5,2026-04-09 11:00:00+00:00,DE,EUR,Balance of Trade FEB,2,,,
01c8d306e5ff3770,2026-04-09 11:00:00+00:00,DE,EUR,Harmonised Inflation Rate MoM Final MAR,2,,,
871b164f40e2215d,2026-04-09 11:00:00+00:00,DE,EUR,Imports MoM FEB,2,,,
0d02209b2f9548e1,2026-04-09 11:00:00+00:00,DE,EUR,Wholesale Prices YoY MAR,2,,,
52e0a9bf678c9417,2026-04-09 11:00:00+00:00,DE,EUR,Inflation Rate YoY Final MAR,2,,,
6d572a1ccd66a34a,2026-04-09 11:45:00+00:00,FR,EUR,Exports FEB,2,,,
86da64b2f8613ecb,2026-04-09 11:45:00+00:00,FR,EUR,Harmonised Inflation Rate MoM Final MAR,2,,,
ff80bc7ad8c7ed07,2026-04-09 11:45:00+00:00,FR,EUR,Harmonised Inflation Rate YoY Final MAR,2,,,
3f04ec2550dc2be5,2026-04-09 11:45:00+00:00,FR,EUR,Foreign Exchange Reserves MAR,2,,,
cd5e891d54313df9,2026-04-09 11:45:00+00:00,FR,EUR,Inflation Rate YoY Final MAR,2,,,
4890774a80476024,2026-04-09 11:45:00+00:00,FR,EUR,Imports FEB,2,,,
481ea760533238ce,2026-04-09 11:45:00+00:00,FR,EUR,Industrial Production MoM FEB,2,,,
098d426075404457,2026-04-09 11:45:00+00:00,FR,EUR,Balance of Trade FEB,2,,,
7d42b8342fca5021,2026-04-09 11:45:00+00:00,FR,EUR,Inflation Rate MoM Final MAR,2,,,
b68722cf25f2744f,2026-04-09 11:45:00+00:00,FR,EUR,Current Account FEB,2,,,
0177fe841faefcb0,2026-04-09 12:00:00+00:00,ES,EUR,Harmonised Inflation Rate YoY Final MAR,2,,,
db01ad38e440f3de,2026-04-09 12:00:00+00:00,ES,EUR,Industrial Production YoY FEB,2,,,
3c2c5a548580b355,2026-04-09 12:00:00+00:00,AT,EUR,Wholesale Prices MoM MAR,2,,,
4cf4d466c2c873c4,2026-04-09 12:00:00+00:00,AT,EUR,Wholesale Prices YoY MAR,2,,,
4cb8d05aab22668d,2026-04-09 12:00:00+00:00,ES,EUR,Harmonised Inflation Rate MoM Final MAR,2,,,
8b928dfb178101d7,2026-04-09 12:00:00+00:00,ES,EUR,Core Inflation Rate YoY Final MAR,2,,,
e8c9e38bf4ba3fda,2026-04-09 12:00:00+00:00,ES,EUR,Inflation Rate MoM Final MAR,2,,,
d763ef6dba0e1259,2026-04-09 12:00:00+00:00,ES,EUR,Inflation Rate YoY Final MAR,2,,,
c52b99268038ac17,2026-04-09 12:00:00+00:00,AT,EUR,Balance of Trade JAN,2,,,
d6e9de1f2a4ba114,2026-04-09 12:00:00+00:00,ES,EUR,Unemployment Change MAR,2,,,
fe8d2c3107fbd4e2,2026-04-09 12:15:00+00:00,ES,EUR,S&P Global Composite PMI MAR,2,51.3,51.5,
174964414cbba09d,2026-04-09 12:15:00+00:00,ES,EUR,S&P Global Services PMI MAR,2,51.5,51.9,
6719cff7dc3d29f1,2026-04-09 12:30:00+00:00,FR,EUR,HCOB Construction PMI MAR,2,45.0,43.9,
95085a457aafbbe0,2026-04-09 12:45:00+00:00,IT,EUR,S&P Global Services PMI MAR,2,51.4,52.3,
78612ed023400466,2026-04-09 12:45:00+00:00,IT,EUR,S&P Global Composite PMI MAR,2,51.5,52.1,
d9d6174faecceb1d,2026-04-09 12:50:00+00:00,FR,EUR,S&P Global Services PMI Final MAR,2,48.3,49.6,
e633cdb990a69f68,2026-04-09 12:50:00+00:00,FR,EUR,S&P Global Composite PMI Final MAR,2,48.3,49.9,
cd4c4f8feb77fff0,2026-04-09 12:55:00+00:00,DE,EUR,S&P Global Services PMI Final MAR,2,51.2,53.5,
f3073d4bc90861f8,2026-04-09 12:55:00+00:00,DE,EUR,S&P Global Composite PMI Final MAR,2,51.9,53.2,
f0be1d9fccf74b15,2026-04-09 13:00:00+00:00,IT,EUR,Industrial Production YoY FEB,2,,,
51f690309be2c803,2026-04-09 13:00:00+00:00,IT,EUR,Industrial Production MoM FEB,2,,,
3cb4552dfa385490,2026-04-09 13:40:00+00:00,ES,EUR,10-Year Obligacion Auction,2,,,
8f1aec57d3e73c52,2026-04-09 13:40:00+00:00,ES,EUR,12-Month Letras Auction,2,,,
811fdba4df33b32d,2026-04-09 13:40:00+00:00,ES,EUR,5-Year Bonos Auction,2,,,
14e6e94431307a10,2026-04-09 13:40:00+00:00,ES,EUR,10-Year Index-Linked Obligacion Auction,2,,,
7c6a26b8ea0fcd7a,2026-04-09 13:40:00+00:00,ES,EUR,3-Year Bonos Auction,2,,,
5ef70519d4c17ddb,2026-04-09 13:40:00+00:00,ES,EUR,9-Month Letras Auction,2,,,
a95b7b0f756dfd08,2026-04-09 13:40:00+00:00,ES,EUR,3-Month Letras Auction,2,,,
af91e1bd638fecc0,2026-04-09 13:40:00+00:00,ES,EUR,6-Month Letras Auction,2,,,
e80be9cbf4ba8c62,2026-04-09 14:00:00+00:00,AT,EUR,RAGB 2026-2036/1 Auction,2,,,
8e4b0640a7b1dcd0,2026-04-09 14:00:00+00:00,GR,EUR,Industrial Production YoY FEB,2,,,
672920adf9d1be61,2026-04-09 14:00:00+00:00,FR,EUR,IEA Oil Market Report,2,,,
2acecc06756ddc6c,2026-04-09 14:00:00+00:00,GR,EUR,Balance of Trade FEB,2,,,
e938ae24ce2926f0,2026-04-09 14:00:00+00:00,AT,EUR,RAGB 2023-2030/4 Auction,2,,,
3cfe03f0e734b2eb,2026-04-09 14:10:00+00:00,IT,EUR,12-Month BOT Auction,2,,,
16ee2f63669b21d1,2026-04-09 14:10:00+00:00,IT,EUR,BTP Auction,2,,,
d5663f97a52254a0,2026-04-09 14:15:00+00:00,GR,EUR,13-Week Bill Auction,2,,,
fb74fea89281d891,2026-04-09 14:30:00+00:00,DE,EUR,10-Year Bund Auction,2,,,
4143488382401892,2026-04-09 14:30:00+00:00,DE,EUR,30-Year Bund Auction,2,,,
bc30ff5c28fd6822,2026-04-09 14:30:00+00:00,DE,EUR,5-Year Bobl Auction,2,,,
1c75df91c4c1c519,2026-04-09 14:30:00+00:00,DE,EUR,12-Month Bubill Auction,2,,,
3a497a7b84a0001e,2026-04-09 14:30:00+00:00,DE,EUR,30-Year Bund/g Auction,2,,,
e45fb8428a35dffc,2026-04-09 14:30:00+00:00,DE,EUR,10-Year Bund/g Auction,2,,,
8dc251b678bc6b31,2026-04-09 15:00:00+00:00,US,USD,NFIB Business Optimism Index MAR,2,97.0,98.8,
51a65c1e6910ecfd,2026-04-09 15:00:00+00:00,IE,EUR,Inflation Rate YoY MAR,2,,,
eb858639df176733,2026-04-09 15:00:00+00:00,US,USD,LMI Logistics Managers Index MAR,2,,61.5,
10a4a41be421182f,2026-04-09 15:00:00+00:00,DE,EUR,New Car Registrations YoY MAR,2,,,
f64643a78c97368e,2026-04-09 15:00:00+00:00,PT,EUR,Inflation Rate MoM Final MAR,2,,,
7e8954ed70202dcb,2026-04-09 15:00:00+00:00,BE,EUR,Short TC Auction,2,,,
be691f4e22494f1c,2026-04-09 15:00:00+00:00,IE,EUR,Inflation Rate MoM MAR,2,,,
182de80d0ada47f8,2026-04-09 15:00:00+00:00,PT,EUR,Balance of Trade FEB,2,,,
506d85217bcb1f97,2026-04-09 15:00:00+00:00,PT,EUR,Inflation Rate YoY Final MAR,2,,,
3003d90a41d96213,2026-04-09 15:00:00+00:00,IE,EUR,Harmonised Inflation Rate YoY Final MAR,2,,,
79132c4d68a2b215,2026-04-09 15:00:00+00:00,IE,EUR,Harmonised Inflation Rate MoM Final MAR,2,,,
41bbc77ae0aa8f51,2026-04-09 15:10:00+00:00,EU,EUR,6-Month Bill Auction,2,,,
ba561634ba6d001b,2026-04-09 15:10:00+00:00,EU,EUR,3-Month Bill Auction,2,,,
4a742501646516b4,2026-04-09 15:10:00+00:00,EU,EUR,12-Month Bill Auction,2,,,
dc6bb604d006789e,2026-04-09 16:00:00+00:00,US,USD,MBA Mortgage Applications APR/03,2,,,
6e49199d941e5368,2026-04-09 16:00:00+00:00,US,USD,MBA 30-Year Mortgage Rate APR/03,2,,,
df7c39c84c533323,2026-04-09 16:00:00+00:00,US,USD,MBA Mortgage Market Index APR/10,2,,,
8729471909d8cab8,2026-04-09 16:00:00+00:00,US,USD,MBA Purchase Index APR/10,2,,,
6e507a1eba33dd86,2026-04-09 16:00:00+00:00,US,USD,MBA 30-Year Mortgage Rate APR/10,2,,,
e13048221df7cf5a,2026-04-09 16:00:00+00:00,US,USD,MBA Purchase Index APR/03,2,,159.4,
bebb0bb868856803,2026-04-09 16:00:00+00:00,US,USD,MBA Mortgage Refinance Index APR/03,2,,946.4,
f0f708a5d0affeaf,2026-04-09 16:00:00+00:00,US,USD,MBA Mortgage Market Index APR/03,2,,278.3,
4bbe417d0b1ffbd4,2026-04-09 16:00:00+00:00,US,USD,MBA Mortgage Applications APR/10,2,,,
45137447768ee0b2,2026-04-09 16:00:00+00:00,BE,EUR,Long TC Auction,2,,,
7aed09402b43b7a9,2026-04-09 16:00:00+00:00,US,USD,MBA Mortgage Refinance Index APR/10,2,,,
c346ff265d8910aa,2026-04-09 17:15:00+00:00,US,USD,ADP Employment Change Weekly,2,,,
940fa52efcdfaf58,2026-04-09 17:30:00+00:00,US,USD,PCE Price Index MoM FEB,2,,,
7b448ad802487ceb,2026-04-09 17:30:00+00:00,US,USD,Durable Goods Orders ex Defense MoM FEB,2,,,
1f2bf2d8cfc6972c,2026-04-09 17:30:00+00:00,US,USD,PCE Prices QoQ Final Q4,2,,,
0d757459cbc1dba9,2026-04-09 17:30:00+00:00,US,USD,Non Farm Payrolls MAR,2,,,
b263f3d9af7e0784,2026-04-09 17:30:00+00:00,US,USD,Personal Spending MoM FEB,2,,,
60fd24c0a565cdc7,2026-04-09 17:30:00+00:00,US,USD,Initial Jobless Claims APR/04,2,,,
615b0ee4a505a612,2026-04-09 17:30:00+00:00,US,USD,NY Empire State Manufacturing Index APR,2,,-0.2,
f1ecd8b7f54e480d,2026-04-09 17:30:00+00:00,US,USD,Core PCE Prices QoQ Final Q4,2,,,
8dc57554195d3ab9,2026-04-09 17:30:00+00:00,US,USD,Core PCE Price Index YoY FEB,2,,,
05e8206e79426383,2026-04-09 17:30:00+00:00,US,USD,PPI MAR,2,153.1,153.231,
d084cd3108a8d35d,2026-04-09 17:30:00+00:00,US,USD,Government Payrolls MAR,2,,,
2d4e467f80bf245c,2026-04-09 17:30:00+00:00,US,USD,Durable Goods Orders Ex Transp MoM FEB,2,,,
b8757a71d954e0a8,2026-04-09 17:30:00+00:00,US,USD,Unemployment Rate MAR,2,,,
14c5ae0a97ace400,2026-04-09 17:30:00+00:00,US,USD,Real Personal Spending MoM FEB,2,,,
ef9d95125e68ebaa,2026-04-09 17:30:00+00:00,US,USD,Average Weekly Hours MAR,2,34.3,34.3,34.2
aa0fb5c2660a6a8b,2026-04-09 17:30:00+00:00,US,USD,"PPI Ex Food, Energy and Trade YoY MAR",2,,,
c70268c7d57474e0,2026-04-09 17:30:00+00:00,US,USD,Participation Rate MAR,2,,,
31c29c6e9304a482,2026-04-09 17:30:00+00:00,US,USD,Average Hourly Earnings YoY MAR,2,,,
1f56a289b4217c8b,2026-04-09 17:30:00+00:00,US,USD,Export Prices YoY MAR,2,,,
26783c5039c5e79c,2026-04-09 17:30:00+00:00,US,USD,PPI YoY MAR,2,,,
8292f231cbf35c6c,2026-04-09 17:30:00+00:00,US,USD,"PPI Ex Food, Energy and Trade MoM MAR",2,,,
47ae2bdfbcb877e4,2026-04-09 17:30:00+00:00,US,USD,GDP Sales QoQ Final Q4,2,,,
5c906d920a16ba1a,2026-04-09 17:30:00+00:00,US,USD,Corporate Profits QoQ Q4,2,,,
c1899c29e6fea8f0,2026-04-09 17:30:00+00:00,US,USD,Manufacturing Payrolls MAR,2,,,
6525da43f8d54e54,2026-04-09 17:30:00+00:00,US,USD,Non Defense Goods Orders Ex Air FEB,2,,,
76ce133d6b911219,2026-04-09 17:30:00+00:00,US,USD,Core PCE Price Index MoM FEB,2,,,
4ae6b81bf1ec260e,2026-04-09 17:30:00+00:00,US,USD,Core Inflation Rate YoY MAR,2,,,
f44f95fe7fed2185,2026-04-09 17:30:00+00:00,US,USD,Durable Goods Orders MoM FEB,2,,,
5f8375d1cc04ed80,2026-04-09 17:30:00+00:00,US,USD,CPI s.a MAR,2,330.1,327.46,
f3bb3f7041d70aec,2026-04-09 17:30:00+00:00,US,USD,CPI MAR,2,329.7,326.79,
a2f824a5f4f194ee,2026-04-09 17:30:00+00:00,US,USD,Inflation Rate YoY MAR,2,,,
c9835c70a5cce2a1,2026-04-09 17:30:00+00:00,US,USD,PCE Price Index YoY FEB,2,,,
4fcc99a45810036d,2026-04-09 17:30:00+00:00,US,USD,Personal Income MoM FEB,2,,,
ebcba16c55516b6c,2026-04-09 17:30:00+00:00,US,USD,Nonfarm Payrolls Private MAR,2,,,
972f1430e5a21d40,2026-04-09 17:30:00+00:00,US,USD,Import Prices MoM MAR,2,,,
26f9c2d60126a426,2026-04-09 17:30:00+00:00,US,USD,Core PPI MoM MAR,2,,,
c71eef8d67a1e3d1,2026-04-09 17:30:00+00:00,US,USD,PPI MoM MAR,2,,,
9a7707d2ec763b3e,2026-04-09 17:30:00+00:00,US,USD,Average Hourly Earnings MoM MAR,2,,,
f5fc000cdc0d07d6,2026-04-09 17:30:00+00:00,US,USD,Real Consumer Spending QoQ Final Q4,2,,,
6e1133028f06e526,2026-04-09 17:30:00+00:00,US,USD,Import Prices YoY MAR,2,,,
c59ff9b0299d7f6e,2026-04-09 17:30:00+00:00,US,USD,Export Prices MoM MAR,2,,,
1f23b2676984a05f,2026-04-09 17:30:00+00:00,US,USD,Continuing Jobless Claims MAR/28,2,,,
3cc193b9c6ca69eb,2026-04-09 17:30:00+00:00,US,USD,Core PPI YoY MAR,2,,,
58e52730fb018925,2026-04-09 17:30:00+00:00,US,USD,Inflation Rate MoM MAR,2,,,
a0fbe6107459c890,2026-04-09 17:30:00+00:00,US,USD,GDP Growth Rate QoQ Final Q4,2,,,
ed13ca701ccc8e0a,2026-04-09 17:30:00+00:00,US,USD,Core Inflation Rate MoM MAR,2,,,
0d74e663d857c726,2026-04-09 17:30:00+00:00,US,USD,GDP Price Index QoQ Final Q4,2,,,
1c5fd49ba036c16a,2026-04-09 17:30:00+00:00,US,USD,U-6 Unemployment Rate MAR,2,,,
b038bdba1f6f8ae9,2026-04-09 17:30:00+00:00,US,USD,Jobless Claims 4-week Average APR/04,2,,,
74a345e7aee5a27a,2026-04-09 17:45:00+00:00,DE,EUR,Current Account FEB,2,,,
67bc8ba872418ffb,2026-04-09 17:55:00+00:00,US,USD,Redbook YoY APR/04,2,,,
c245fb68a94b2474,2026-04-09 17:55:00+00:00,US,USD,Redbook YoY APR/11,2,,,
6ef702c2781d5792,2026-04-09 18:00:00+00:00,FR,EUR,6-Month BTF Auction,2,,,
8a0b77b1a146dc9b,2026-04-09 18:00:00+00:00,US,USD,Used Car Prices YoY MAR,2,,,
87b8295d0960fbc5,2026-04-09 18:00:00+00:00,FR,EUR,3-Month BTF Auction,2,,,
f67129fd9802e991,2026-04-09 18:00:00+00:00,US,USD,Used Car Prices MoM MAR,2,,,
1d0fd56b2c115de0,2026-04-09 18:00:00+00:00,FR,EUR,12-Month BTF Auction,2,,,
712f6f8f863f5c15,2026-04-09 18:20:00+00:00,US,USD,NY Fed Bill Purchases 1 to 4 months,2,,,
e5c5858538fef8f6,2026-04-09 18:45:00+00:00,US,USD,S&P Global Services PMI Final MAR,2,51.1,51.7,49.8
a9644c6081754a62,2026-04-09 18:45:00+00:00,US,USD,S&P Global Composite PMI Final MAR,2,51.4,51.9,50.3
134808b37206840c,2026-04-09 19:00:00+00:00,US,USD,Michigan 5 Year Inflation Expectations Prel APR,2,,,
ff35a808a21f8e79,2026-04-09 19:00:00+00:00,US,USD,Michigan Consumer Sentiment Prel APR,2,52.9,53.3,
ca432f156d44a03a,2026-04-09 19:00:00+00:00,US,USD,Wholesale Inventories MoM FEB,2,,,
428153f892c3de22,2026-04-09 19:00:00+00:00,US,USD,Factory Orders MoM FEB,2,,,
e44e93a84c0e08f6,2026-04-09 19:00:00+00:00,US,USD,ISM Services Prices MAR,2,70.0,63.0,
a3f908b22842a00a,2026-04-09 19:00:00+00:00,US,USD,ISM Services PMI MAR,2,54.0,56.1,
8d5a3902e3f947a6,2026-04-09 19:00:00+00:00,US,USD,Michigan Inflation Expectations Prel APR,2,,,
c077ec2220432e44,2026-04-09 19:00:00+00:00,US,USD,Michigan Consumer Expectations Prel APR,2,51.0,51.7,
ff6870f330157dd3,2026-04-09 19:00:00+00:00,US,USD,ISM Services Business Activity MAR,2,58.0,59.9,
d91642519ae5242b,2026-04-09 19:00:00+00:00,US,USD,NAHB Housing Market Index APR,2,,38.0,
f29e3c64d3edf32b,2026-04-09 19:00:00+00:00,US,USD,Existing Home Sales MAR,2,,,
4e1b3083a2390cfd,2026-04-09 19:00:00+00:00,US,USD,ISM Services New Orders MAR,2,57.6,58.6,
c09ecb21a0cd0f35,2026-04-09 19:00:00+00:00,US,USD,ISM Services Employment MAR,2,51.7,51.8,
050bd74f05444448,2026-04-09 19:00:00+00:00,US,USD,Factory Orders ex Transportation FEB,2,,,
50dcb9a3ee61cffb,2026-04-09 19:00:00+00:00,US,USD,Existing Home Sales MoM MAR,2,,,
a9c9ac577ac8e8f6,2026-04-09 19:00:00+00:00,US,USD,Michigan Current Conditions Prel APR,2,55.0,55.8,
f159b8c024f12785,2026-04-09 19:10:00+00:00,US,USD,RCM/TIPP Economic Optimism Index APR,2,47.0,47.5,
7618757c7c0b87d3,2026-04-09 19:30:00+00:00,US,USD,EIA Cushing Crude Oil Stocks Change APR/10,2,,,
383673a2b12cd68c,2026-04-09 19:30:00+00:00,US,USD,EIA Crude Oil Stocks Change APR/10,2,,,
fc76bcfa1e01cb68,2026-04-09 19:30:00+00:00,US,USD,EIA Gasoline Production Change APR/03,2,,,
19c5c44c550cf481,2026-04-09 19:30:00+00:00,US,USD,EIA Crude Oil Imports Change APR/03,2,,,
3b4fbc74e9c3cb7b,2026-04-09 19:30:00+00:00,US,USD,EIA Crude Oil Imports Change APR/10,2,,,
c86646eabf568177,2026-04-09 19:30:00+00:00,US,USD,EIA Distillate Fuel Production Change APR/03,2,,,
6dee237664543cb5,2026-04-09 19:30:00+00:00,US,USD,EIA Distillate Fuel Production Change APR/10,2,,,
a657a57423f70f91,2026-04-09 19:30:00+00:00,US,USD,EIA Heating Oil Stocks Change APR/10,2,,,
e095d78fcd386246,2026-04-09 19:30:00+00:00,US,USD,EIA Gasoline Stocks Change APR/03,2,,,
fa31c7aa151937d2,2026-04-09 19:30:00+00:00,US,USD,EIA Gasoline Production Change APR/10,2,,,
6f639cea9036974b,2026-04-09 19:30:00+00:00,US,USD,EIA Refinery Crude Runs Change APR/03,2,,,
234cefaa664c780e,2026-04-09 19:30:00+00:00,US,USD,EIA Heating Oil Stocks Change APR/03,2,,,
543b1808a7c0f6b0,2026-04-09 19:30:00+00:00,US,USD,EIA Gasoline Stocks Change APR/10,2,,,
50f4c40558e1fd6c,2026-04-09 19:30:00+00:00,US,USD,EIA Distillate Stocks Change APR/03,2,,,
e366a96f885a2cdc,2026-04-09 19:30:00+00:00,US,USD,EIA Crude Oil Stocks Change APR/03,2,,,
16e35df2d164ff2b,2026-04-09 19:30:00+00:00,US,USD,EIA Natural Gas Stocks Change APR/03,2,,,
343116a7f82e5c8f,2026-04-09 19:30:00+00:00,US,USD,EIA Cushing Crude Oil Stocks Change APR/03,2,,,
3689faa4e44dd28c,2026-04-09 19:30:00+00:00,US,USD,EIA Refinery Crude Runs Change APR/10,2,,,
9309119477e51162,2026-04-09 19:30:00+00:00,US,USD,EIA Distillate Stocks Change APR/10,2,,,
2046eed182ac392a,2026-04-09 20:00:00+00:00,US,USD,Consumer Inflation Expectations MAR,2,,,
77e9ec7ed3743e15,2026-04-09 20:30:00+00:00,US,USD,8-Week Bill Auction,2,,,
6847703151fec07e,2026-04-09 20:30:00+00:00,US,USD,52-Week Bill Auction,2,,,
945c07301fc73d3f,2026-04-09 20:30:00+00:00,US,USD,4-Week Bill Auction,2,,,
cbadb8157ee704ef,2026-04-09 20:30:00+00:00,US,USD,17-Week Bill Auction,2,,,
67f0cdad11342906,2026-04-09 20:30:00+00:00,US,USD,6-Month Bill Auction,2,,,
441704c5b73767f4,2026-04-09 20:30:00+00:00,US,USD,3-Month Bill Auction,2,,,
9298cbaf53903894,2026-04-09 21:00:00+00:00,US,USD,NOPA Crush Report,2,,,
34bd3503ce5f7c3d,2026-04-09 21:00:00+00:00,US,USD,30-Year Mortgage Rate APR/09,2,,,
442e526c77a23ffa,2026-04-09 21:00:00+00:00,US,USD,WASDE Report,2,,,
13877a5ad1b7561f,2026-04-09 21:00:00+00:00,US,USD,15-Year Mortgage Rate APR/09,2,,,
7c4f3f20a416713f,2026-04-09 21:35:00+00:00,US,USD,Fed Goolsbee Speech,2,,,
2a2c4679b12ac340,2026-04-09 22:00:00+00:00,US,USD,3-Year Note Auction,2,,,
74979cacbe3373a3,2026-04-09 22:00:00+00:00,US,USD,30-Year Bond Auction,2,,,
9823fb0d3e8232cb,2026-04-09 22:00:00+00:00,US,USD,Baker Hughes Total Rigs Count APR/10,2,,548.0,
f9f710d52ba2f164,2026-04-09 22:00:00+00:00,US,USD,Baker Hughes Oil Rig Count APR/10,2,,411.0,
1922b1ce10b61978,2026-04-09 22:00:00+00:00,US,USD,10-Year Note Auction,2,,,
3aae978cc21a1576,2026-04-09 23:00:00+00:00,US,USD,Fed Beige Book,2,,,
b23b017718d39849,2026-04-09 23:00:00+00:00,US,USD,Monthly Budget Statement MAR,2,,,
5147bdfe05035e4c,2026-04-09 23:00:00+00:00,US,USD,FOMC Minutes,2,,,
22f35e59a216b1a0,2026-04-10 00:00:00+00:00,US,USD,Consumer Credit Change FEB,2,,,
19a6881908a245ad,2026-04-10 01:30:00+00:00,US,USD,API Crude Oil Stock Change APR/03,2,,,
62d6d2f1cb22275a,2026-04-10 01:30:00+00:00,US,USD,Fed Balance Sheet APR/08,2,,,
3bc92545403f93d3,2026-04-10 01:30:00+00:00,US,USD,API Crude Oil Stock Change APR/10,2,,,
90a34faed3ba02bd,2026-04-10 02:50:00+00:00,US,USD,Fed Jefferson Speech,2,,,
e67fc02fe86a58b6,2026-04-10 05:00:00+00:00,US,USD,Total Vehicle Sales MAR,2,,,
3c4e699cd2ee9956,2026-04-10 05:01:00+00:00,IE,EUR,AIB Services PMI MAR,2,51.5,51.8,
2f1557eb10996eff,2026-04-10 09:30:00+00:00,NL,EUR,Inflation Rate YoY Final MAR,2,,,
5b360d0f008fd036,2026-04-10 09:30:00+00:00,NL,EUR,Inflation Rate MoM MAR,2,,,
82a686c2c1010f22,2026-04-10 09:30:00+00:00,NL,EUR,Manufacturing Production MoM FEB,2,,,
3524e1472cb728cf,2026-04-10 09:30:00+00:00,NL,EUR,Balance of Trade FEB,2,,,
a33b83269c1cc143,2026-04-10 09:30:00+00:00,NL,EUR,Household Consumption YoY FEB,2,,,
3ce12e20f7c0743b,2026-04-10 10:00:00+00:00,FI,EUR,Industrial Production YoY FEB,2,,,
ea2dea11193d28d2,2026-04-10 10:00:00+00:00,FI,EUR,Current Account FEB,2,,,
34e689c7abade37d,2026-04-10 11:00:00+00:00,DE,EUR,Harmonised Inflation Rate YoY Final MAR,2,,,
bceb7954a319cadd,2026-04-10 11:00:00+00:00,DE,EUR,Imports MoM FEB,2,,,
ae5c18020f93983b,2026-04-10 11:00:00+00:00,DE,EUR,Industrial Production MoM FEB,2,,,
60fab88791846ee4,2026-04-10 11:00:00+00:00,DE,EUR,Factory Orders MoM FEB,2,,,
9708c1f75dec28f4,2026-04-10 11:00:00+00:00,DE,EUR,Balance of Trade FEB,2,,,
3a0ee48fef546370,2026-04-10 11:00:00+00:00,DE,EUR,Inflation Rate YoY Final MAR,2,,,
d678b4b8d45dcaa6,2026-04-10 11:00:00+00:00,DE,EUR,Inflation Rate MoM Final MAR,2,,,
a7ec9d5dbd655edb,2026-04-10 11:00:00+00:00,DE,EUR,Harmonised Inflation Rate MoM Final MAR,2,,,
211e343aa22e8893,2026-04-10 11:00:00+00:00,DE,EUR,Wholesale Prices YoY MAR,2,,,
8408d557a9cfb317,2026-04-10 11:00:00+00:00,DE,EUR,Exports MoM FEB,2,,,
d5836609d20b9782,2026-04-10 11:00:00+00:00,DE,EUR,Wholesale Prices MoM MAR,2,,,
56f3c5aa702f87be,2026-04-10 11:45:00+00:00,FR,EUR,Balance of Trade FEB,2,,,
e965b64e4e912929,2026-04-10 11:45:00+00:00,FR,EUR,Exports FEB,2,,,
0542351b40ad71b7,2026-04-10 11:45:00+00:00,FR,EUR,Current Account FEB,2,,,
3d615e13b1a14c33,2026-04-10 11:45:00+00:00,FR,EUR,Industrial Production MoM FEB,2,,,
f63b972d2f07e45f,2026-04-10 11:45:00+00:00,FR,EUR,Imports FEB,2,,,
922bf0f1924c41f8,2026-04-10 11:45:00+00:00,FR,EUR,Foreign Exchange Reserves MAR,2,,,
120545d016e052b9,2026-04-10 12:00:00+00:00,ES,EUR,Core Inflation Rate YoY Final MAR,2,,,
df488deacca30d1a,2026-04-10 12:00:00+00:00,ES,EUR,Harmonised Inflation Rate YoY Final MAR,2,,,
e35f241cd7404673,2026-04-10 12:00:00+00:00,ES,EUR,Unemployment Change MAR,2,,,
daa855543778d671,2026-04-10 12:00:00+00:00,AT,EUR,Wholesale Prices MoM MAR,2,,,
1cd263717198ff87,2026-04-10 12:00:00+00:00,AT,EUR,Balance of Trade JAN,2,,,
513ba288bdffa0bf,2026-04-10 12:00:00+00:00,ES,EUR,Industrial Production YoY FEB,2,,,
1379b104512c84bc,2026-04-10 12:00:00+00:00,ES,EUR,Inflation Rate YoY Final MAR,2,,,
c96734db2dbc26bf,2026-04-10 12:00:00+00:00,AT,EUR,Wholesale Prices YoY MAR,2,,,
94e3bb647162bb57,2026-04-10 12:00:00+00:00,ES,EUR,Inflation Rate MoM Final MAR,2,,,
0a26a8f7fb7973fd,2026-04-10 12:00:00+00:00,ES,EUR,Harmonised Inflation Rate MoM Final MAR,2,,,
5243952bf3235cc1,2026-04-10 12:15:00+00:00,ES,EUR,S&P Global Services PMI MAR,2,51.5,51.9,
0adc4cd29b259cde,2026-04-10 12:15:00+00:00,ES,EUR,S&P Global Composite PMI MAR,2,51.3,51.5,
2d1d4f157ea41f3d,2026-04-10 12:30:00+00:00,FR,EUR,HCOB Construction PMI MAR,2,45.0,43.9,
55b521ca235b1991,2026-04-10 12:45:00+00:00,IT,EUR,S&P Global Composite PMI MAR,2,51.5,52.1,
9da5c777041d60de,2026-04-10 12:45:00+00:00,IT,EUR,S&P Global Services PMI MAR,2,51.4,52.3,
20504d3e6eaf8211,2026-04-10 12:50:00+00:00,FR,EUR,S&P Global Composite PMI Final MAR,2,48.3,49.9,
419c1446a5bf3bb4,2026-04-10 12:50:00+00:00,FR,EUR,S&P Global Services PMI Final MAR,2,48.3,49.6,
d37984c04557fe1e,2026-04-10 12:55:00+00:00,DE,EUR,S&P Global Composite PMI Final MAR,2,51.9,53.2,
30b3533aa69f31b0,2026-04-10 12:55:00+00:00,DE,EUR,S&P Global Services PMI Final MAR,2,51.2,53.5,
7977e2ddd5d0ae72,2026-04-10 13:00:00+00:00,IT,EUR,Industrial Production MoM FEB,2,,,
c86504d97a681397,2026-04-10 13:00:00+00:00,IT,EUR,Industrial Production YoY FEB,2,,,
4dd9dd01240cfdf4,2026-04-10 13:40:00+00:00,ES,EUR,12-Month Letras Auction,2,,,
b30f8c7db661bcc6,2026-04-10 13:40:00+00:00,ES,EUR,6-Month Letras Auction,2,,,
3f98b61118368399,2026-04-10 13:40:00+00:00,ES,EUR,9-Month Letras Auction,2,,,
455a4307b356f41b,2026-04-10 13:40:00+00:00,ES,EUR,10-Year Index-Linked Obligacion Auction,2,,,
8aadbc20c607ea11,2026-04-10 13:40:00+00:00,ES,EUR,3-Month Letras Auction,2,,,
92189dda636995c9,2026-04-10 13:40:00+00:00,ES,EUR,5-Year Bonos Auction,2,,,
8c99d4757d8dab0e,2026-04-10 13:40:00+00:00,ES,EUR,10-Year Obligacion Auction,2,,,
c667b7866954c909,2026-04-10 13:40:00+00:00,ES,EUR,3-Year Bonos Auction,2,,,
649187727f034586,2026-04-10 14:00:00+00:00,AT,EUR,RAGB 2023-2030/4 Auction,2,,,
26ebda19eec369aa,2026-04-10 14:00:00+00:00,AT,EUR,RAGB 2026-2036/1 Auction,2,,,
90432cc934631881,2026-04-10 14:00:00+00:00,FR,EUR,IEA Oil Market Report,2,,,
64cf488a14e46476,2026-04-10 14:00:00+00:00,GR,EUR,Balance of Trade FEB,2,,,
a636e88e7aaedfb2,2026-04-10 14:00:00+00:00,GR,EUR,Industrial Production YoY FEB,2,,,
168a42bfa75880ea,2026-04-10 14:10:00+00:00,IT,EUR,12-Month BOT Auction,2,,,
ee8fb923dee1d59c,2026-04-10 14:10:00+00:00,IT,EUR,BTP Auction,2,,,
0f34e31f6a0ccfe5,2026-04-10 14:15:00+00:00,GR,EUR,13-Week Bill Auction,2,,,
df7088e641abd97c,2026-04-10 14:30:00+00:00,DE,EUR,5-Year Bobl Auction,2,,,
81beff59cb2cf518,2026-04-10 14:30:00+00:00,DE,EUR,10-Year Bund/g Auction,2,,,
bb29e050829e218d,2026-04-10 14:30:00+00:00,DE,EUR,12-Month Bubill Auction,2,,,
e189444cbda6a5c3,2026-04-10 14:30:00+00:00,DE,EUR,30-Year Bund/g Auction,2,,,
8b19a7506a75151c,2026-04-10 14:30:00+00:00,DE,EUR,10-Year Bund Auction,2,,,
fc34e14fa8cbc2cf,2026-04-10 15:00:00+00:00,PT,EUR,Inflation Rate YoY Final MAR,2,,,
d8825ce91ad8361d,2026-04-10 15:00:00+00:00,IE,EUR,Inflation Rate MoM MAR,2,,,
b630e4dcf966ea03,2026-04-10 15:00:00+00:00,IE,EUR,Harmonised Inflation Rate YoY Final MAR,2,,,
3836ca4fb5f6860b,2026-04-10 15:00:00+00:00,PT,EUR,Balance of Trade FEB,2,,,
9341e1ff62e90671,2026-04-10 15:00:00+00:00,BE,EUR,Short TC Auction,2,,,
e2ec4c7b9a35b102,2026-04-10 15:00:00+00:00,PT,EUR,Inflation Rate MoM Final MAR,2,,,
29eae825072f94fa,2026-04-10 15:00:00+00:00,IE,EUR,Harmonised Inflation Rate MoM Final MAR,2,,,
8ae8953c90fe5844,2026-04-10 15:00:00+00:00,US,USD,LMI Logistics Managers Index MAR,2,,61.5,
e8712a7e3144ecf5,2026-04-10 15:00:00+00:00,IE,EUR,Inflation Rate YoY MAR,2,,,
1d68ec675a94a914,2026-04-10 15:00:00+00:00,DE,EUR,New Car Registrations YoY MAR,2,,,
f67a15e6e1b464fa,2026-04-10 15:00:00+00:00,US,USD,NFIB Business Optimism Index MAR,2,97.0,98.8,
82a8cc74c7d7070a,2026-04-10 15:10:00+00:00,EU,EUR,6-Month Bill Auction,2,,,
f169dda24c1db13f,2026-04-10 15:10:00+00:00,EU,EUR,12-Month Bill Auction,2,,,
d3d1baf59206767c,2026-04-10 15:10:00+00:00,EU,EUR,3-Month Bill Auction,2,,,
ee539b3882eb3d60,2026-04-10 16:00:00+00:00,US,USD,MBA Purchase Index APR/03,2,,159.4,
43f2e91936ac8233,2026-04-10 16:00:00+00:00,US,USD,MBA Mortgage Applications APR/03,2,,,
bf0412e38c440fc9,2026-04-10 16:00:00+00:00,US,USD,MBA Mortgage Refinance Index APR/03,2,,946.4,
e1db1a68167d4b96,2026-04-10 16:00:00+00:00,US,USD,MBA 30-Year Mortgage Rate APR/03,2,,,
4eee8235a8ad01fb,2026-04-10 16:00:00+00:00,US,USD,MBA Mortgage Market Index APR/03,2,,278.3,
2a6382209497f880,2026-04-10 16:00:00+00:00,BE,EUR,Long TC Auction,2,,,
355c9556ec3d6a38,2026-04-10 17:15:00+00:00,US,USD,ADP Employment Change Weekly,2,,,
1d83f9124e296e41,2026-04-10 17:30:00+00:00,US,USD,GDP Growth Rate QoQ Final Q4,2,,,
97fd55efebad85b6,2026-04-10 17:30:00+00:00,US,USD,Core PCE Prices QoQ Final Q4,2,,,
0da13d7dc944667e,2026-04-10 17:30:00+00:00,US,USD,Core PCE Price Index MoM FEB,2,,,
604abde8fbcbb472,2026-04-10 17:30:00+00:00,US,USD,Corporate Profits QoQ Q4,2,,,
5b59b41fb670ba26,2026-04-10 17:30:00+00:00,US,USD,PCE Price Index MoM FEB,2,,,
401f7fc261b3ddbe,2026-04-10 17:30:00+00:00,US,USD,Non Defense Goods Orders Ex Air FEB,2,,,
ba379bdaed4c5f27,2026-04-10 17:30:00+00:00,US,USD,Core Inflation Rate YoY MAR,2,,,
fb7feffcaaaf84af,2026-04-10 17:30:00+00:00,US,USD,GDP Price Index QoQ Final Q4,2,,,
c982be46a9dd0dff,2026-04-10 17:30:00+00:00,US,USD,Real Consumer Spending QoQ Final Q4,2,,,
bd249e6e049ba562,2026-04-10 17:30:00+00:00,US,USD,GDP Sales QoQ Final Q4,2,,,
4c9b3214aa8707c6,2026-04-10 17:30:00+00:00,US,USD,Core Inflation Rate MoM MAR,2,,,
70ff404cfb81ea7f,2026-04-10 17:30:00+00:00,US,USD,Government Payrolls MAR,2,,,
2ef60b66da5406ac,2026-04-10 17:30:00+00:00,US,USD,Manufacturing Payrolls MAR,2,,,
53ceedd689f01b43,2026-04-10 17:30:00+00:00,US,USD,Jobless Claims 4-week Average APR/04,2,,,
fee342e4ac61e9c4,2026-04-10 17:30:00+00:00,US,USD,Unemployment Rate MAR,2,,,
155d5d416b99ebfe,2026-04-10 17:30:00+00:00,US,USD,Inflation Rate MoM MAR,2,,,
2b7e3939ac7169d0,2026-04-10 17:30:00+00:00,US,USD,Participation Rate MAR,2,,,
3ae3f8ad54fe17e9,2026-04-10 17:30:00+00:00,US,USD,U-6 Unemployment Rate MAR,2,,,
bb11149b05a62185,2026-04-10 17:30:00+00:00,US,USD,Core PCE Price Index YoY FEB,2,,,
6bc39bb92e97fc05,2026-04-10 17:30:00+00:00,US,USD,PPI MoM MAR,2,,,
cdd12828f70783e7,2026-04-10 17:30:00+00:00,US,USD,Initial Jobless Claims APR/04,2,,,
4553f772c2e0e253,2026-04-10 17:30:00+00:00,US,USD,CPI MAR,2,329.7,326.79,
09d03313e4aa12d9,2026-04-10 17:30:00+00:00,US,USD,Durable Goods Orders Ex Transp MoM FEB,2,,,
5009fa1438a69e54,2026-04-10 17:30:00+00:00,US,USD,"PPI Ex Food, Energy and Trade MoM MAR",2,,,
2cd5d0bca0a9f776,2026-04-10 17:30:00+00:00,US,USD,Continuing Jobless Claims MAR/28,2,,,
1889783782a87a22,2026-04-10 17:30:00+00:00,US,USD,PCE Prices QoQ Final Q4,2,,,
ee1d252f809e2074,2026-04-10 17:30:00+00:00,US,USD,Inflation Rate YoY MAR,2,,,
3a435fe1c0fb1f6d,2026-04-10 17:30:00+00:00,US,USD,Nonfarm Payrolls Private MAR,2,,,
6db1e51f3af1b9a4,2026-04-10 17:30:00+00:00,US,USD,Average Hourly Earnings MoM MAR,2,,,
a876e4d47462c460,2026-04-10 17:30:00+00:00,US,USD,Core PPI YoY MAR,2,,,
7c17e23716c42971,2026-04-10 17:30:00+00:00,US,USD,Personal Income MoM FEB,2,,,
44b2bd9d29be8185,2026-04-10 17:30:00+00:00,US,USD,PCE Price Index YoY FEB,2,,,
9c6114b9cb56c3ad,2026-04-10 17:30:00+00:00,US,USD,Durable Goods Orders MoM FEB,2,,,
a3e998af74da0538,2026-04-10 17:30:00+00:00,US,USD,Real Personal Spending MoM FEB,2,,,
b1540176afaef007,2026-04-10 17:30:00+00:00,US,USD,PPI YoY MAR,2,,,
44795efb6d9ec1aa,2026-04-10 17:30:00+00:00,US,USD,PPI MAR,2,153.1,153.231,
073163ec4bdade49,2026-04-10 17:30:00+00:00,US,USD,Personal Spending MoM FEB,2,,,
244f0996a594db25,2026-04-10 17:30:00+00:00,US,USD,"PPI Ex Food, Energy and Trade YoY MAR",2,,,
20034fcc21e1817f,2026-04-10 17:30:00+00:00,US,USD,Core PPI MoM MAR,2,,,
78da53f461eb7a17,2026-04-10 17:30:00+00:00,US,USD,Durable Goods Orders ex Defense MoM FEB,2,,,
46cb2be4918490f5,2026-04-10 17:30:00+00:00,US,USD,Average Hourly Earnings YoY MAR,2,,,
1c6550b5201b4c11,2026-04-10 17:30:00+00:00,US,USD,CPI s.a MAR,2,330.1,327.46,
43a3472acc18ccab,2026-04-10 17:30:00+00:00,US,USD,Non Farm Payrolls MAR,2,,,
5127023af2adadae,2026-04-10 17:30:00+00:00,US,USD,Average Weekly Hours MAR,2,34.3,34.3,34.2
69eaaa14da1ddec1,2026-04-10 17:45:00+00:00,DE,EUR,Current Account FEB,2,,,
6726373c843edd00,2026-04-10 17:55:00+00:00,US,USD,Redbook YoY APR/11,2,,,
221cf953f5cebd05,2026-04-10 17:55:00+00:00,US,USD,Redbook YoY APR/04,2,,,
61661ed395037687,2026-04-10 18:00:00+00:00,FR,EUR,6-Month BTF Auction,2,,,
b106e4fd5046c7c2,2026-04-10 18:00:00+00:00,FR,EUR,12-Month BTF Auction,2,,,
9cd4613a9eaca720,2026-04-10 18:00:00+00:00,US,USD,Used Car Prices MoM MAR,2,,,
a0b4810384f90782,2026-04-10 18:00:00+00:00,US,USD,Used Car Prices YoY MAR,2,,,
d545407827b09e27,2026-04-10 18:00:00+00:00,FR,EUR,3-Month BTF Auction,2,,,
80610b85070ef482,2026-04-10 18:20:00+00:00,US,USD,NY Fed Bill Purchases 1 to 4 months,2,,,
2e24ee79a9e019ed,2026-04-10 18:45:00+00:00,US,USD,S&P Global Composite PMI Final MAR,2,51.4,51.9,50.3
23bbd83b3a4f2708,2026-04-10 18:45:00+00:00,US,USD,S&P Global Services PMI Final MAR,2,51.1,51.7,49.8
1be1645f1477f11d,2026-04-10 19:00:00+00:00,US,USD,Factory Orders ex Transportation FEB,2,,,
ab5a7d50669b2f4c,2026-04-10 19:00:00+00:00,US,USD,Michigan Inflation Expectations Prel APR,2,,,
3808fcffc9f14651,2026-04-10 19:00:00+00:00,US,USD,ISM Services PMI MAR,2,54.0,56.1,
79cd4c27eb9feee6,2026-04-10 19:00:00+00:00,US,USD,Factory Orders MoM FEB,2,,,
970334a1369a06f5,2026-04-10 19:00:00+00:00,US,USD,Michigan Current Conditions Prel APR,2,55.0,55.8,
aca7688153a81a57,2026-04-10 19:00:00+00:00,US,USD,ISM Services Prices MAR,2,70.0,63.0,
65039008290fe3bf,2026-04-10 19:00:00+00:00,US,USD,Existing Home Sales MoM MAR,2,,,
9e44545c5a28b96a,2026-04-10 19:00:00+00:00,US,USD,ISM Services New Orders MAR,2,57.6,58.6,
2e97f1f9ceeb3b47,2026-04-10 19:00:00+00:00,US,USD,Existing Home Sales MAR,2,,,
eb62b5245cfca3a2,2026-04-10 19:00:00+00:00,US,USD,Michigan 5 Year Inflation Expectations Prel APR,2,,,
1e8aa29ffecdb117,2026-04-10 19:00:00+00:00,US,USD,Michigan Consumer Sentiment Prel APR,2,52.9,53.3,
d397bf2e14feff28,2026-04-10 19:00:00+00:00,US,USD,Wholesale Inventories MoM FEB,2,,,
ca176cd73dba5d37,2026-04-10 19:00:00+00:00,US,USD,ISM Services Business Activity MAR,2,58.0,59.9,
3d43b41db51b41e6,2026-04-10 19:00:00+00:00,US,USD,ISM Services Employment MAR,2,51.7,51.8,
5a940ab0c569385a,2026-04-10 19:00:00+00:00,US,USD,Michigan Consumer Expectations Prel APR,2,51.0,51.7,
3431950f1b78285d,2026-04-10 19:10:00+00:00,US,USD,RCM/TIPP Economic Optimism Index APR,2,47.0,47.5,
cf673d851cac5876,2026-04-10 19:30:00+00:00,US,USD,EIA Gasoline Production Change APR/03,2,,,
2588949ba9eb76ca,2026-04-10 19:30:00+00:00,US,USD,EIA Heating Oil Stocks Change APR/03,2,,,
ee214f81b2803e04,2026-04-10 19:30:00+00:00,US,USD,EIA Distillate Stocks Change APR/03,2,,,
bf5995f10fd6d0f3,2026-04-10 19:30:00+00:00,US,USD,EIA Gasoline Stocks Change APR/03,2,,,
709cf256cf2141f0,2026-04-10 19:30:00+00:00,US,USD,EIA Distillate Fuel Production Change APR/03,2,,,
0b2ae565e2d1bf61,2026-04-10 19:30:00+00:00,US,USD,EIA Crude Oil Stocks Change APR/03,2,,,
047f9e6e81004eb5,2026-04-10 19:30:00+00:00,US,USD,EIA Natural Gas Stocks Change APR/03,2,,,
417e01773d364a9b,2026-04-10 19:30:00+00:00,US,USD,EIA Cushing Crude Oil Stocks Change APR/03,2,,,
d62533a4aa2db3f2,2026-04-10 19:30:00+00:00,US,USD,EIA Refinery Crude Runs Change APR/03,2,,,
b50a9faef51cbbaf,2026-04-10 19:30:00+00:00,US,USD,EIA Crude Oil Imports Change APR/03,2,,,
23807342db0cc706,2026-04-10 20:00:00+00:00,US,USD,Consumer Inflation Expectations MAR,2,,,
683c1d7c469d072c,2026-04-10 20:30:00+00:00,US,USD,8-Week Bill Auction,2,,,
0023d1e5b00440ca,2026-04-10 20:30:00+00:00,US,USD,6-Month Bill Auction,2,,,
0a3c7fbe8238ed02,2026-04-10 20:30:00+00:00,US,USD,4-Week Bill Auction,2,,,
28a30c7029331abe,2026-04-10 20:30:00+00:00,US,USD,17-Week Bill Auction,2,,,
6eab43fc5033cc1f,2026-04-10 20:30:00+00:00,US,USD,3-Month Bill Auction,2,,,
d6d96da4e2e77a79,2026-04-10 21:00:00+00:00,US,USD,WASDE Report,2,,,
07bbfd475008b532,2026-04-10 21:00:00+00:00,US,USD,15-Year Mortgage Rate APR/09,2,,,
6d7c09663a057de8,2026-04-10 21:00:00+00:00,US,USD,30-Year Mortgage Rate APR/09,2,,,
08e93ca395e65b9b,2026-04-10 21:35:00+00:00,US,USD,Fed Goolsbee Speech,2,,,
a0f82239c9ad7b7c,2026-04-10 22:00:00+00:00,US,USD,Baker Hughes Oil Rig Count APR/10,2,,411.0,
97b8ef0cc055c61f,2026-04-10 22:00:00+00:00,US,USD,3-Year Note Auction,2,,,
d871254617a48d16,2026-04-10 22:00:00+00:00,US,USD,10-Year Note Auction,2,,,
7fc135037b706f71,2026-04-10 22:00:00+00:00,US,USD,30-Year Bond Auction,2,,,
f15e0395e619189a,2026-04-10 22:00:00+00:00,US,USD,Baker Hughes Total Rigs Count APR/10,2,,548.0,
8e42be2bfd69dd65,2026-04-10 23:00:00+00:00,US,USD,FOMC Minutes,2,,,
c55ba79268960fa5,2026-04-10 23:00:00+00:00,US,USD,Monthly Budget Statement MAR,2,,,
9621ee85fa3290ec,2026-04-11 00:00:00+00:00,US,USD,Consumer Credit Change FEB,2,,,
6595cda7c925fdd2,2026-04-11 01:30:00+00:00,US,USD,API Crude Oil Stock Change APR/03,2,,,
d5747bcf2e886057,2026-04-11 01:30:00+00:00,US,USD,Fed Balance Sheet APR/08,2,,,
16ec07803cfda712,2026-04-11 02:50:00+00:00,US,USD,Fed Jefferson Speech,2,,,
cb18b70857757a3f,2026-04-11 05:00:00+00:00,US,USD,Total Vehicle Sales MAR,2,,,
597d2d90eb05b592,2026-04-11 11:00:00+00:00,DE,EUR,Factory Orders MoM FEB,2,,,
4d45dc4a6a91eb3b,2026-04-11 11:00:00+00:00,DE,EUR,Wholesale Prices MoM MAR,2,,,
3246c0cb6c2b4941,2026-04-11 11:00:00+00:00,DE,EUR,Inflation Rate MoM Final MAR,2,,,
72c150208f883081,2026-04-11 11:00:00+00:00,DE,EUR,Wholesale Prices YoY MAR,2,,,
20b76205d4e04535,2026-04-11 11:00:00+00:00,DE,EUR,Inflation Rate YoY Final MAR,2,,,
90c4faf4979b0fe0,2026-04-11 11:00:00+00:00,DE,EUR,Exports MoM FEB,2,,,
70d49b55c650e732,2026-04-11 11:00:00+00:00,DE,EUR,Imports MoM FEB,2,,,
720034d815947493,2026-04-11 11:00:00+00:00,DE,EUR,Industrial Production MoM FEB,2,,,
962961716cd4af01,2026-04-11 11:00:00+00:00,DE,EUR,Balance of Trade FEB,2,,,
5c6188dd90b0f935,2026-04-11 11:00:00+00:00,DE,EUR,Harmonised Inflation Rate YoY Final MAR,2,,,
60cacf7e93a65de2,2026-04-11 11:00:00+00:00,DE,EUR,Harmonised Inflation Rate MoM Final MAR,2,,,
d47ee697650e9244,2026-04-11 11:45:00+00:00,FR,EUR,Balance of Trade FEB,2,,,
62df06cddd4a88b8,2026-04-11 11:45:00+00:00,FR,EUR,Imports FEB,2,,,
d5f92f62f0c8d512,2026-04-11 11:45:00+00:00,FR,EUR,Exports FEB,2,,,
baa809e13e612270,2026-04-11 11:45:00+00:00,FR,EUR,Foreign Exchange Reserves MAR,2,,,
90a889f88cbe8b66,2026-04-11 11:45:00+00:00,FR,EUR,Industrial Production MoM FEB,2,,,
3049509dba4fb609,2026-04-11 11:45:00+00:00,FR,EUR,Current Account FEB,2,,,
4baeac11043a2315,2026-04-11 12:00:00+00:00,ES,EUR,Inflation Rate YoY Final MAR,2,,,
1d5ffd75b1bb5b51,2026-04-11 12:00:00+00:00,ES,EUR,Unemployment Change MAR,2,,,
2c02d3e5a918cad0,2026-04-11 12:00:00+00:00,ES,EUR,Industrial Production YoY FEB,2,,,
e7411901e9e32c8f,2026-04-11 12:00:00+00:00,ES,EUR,Harmonised Inflation Rate YoY Final MAR,2,,,
58acf1f0a5da3c86,2026-04-11 12:00:00+00:00,ES,EUR,Inflation Rate MoM Final MAR,2,,,
0342623accb97663,2026-04-11 12:00:00+00:00,ES,EUR,Harmonised Inflation Rate MoM Final MAR,2,,,
da5c0c24222f0335,2026-04-11 12:00:00+00:00,ES,EUR,Core Inflation Rate YoY Final MAR,2,,,
a97572be2a3eff37,2026-04-11 12:15:00+00:00,ES,EUR,S&P Global Composite PMI MAR,2,51.3,51.5,
8ab740f0d5ef134e,2026-04-11 12:15:00+00:00,ES,EUR,S&P Global Services PMI MAR,2,51.5,51.9,
48fcd547661a3ac7,2026-04-11 12:30:00+00:00,FR,EUR,HCOB Construction PMI MAR,2,45.0,43.9,
5a108bab6e1cf918,2026-04-11 12:45:00+00:00,IT,EUR,S&P Global Composite PMI MAR,2,51.5,52.1,
ecdd9bcf81a4b5a5,2026-04-11 12:45:00+00:00,IT,EUR,S&P Global Services PMI MAR,2,51.4,52.3,
269bf0a22ffb617a,2026-04-11 12:50:00+00:00,FR,EUR,S&P Global Services PMI Final MAR,2,48.3,49.6,
b8c38938af900345,2026-04-11 12:50:00+00:00,FR,EUR,S&P Global Composite PMI Final MAR,2,48.3,49.9,
d18eb58b83ea767e,2026-04-11 12:55:00+00:00,DE,EUR,S&P Global Composite PMI Final MAR,2,51.9,53.2,
34b4abd365610fc6,2026-04-11 12:55:00+00:00,DE,EUR,S&P Global Services PMI Final MAR,2,51.2,53.5,
4e022ba01339d042,2026-04-11 13:00:00+00:00,IT,EUR,Industrial Production MoM FEB,2,,,
530530db0bbea77f,2026-04-11 13:00:00+00:00,IT,EUR,Industrial Production YoY FEB,2,,,
0244f141dad8a339,2026-04-11 13:40:00+00:00,ES,EUR,12-Month Letras Auction,2,,,
d50c942d8cdd5856,2026-04-11 13:40:00+00:00,ES,EUR,3-Year Bonos Auction,2,,,
a24c9d34158db1b8,2026-04-11 13:40:00+00:00,ES,EUR,5-Year Bonos Auction,2,,,
19ccabb0a8df963e,2026-04-11 13:40:00+00:00,ES,EUR,6-Month Letras Auction,2,,,
65fc659ecb447854,2026-04-11 13:40:00+00:00,ES,EUR,10-Year Index-Linked Obligacion Auction,2,,,
838b6b5baa1c2a70,2026-04-11 13:40:00+00:00,ES,EUR,10-Year Obligacion Auction,2,,,
63565ce8fde49f1e,2026-04-11 13:40:00+00:00,ES,EUR,3-Month Letras Auction,2,,,
94669ded436756de,2026-04-11 13:40:00+00:00,ES,EUR,9-Month Letras Auction,2,,,
8783be6fce423cae,2026-04-11 14:00:00+00:00,FR,EUR,IEA Oil Market Report,2,,,
f8f02231b464ea4a,2026-04-11 14:10:00+00:00,IT,EUR,12-Month BOT Auction,2,,,
588c7a39f31f68d2,2026-04-11 14:10:00+00:00,IT,EUR,BTP Auction,2,,,
bd572ac093979139,2026-04-11 14:30:00+00:00,DE,EUR,10-Year Bund/g Auction,2,,,
4acd727fec75eaec,2026-04-11 14:30:00+00:00,DE,EUR,5-Year Bobl Auction,2,,,
bbb5e5a6a7fa6c2b,2026-04-11 14:30:00+00:00,DE,EUR,12-Month Bubill Auction,2,,,
c6345f7118002782,2026-04-11 14:30:00+00:00,DE,EUR,10-Year Bund Auction,2,,,
c95b055bc9095f29,2026-04-11 14:30:00+00:00,DE,EUR,30-Year Bund/g Auction,2,,,
aca6e8a2d11477a4,2026-04-11 15:00:00+00:00,US,USD,LMI Logistics Managers Index MAR,2,,61.5,
d737deb9b898c52a,2026-04-11 15:00:00+00:00,US,USD,NFIB Business Optimism Index MAR,2,97.0,98.8,
3fa80432f67a4268,2026-04-11 15:00:00+00:00,DE,EUR,New Car Registrations YoY MAR,2,,,
2799551d946f933f,2026-04-11 15:10:00+00:00,EU,EUR,6-Month Bill Auction,2,,,
dce97b5d5e667303,2026-04-11 15:10:00+00:00,EU,EUR,3-Month Bill Auction,2,,,
8c038d345fc37e2f,2026-04-11 15:10:00+00:00,EU,EUR,12-Month Bill Auction,2,,,
9afe31217fc4e013,2026-04-11 16:00:00+00:00,US,USD,MBA Mortgage Market Index APR/03,2,,278.3,
452aa651ff44455c,2026-04-11 16:00:00+00:00,US,USD,MBA Purchase Index APR/03,2,,159.4,
7403093ca9b0514c,2026-04-11 16:00:00+00:00,US,USD,MBA Mortgage Refinance Index APR/03,2,,946.4,
053ba08e6360008e,2026-04-11 16:00:00+00:00,US,USD,MBA Mortgage Applications APR/03,2,,,
c25beb4cbba9a926,2026-04-11 16:00:00+00:00,US,USD,MBA 30-Year Mortgage Rate APR/03,2,,,
f2bb214c8e2efcea,2026-04-11 17:15:00+00:00,US,USD,ADP Employment Change Weekly,2,,,
ce645e1fcc82a49c,2026-04-11 17:30:00+00:00,US,USD,Initial Jobless Claims APR/04,2,,,
51db38530bd9f80a,2026-04-11 17:30:00+00:00,US,USD,Core PCE Prices QoQ Final Q4,2,,,
d091aeb67f52a1f8,2026-04-11 17:30:00+00:00,US,USD,Average Hourly Earnings YoY MAR,2,,,
06e8afc29bbfbd2b,2026-04-11 17:30:00+00:00,US,USD,PCE Price Index MoM FEB,2,,,
44431e797b04c521,2026-04-11 17:30:00+00:00,US,USD,CPI s.a MAR,2,330.1,327.46,
3473c0f243ec6395,2026-04-11 17:30:00+00:00,US,USD,Nonfarm Payrolls Private MAR,2,,,
d8aca549c46e7e1a,2026-04-11 17:30:00+00:00,US,USD,Manufacturing Payrolls MAR,2,,,
4ba8a7085683fced,2026-04-11 17:30:00+00:00,US,USD,GDP Price Index QoQ Final Q4,2,,,
87355c5b658cd861,2026-04-11 17:30:00+00:00,US,USD,CPI MAR,2,329.7,326.79,
cfd3cb80cf0c6b09,2026-04-11 17:30:00+00:00,US,USD,Participation Rate MAR,2,,,
b3ba5fb7d35da395,2026-04-11 17:30:00+00:00,US,USD,Core PPI YoY MAR,2,,,
953436e48331e569,2026-04-11 17:30:00+00:00,US,USD,Real Consumer Spending QoQ Final Q4,2,,,
c8e0bff3910405c0,2026-04-11 17:30:00+00:00,US,USD,PCE Prices QoQ Final Q4,2,,,
60e69008ad4c6351,2026-04-11 17:30:00+00:00,US,USD,Core PCE Price Index MoM FEB,2,,,
ee28322b3c1ce1e3,2026-04-11 17:30:00+00:00,US,USD,GDP Sales QoQ Final Q4,2,,,
c8b7a55d4fbf2aa0,2026-04-11 17:30:00+00:00,US,USD,Government Payrolls MAR,2,,,
03cca6082a3f1fd8,2026-04-11 17:30:00+00:00,US,USD,Durable Goods Orders MoM FEB,2,,,
f9954ff9bb931505,2026-04-11 17:30:00+00:00,US,USD,Core Inflation Rate YoY MAR,2,,,
a8aa4f85969cdb39,2026-04-11 17:30:00+00:00,US,USD,Core PCE Price Index YoY FEB,2,,,
c0b671745fb79442,2026-04-11 17:30:00+00:00,US,USD,Durable Goods Orders ex Defense MoM FEB,2,,,
fe49650a910e17c5,2026-04-11 17:30:00+00:00,US,USD,Non Farm Payrolls MAR,2,,,
cc8b374ab388c7cb,2026-04-11 17:30:00+00:00,US,USD,Inflation Rate MoM MAR,2,,,
186efc8ff24fd3db,2026-04-11 17:30:00+00:00,US,USD,PPI MoM MAR,2,,,
8458b2e89336c87a,2026-04-11 17:30:00+00:00,US,USD,Core PPI MoM MAR,2,,,
1bc6ef113b882494,2026-04-11 17:30:00+00:00,US,USD,U-6 Unemployment Rate MAR,2,,,
92f133063f645d10,2026-04-11 17:30:00+00:00,US,USD,Average Weekly Hours MAR,2,34.3,34.3,34.2
5f64750055ac57a0,2026-04-11 17:30:00+00:00,US,USD,Average Hourly Earnings MoM MAR,2,,,
725520c12fa08ac8,2026-04-11 17:30:00+00:00,US,USD,"PPI Ex Food, Energy and Trade MoM MAR",2,,,
66eb608cf5bbe206,2026-04-11 17:30:00+00:00,US,USD,Unemployment Rate MAR,2,,,
c99780662f668165,2026-04-11 17:30:00+00:00,US,USD,Durable Goods Orders Ex Transp MoM FEB,2,,,
468dfee78ef95ec1,2026-04-11 17:30:00+00:00,US,USD,Real Personal Spending MoM FEB,2,,,
beb2b873b33b879f,2026-04-11 17:30:00+00:00,US,USD,GDP Growth Rate QoQ Final Q4,2,,,
71853e8fb62aa90f,2026-04-11 17:30:00+00:00,US,USD,Core Inflation Rate MoM MAR,2,,,
b808bd16473bead6,2026-04-11 17:30:00+00:00,US,USD,Inflation Rate YoY MAR,2,,,
f62fdb64a772a942,2026-04-11 17:30:00+00:00,US,USD,PPI MAR,2,153.1,153.231,
d3e6e1cc6b20d6a7,2026-04-11 17:30:00+00:00,US,USD,"PPI Ex Food, Energy and Trade YoY MAR",2,,,
8975c3d8dab85b5a,2026-04-11 17:30:00+00:00,US,USD,Corporate Profits QoQ Q4,2,,,
adff358043fc2091,2026-04-11 17:30:00+00:00,US,USD,Personal Spending MoM FEB,2,,,
daa5becc603315a1,2026-04-11 17:30:00+00:00,US,USD,PPI YoY MAR,2,,,
71bab80f26e44ff1,2026-04-11 17:30:00+00:00,US,USD,Non Defense Goods Orders Ex Air FEB,2,,,
b93c747433a8c608,2026-04-11 17:30:00+00:00,US,USD,Personal Income MoM FEB,2,,,
9a95285582df2398,2026-04-11 17:30:00+00:00,US,USD,Jobless Claims 4-week Average APR/04,2,,,
f691f2fa09d82c5b,2026-04-11 17:30:00+00:00,US,USD,Continuing Jobless Claims MAR/28,2,,,
250ee3d87e878497,2026-04-11 17:30:00+00:00,US,USD,PCE Price Index YoY FEB,2,,,
e67f71d8bbfee570,2026-04-11 17:45:00+00:00,DE,EUR,Current Account FEB,2,,,
c6d5fb1b3529152b,2026-04-11 17:55:00+00:00,US,USD,Redbook YoY APR/11,2,,,
955dd0a0354b576c,2026-04-11 17:55:00+00:00,US,USD,Redbook YoY APR/04,2,,,
5928354321eeed60,2026-04-11 18:00:00+00:00,FR,EUR,12-Month BTF Auction,2,,,
dec41d731a301c43,2026-04-11 18:00:00+00:00,US,USD,Used Car Prices MoM MAR,2,,,
ce2666c736dd31d6,2026-04-11 18:00:00+00:00,FR,EUR,6-Month BTF Auction,2,,,
4e7b69efe5ec22f6,2026-04-11 18:00:00+00:00,FR,EUR,3-Month BTF Auction,2,,,
6d9f659003ac487a,2026-04-11 18:00:00+00:00,US,USD,Used Car Prices YoY MAR,2,,,
75558c5ec8a93cf8,2026-04-11 18:20:00+00:00,US,USD,NY Fed Bill Purchases 1 to 4 months,2,,,
a854f2e90acf1c87,2026-04-11 18:45:00+00:00,US,USD,S&P Global Services PMI Final MAR,2,51.1,51.7,49.8
4ce7d19f585ae1c9,2026-04-11 18:45:00+00:00,US,USD,S&P Global Composite PMI Final MAR,2,51.4,51.9,50.3
f8cb4dbdd4ce975a,2026-04-11 19:00:00+00:00,US,USD,ISM Services New Orders MAR,2,57.6,58.6,
840c84811ff12d1f,2026-04-11 19:00:00+00:00,US,USD,ISM Services PMI MAR,2,54.0,56.1,
4f3b5b2c3fcf609c,2026-04-11 19:00:00+00:00,US,USD,Michigan Consumer Expectations Prel APR,2,51.0,51.7,
704d9025f64b2fbd,2026-04-11 19:00:00+00:00,US,USD,Michigan Inflation Expectations Prel APR,2,,,
f6a3b8f06a34f1f9,2026-04-11 19:00:00+00:00,US,USD,Michigan 5 Year Inflation Expectations Prel APR,2,,,
ec2062827f194b13,2026-04-11 19:00:00+00:00,US,USD,Wholesale Inventories MoM FEB,2,,,
d6eeafebad47a132,2026-04-11 19:00:00+00:00,US,USD,Factory Orders MoM FEB,2,,,
0e79316e1c0f4328,2026-04-11 19:00:00+00:00,US,USD,ISM Services Business Activity MAR,2,58.0,59.9,
2fbae11d2157e04e,2026-04-11 19:00:00+00:00,US,USD,Existing Home Sales MoM MAR,2,,,
a82d22eca5eaeb46,2026-04-11 19:00:00+00:00,US,USD,Existing Home Sales MAR,2,,,
f6ab4e60abebd657,2026-04-11 19:00:00+00:00,US,USD,ISM Services Prices MAR,2,70.0,63.0,
1ed5aa2d452021e6,2026-04-11 19:00:00+00:00,US,USD,Michigan Consumer Sentiment Prel APR,2,52.9,53.3,
aae65e76a0b5e049,2026-04-11 19:00:00+00:00,US,USD,Michigan Current Conditions Prel APR,2,55.0,55.8,
91c25e047a11dfcc,2026-04-11 19:00:00+00:00,US,USD,ISM Services Employment MAR,2,51.7,51.8,
3e5969011c9c4e3e,2026-04-11 19:00:00+00:00,US,USD,Factory Orders ex Transportation FEB,2,,,
d8a0de4a3fc9917a,2026-04-11 19:10:00+00:00,US,USD,RCM/TIPP Economic Optimism Index APR,2,47.0,47.5,
d64cf8ee12482c8d,2026-04-11 19:30:00+00:00,US,USD,EIA Distillate Fuel Production Change APR/03,2,,,
5df348f597b12d87,2026-04-11 19:30:00+00:00,US,USD,EIA Distillate Stocks Change APR/03,2,,,
ca525be4acf9f860,2026-04-11 19:30:00+00:00,US,USD,EIA Heating Oil Stocks Change APR/03,2,,,
c915a5e46d2a8c82,2026-04-11 19:30:00+00:00,US,USD,EIA Gasoline Production Change APR/03,2,,,
e0f27be4e7b963d1,2026-04-11 19:30:00+00:00,US,USD,EIA Refinery Crude Runs Change APR/03,2,,,
6972bc3371f0e4a9,2026-04-11 19:30:00+00:00,US,USD,EIA Cushing Crude Oil Stocks Change APR/03,2,,,
1857f33e40060878,2026-04-11 19:30:00+00:00,US,USD,EIA Crude Oil Imports Change APR/03,2,,,
3054478d4bfe8774,2026-04-11 19:30:00+00:00,US,USD,EIA Natural Gas Stocks Change APR/03,2,,,
f426a60efc45cd1f,2026-04-11 19:30:00+00:00,US,USD,EIA Crude Oil Stocks Change APR/03,2,,,
fd0ddd255399a3f6,2026-04-11 19:30:00+00:00,US,USD,EIA Gasoline Stocks Change APR/03,2,,,
9c92f5216ed5908f,2026-04-11 20:00:00+00:00,US,USD,Consumer Inflation Expectations MAR,2,,,
d0db0df0b558c1b9,2026-04-11 20:30:00+00:00,US,USD,6-Month Bill Auction,2,,,
1387548fe66f2b2c,2026-04-11 20:30:00+00:00,US,USD,17-Week Bill Auction,2,,,
0402c83b3952b861,2026-04-11 20:30:00+00:00,US,USD,4-Week Bill Auction,2,,,
8373b0a978cec1d5,2026-04-11 20:30:00+00:00,US,USD,8-Week Bill Auction,2,,,
5057672965a63b3e,2026-04-11 20:30:00+00:00,US,USD,3-Month Bill Auction,2,,,
5c982cd61d46ac4d,2026-04-11 21:00:00+00:00,US,USD,30-Year Mortgage Rate APR/09,2,,,
067f8913c2ca3221,2026-04-11 21:00:00+00:00,US,USD,15-Year Mortgage Rate APR/09,2,,,
8ca71a089399d5ec,2026-04-11 21:00:00+00:00,US,USD,WASDE Report,2,,,
e72e629ab4ecc837,2026-04-11 21:35:00+00:00,US,USD,Fed Goolsbee Speech,2,,,
f8f62b11e84a05ff,2026-04-11 22:00:00+00:00,US,USD,30-Year Bond Auction,2,,,
1f33b9e12a08c6ac,2026-04-11 22:00:00+00:00,US,USD,Baker Hughes Total Rigs Count APR/10,2,,548.0,
2d64fd26c1971c80,2026-04-11 22:00:00+00:00,US,USD,10-Year Note Auction,2,,,
78dbbf2f116c812d,2026-04-11 22:00:00+00:00,US,USD,Baker Hughes Oil Rig Count APR/10,2,,411.0,
8a8802442d39e3a7,2026-04-11 22:00:00+00:00,US,USD,3-Year Note Auction,2,,,
16256b9bffb9acaf,2026-04-11 23:00:00+00:00,US,USD,FOMC Minutes,2,,,
7a875091ea9840d6,2026-04-11 23:00:00+00:00,US,USD,Monthly Budget Statement MAR,2,,,
a5ed0c8c42c9d5e6,2026-04-12 00:00:00+00:00,US,USD,Consumer Credit Change FEB,2,,,
511ed4989404c815,2026-04-12 01:30:00+00:00,US,USD,API Crude Oil Stock Change APR/03,2,,,
51f129c6c1e331ba,2026-04-12 01:30:00+00:00,US,USD,Fed Balance Sheet APR/08,2,,,
c35eebf19a909cb9,2026-04-12 02:50:00+00:00,US,USD,Fed Jefferson Speech,2,,,
b5e02ba195c894c8,2026-04-12 05:00:00+00:00,US,USD,Total Vehicle Sales MAR,2,,,
70ecc8fa5e6da46a,2026-04-12 05:01:00+00:00,IE,EUR,AIB Services PMI MAR,2,51.5,51.8,
a0c4cf2c250f75d8,2026-04-12 09:30:00+00:00,NL,EUR,Inflation Rate MoM MAR,2,,,
4b381d19a3d39b5e,2026-04-12 09:30:00+00:00,NL,EUR,Household Consumption YoY FEB,2,,,
e9c32152f294d94f,2026-04-12 09:30:00+00:00,NL,EUR,Inflation Rate YoY Final MAR,2,,,
5ca37421594e2d82,2026-04-12 09:30:00+00:00,NL,EUR,Manufacturing Production MoM FEB,2,,,
302b88d31e478f59,2026-04-12 09:30:00+00:00,NL,EUR,Balance of Trade FEB,2,,,
b24d789624c8c776,2026-04-12 10:00:00+00:00,FI,EUR,Industrial Production YoY FEB,2,,,
0bef581a975dd123,2026-04-12 10:00:00+00:00,FI,EUR,Current Account FEB,2,,,
fbcc9b46ace5cf9a,2026-04-12 11:00:00+00:00,DE,EUR,Inflation Rate MoM Final MAR,2,,,
96a8e48c5a091416,2026-04-12 11:00:00+00:00,DE,EUR,Wholesale Prices MoM MAR,2,,,
7dffe6a1d8eddf41,2026-04-12 11:00:00+00:00,DE,EUR,Factory Orders MoM FEB,2,,,
d96ac6fd5b7643cd,2026-04-12 11:00:00+00:00,DE,EUR,Imports MoM FEB,2,,,
107baafc70b52015,2026-04-12 11:00:00+00:00,DE,EUR,Balance of Trade FEB,2,,,
ae5a131039c89fd9,2026-04-12 11:00:00+00:00,DE,EUR,Harmonised Inflation Rate YoY Final MAR,2,,,
bc211ce2cb2f7fe0,2026-04-12 11:00:00+00:00,DE,EUR,Wholesale Prices YoY MAR,2,,,
dc2e8d0419203c7c,2026-04-12 11:00:00+00:00,DE,EUR,Harmonised Inflation Rate MoM Final MAR,2,,,
5de9a484353d9677,2026-04-12 11:00:00+00:00,DE,EUR,Exports MoM FEB,2,,,
277e8d2314682cfa,2026-04-12 11:00:00+00:00,DE,EUR,Industrial Production MoM FEB,2,,,
bd34f6456ba5cc4d,2026-04-12 11:00:00+00:00,DE,EUR,Inflation Rate YoY Final MAR,2,,,
502b7e4e50fcfc72,2026-04-12 11:45:00+00:00,FR,EUR,Foreign Exchange Reserves MAR,2,,,
ad7915665406c53f,2026-04-12 11:45:00+00:00,FR,EUR,Balance of Trade FEB,2,,,
fd63db38f45ed6cc,2026-04-12 11:45:00+00:00,FR,EUR,Industrial Production MoM FEB,2,,,
2abc2be8856c3d71,2026-04-12 11:45:00+00:00,FR,EUR,Exports FEB,2,,,
bc363c21e5df3037,2026-04-12 11:45:00+00:00,FR,EUR,Imports FEB,2,,,
3618eb14a9c3cc4e,2026-04-12 11:45:00+00:00,FR,EUR,Current Account FEB,2,,,
a7b7d3e8cdafd03a,2026-04-12 12:00:00+00:00,AT,EUR,Balance of Trade JAN,2,,,
e0dc2b663bf4c77b,2026-04-12 12:00:00+00:00,ES,EUR,Industrial Production YoY FEB,2,,,
31ce6042e9b141bb,2026-04-12 12:00:00+00:00,ES,EUR,Harmonised Inflation Rate YoY Final MAR,2,,,
90f460d024110d97,2026-04-12 12:00:00+00:00,ES,EUR,Inflation Rate MoM Final MAR,2,,,
0111d98f00e8cd6a,2026-04-12 12:00:00+00:00,ES,EUR,Inflation Rate YoY Final MAR,2,,,
b30b79abee7067f8,2026-04-12 12:00:00+00:00,ES,EUR,Harmonised Inflation Rate MoM Final MAR,2,,,
14d923ce0820eed2,2026-04-12 12:00:00+00:00,ES,EUR,Core Inflation Rate YoY Final MAR,2,,,
0fc3b4ed859f38b5,2026-04-12 12:00:00+00:00,AT,EUR,Wholesale Prices YoY MAR,2,,,
ece661369a44c1c4,2026-04-12 12:00:00+00:00,AT,EUR,Wholesale Prices MoM MAR,2,,,
7e9243643611d382,2026-04-12 12:00:00+00:00,ES,EUR,Unemployment Change MAR,2,,,
dea870e966fb6ef5,2026-04-12 12:15:00+00:00,ES,EUR,S&P Global Composite PMI MAR,2,51.3,51.5,
cc19a9296150d714,2026-04-12 12:15:00+00:00,ES,EUR,S&P Global Services PMI MAR,2,51.5,51.9,
c86688038ab60374,2026-04-12 12:30:00+00:00,FR,EUR,HCOB Construction PMI MAR,2,45.0,43.9,
4fff5369ebcef929,2026-04-12 12:45:00+00:00,IT,EUR,S&P Global Services PMI MAR,2,51.4,52.3,
f7f50f303d40459f,2026-04-12 12:45:00+00:00,IT,EUR,S&P Global Composite PMI MAR,2,51.5,52.1,
688503409fe7cebf,2026-04-12 12:50:00+00:00,FR,EUR,S&P Global Composite PMI Final MAR,2,48.3,49.9,
cd211e8e2ff2e848,2026-04-12 12:50:00+00:00,FR,EUR,S&P Global Services PMI Final MAR,2,48.3,49.6,
1fc7e43e2e88f707,2026-04-12 12:55:00+00:00,DE,EUR,S&P Global Composite PMI Final MAR,2,51.9,53.2,
8a0bb3192e73baac,2026-04-12 12:55:00+00:00,DE,EUR,S&P Global Services PMI Final MAR,2,51.2,53.5,
a9d35d3ada6ad539,2026-04-12 13:00:00+00:00,IT,EUR,Industrial Production MoM FEB,2,,,
d5bc59021713f1f3,2026-04-12 13:00:00+00:00,IT,EUR,Industrial Production YoY FEB,2,,,
aad7e967f9f6190b,2026-04-12 13:40:00+00:00,ES,EUR,12-Month Letras Auction,2,,,
4d47f9893cfcf9d4,2026-04-12 13:40:00+00:00,ES,EUR,3-Month Letras Auction,2,,,
e0cada0ab810e392,2026-04-12 13:40:00+00:00,ES,EUR,3-Year Bonos Auction,2,,,
914b97bce4967609,2026-04-12 13:40:00+00:00,ES,EUR,10-Year Obligacion Auction,2,,,
475c033cbcdf4813,2026-04-12 13:40:00+00:00,ES,EUR,9-Month Letras Auction,2,,,
59410da8bffc0e74,2026-04-12 13:40:00+00:00,ES,EUR,10-Year Index-Linked Obligacion Auction,2,,,
a605d2976b7e871e,2026-04-12 13:40:00+00:00,ES,EUR,6-Month Letras Auction,2,,,
04761d71d161a95a,2026-04-12 13:40:00+00:00,ES,EUR,5-Year Bonos Auction,2,,,
9a242edf40a6c8d4,2026-04-12 14:00:00+00:00,GR,EUR,Balance of Trade FEB,2,,,
a2f9e65d18dcd317,2026-04-12 14:00:00+00:00,FR,EUR,IEA Oil Market Report,2,,,
4981391f595b5219,2026-04-12 14:00:00+00:00,GR,EUR,Industrial Production YoY FEB,2,,,
8a167b5a24e99bf4,2026-04-12 14:00:00+00:00,AT,EUR,RAGB 2026-2036/1 Auction,2,,,
32e4adb3f301956a,2026-04-12 14:00:00+00:00,AT,EUR,RAGB 2023-2030/4 Auction,2,,,
52c260b330efc434,2026-04-12 14:10:00+00:00,IT,EUR,BTP Auction,2,,,
49254d0b30d73abf,2026-04-12 14:10:00+00:00,IT,EUR,12-Month BOT Auction,2,,,
dc109dc8c4ee6b3d,2026-04-12 14:15:00+00:00,GR,EUR,13-Week Bill Auction,2,,,
ec624a4dfd6f4e3c,2026-04-12 14:30:00+00:00,DE,EUR,10-Year Bund/g Auction,2,,,
e882e2e1d6ad7f54,2026-04-12 14:30:00+00:00,DE,EUR,5-Year Bobl Auction,2,,,
c0227967948807dc,2026-04-12 14:30:00+00:00,DE,EUR,30-Year Bund/g Auction,2,,,
676d09aaace6addf,2026-04-12 14:30:00+00:00,DE,EUR,10-Year Bund Auction,2,,,
e087a09d0c1bc9c7,2026-04-12 14:30:00+00:00,DE,EUR,12-Month Bubill Auction,2,,,
24793a49726af927,2026-04-12 15:00:00+00:00,PT,EUR,Inflation Rate YoY Final MAR,2,,,
b716b467ce73e770,2026-04-12 15:00:00+00:00,BE,EUR,Short TC Auction,2,,,
a51150c6c1448506,2026-04-12 15:00:00+00:00,DE,EUR,New Car Registrations YoY MAR,2,,,
11b047fe5c5cb574,2026-04-12 15:00:00+00:00,PT,EUR,Inflation Rate MoM Final MAR,2,,,
111773a4d8c12356,2026-04-12 15:00:00+00:00,IE,EUR,Harmonised Inflation Rate MoM Final MAR,2,,,
1ab449db3cc30bd9,2026-04-12 15:00:00+00:00,US,USD,LMI Logistics Managers Index MAR,2,,61.5,
4fbd1e5c8aaef3cf,2026-04-12 15:00:00+00:00,IE,EUR,Inflation Rate MoM MAR,2,,,
68be549d94cd869a,2026-04-12 15:00:00+00:00,IE,EUR,Inflation Rate YoY MAR,2,,,
0a2ec108c0158135,2026-04-12 15:00:00+00:00,US,USD,NFIB Business Optimism Index MAR,2,97.0,98.8,
f785000f9e1e92a6,2026-04-12 15:00:00+00:00,PT,EUR,Balance of Trade FEB,2,,,
39e6091fe4df9bbf,2026-04-12 15:00:00+00:00,IE,EUR,Harmonised Inflation Rate YoY Final MAR,2,,,
30d630c2e341f7cb,2026-04-12 15:10:00+00:00,EU,EUR,12-Month Bill Auction,2,,,
a24ef71fc7fde4d5,2026-04-12 15:10:00+00:00,EU,EUR,3-Month Bill Auction,2,,,
b06b1168fbea8a2c,2026-04-12 15:10:00+00:00,EU,EUR,6-Month Bill Auction,2,,,
e72adbd4c0d11928,2026-04-12 16:00:00+00:00,US,USD,MBA Purchase Index APR/03,2,,159.4,
cdd6086b98e52d0b,2026-04-12 16:00:00+00:00,BE,EUR,Long TC Auction,2,,,
8d0bf68f9146d98f,2026-04-12 16:00:00+00:00,US,USD,MBA 30-Year Mortgage Rate APR/03,2,,,
3fb6d2d66c25b5d9,2026-04-12 16:00:00+00:00,US,USD,MBA Mortgage Applications APR/03,2,,,
5b4f93a5cc0ea3c8,2026-04-12 16:00:00+00:00,US,USD,MBA Mortgage Market Index APR/03,2,,278.3,
ef1996e05325388e,2026-04-12 16:00:00+00:00,US,USD,MBA Mortgage Refinance Index APR/03,2,,946.4,
5d9ccf20b4f91cad,2026-04-12 17:15:00+00:00,US,USD,ADP Employment Change Weekly,2,,,
4a0d13dab8c90576,2026-04-12 17:30:00+00:00,US,USD,Inflation Rate MoM MAR,2,,,
6ff6e66c4661733a,2026-04-12 17:30:00+00:00,US,USD,Core PCE Prices QoQ Final Q4,2,,,
454f6b5133a9cedc,2026-04-12 17:30:00+00:00,US,USD,Core PPI MoM MAR,2,,,
9945233219aa9541,2026-04-12 17:30:00+00:00,US,USD,Core Inflation Rate MoM MAR,2,,,
5bf82a111da0a3f3,2026-04-12 17:30:00+00:00,US,USD,CPI s.a MAR,2,330.1,327.46,
8060e411647c9899,2026-04-12 17:30:00+00:00,US,USD,GDP Price Index QoQ Final Q4,2,,,
2c7cb5cc1d6d95a1,2026-04-12 17:30:00+00:00,US,USD,GDP Growth Rate QoQ Final Q4,2,,,
170c0533849c09aa,2026-04-12 17:30:00+00:00,US,USD,PCE Prices QoQ Final Q4,2,,,
5d2aaa1c6f690ce9,2026-04-12 17:30:00+00:00,US,USD,Jobless Claims 4-week Average APR/04,2,,,
967f24b92d11e687,2026-04-12 17:30:00+00:00,US,USD,Inflation Rate YoY MAR,2,,,
1307a7894e424a4d,2026-04-12 17:30:00+00:00,US,USD,Continuing Jobless Claims MAR/28,2,,,
1f903e7d38260956,2026-04-12 17:30:00+00:00,US,USD,Average Weekly Hours MAR,2,34.3,34.3,34.2
cd74fdcfc4163aee,2026-04-12 17:30:00+00:00,US,USD,Personal Income MoM FEB,2,,,
59765f43e3e91ebb,2026-04-12 17:30:00+00:00,US,USD,Durable Goods Orders MoM FEB,2,,,
f757125bc8fdb20d,2026-04-12 17:30:00+00:00,US,USD,Non Farm Payrolls MAR,2,,,
de82451ed126219b,2026-04-12 17:30:00+00:00,US,USD,Corporate Profits QoQ Q4,2,,,
aaff8724b6e6c417,2026-04-12 17:30:00+00:00,US,USD,Core Inflation Rate YoY MAR,2,,,
80224512a07c06eb,2026-04-12 17:30:00+00:00,US,USD,Government Payrolls MAR,2,,,
8d30f90358e44a45,2026-04-12 17:30:00+00:00,US,USD,"PPI Ex Food, Energy and Trade MoM MAR",2,,,
75178ae6aff61828,2026-04-12 17:30:00+00:00,US,USD,Participation Rate MAR,2,,,
ac74bbef58bab13b,2026-04-12 17:30:00+00:00,US,USD,Average Hourly Earnings MoM MAR,2,,,
d774f1f1999903a1,2026-04-12 17:30:00+00:00,US,USD,PCE Price Index YoY FEB,2,,,
75e37d8262237dd4,2026-04-12 17:30:00+00:00,US,USD,Personal Spending MoM FEB,2,,,
bc9e8835eb3d3be2,2026-04-12 17:30:00+00:00,US,USD,Nonfarm Payrolls Private MAR,2,,,
bd841423c6473f7c,2026-04-12 17:30:00+00:00,US,USD,Core PCE Price Index YoY FEB,2,,,
1fc80c539f337d56,2026-04-12 17:30:00+00:00,US,USD,Average Hourly Earnings YoY MAR,2,,,
0819969c65cf20f5,2026-04-12 17:30:00+00:00,US,USD,GDP Sales QoQ Final Q4,2,,,
19ae74e1af8d11d8,2026-04-12 17:30:00+00:00,US,USD,Unemployment Rate MAR,2,,,
9e565562244cd12b,2026-04-12 17:30:00+00:00,US,USD,"PPI Ex Food, Energy and Trade YoY MAR",2,,,
acd34b4a29596e06,2026-04-12 17:30:00+00:00,US,USD,PPI YoY MAR,2,,,
78e152f02b5e9c53,2026-04-12 17:30:00+00:00,US,USD,Durable Goods Orders ex Defense MoM FEB,2,,,
3fe05d6dff2a7281,2026-04-12 17:30:00+00:00,US,USD,Real Consumer Spending QoQ Final Q4,2,,,
baa4c0a8c4ef6613,2026-04-12 17:30:00+00:00,US,USD,Core PPI YoY MAR,2,,,
762bf19ac163806a,2026-04-12 17:30:00+00:00,US,USD,Durable Goods Orders Ex Transp MoM FEB,2,,,
c63ba775a4d7144c,2026-04-12 17:30:00+00:00,US,USD,U-6 Unemployment Rate MAR,2,,,
feeeab48219d69aa,2026-04-12 17:30:00+00:00,US,USD,PCE Price Index MoM FEB,2,,,
93b3c9b49bb0f0cf,2026-04-12 17:30:00+00:00,US,USD,Real Personal Spending MoM FEB,2,,,
d3862d5088ac59cd,2026-04-12 17:30:00+00:00,US,USD,Manufacturing Payrolls MAR,2,,,
816680a24b79ec6a,2026-04-12 17:30:00+00:00,US,USD,Core PCE Price Index MoM FEB,2,,,
5306227d847fe2d7,2026-04-12 17:30:00+00:00,US,USD,PPI MoM MAR,2,,,
ea3ecbb1c53e1205,2026-04-12 17:30:00+00:00,US,USD,CPI MAR,2,329.7,326.79,
b8372b13594c4afb,2026-04-12 17:30:00+00:00,US,USD,Non Defense Goods Orders Ex Air FEB,2,,,
392052098086f972,2026-04-12 17:30:00+00:00,US,USD,Initial Jobless Claims APR/04,2,,,
8543187c57549966,2026-04-12 17:30:00+00:00,US,USD,PPI MAR,2,153.1,153.231,
9566c7d40a97d70e,2026-04-12 17:45:00+00:00,DE,EUR,Current Account FEB,2,,,
a4997d2fdd29dbdd,2026-04-12 17:55:00+00:00,US,USD,Redbook YoY APR/11,2,,,
5a1de5784400752f,2026-04-12 17:55:00+00:00,US,USD,Redbook YoY APR/04,2,,,
6e36aff55e368fba,2026-04-12 18:00:00+00:00,FR,EUR,6-Month BTF Auction,2,,,
0d9168bbc3565e26,2026-04-12 18:00:00+00:00,US,USD,Used Car Prices YoY MAR,2,,,
169458eadf88e4f4,2026-04-12 18:00:00+00:00,FR,EUR,12-Month BTF Auction,2,,,
ee39501e1af62d15,2026-04-12 18:00:00+00:00,US,USD,Used Car Prices MoM MAR,2,,,
7331a3a3d46bf443,2026-04-12 18:00:00+00:00,FR,EUR,3-Month BTF Auction,2,,,
01f3e43ccdb57329,2026-04-12 18:20:00+00:00,US,USD,NY Fed Bill Purchases 1 to 4 months,2,,,
605171163fee3b05,2026-04-12 18:45:00+00:00,US,USD,S&P Global Composite PMI Final MAR,2,51.4,51.9,50.3
5a3a01458e3d79b9,2026-04-12 18:45:00+00:00,US,USD,S&P Global Services PMI Final MAR,2,51.1,51.7,49.8
992fc4536e723d45,2026-04-12 19:00:00+00:00,US,USD,Michigan 5 Year Inflation Expectations Prel APR,2,,,
9fe13113b35e8d30,2026-04-12 19:00:00+00:00,US,USD,Factory Orders ex Transportation FEB,2,,,
f158c88144de2c3b,2026-04-12 19:00:00+00:00,US,USD,Factory Orders MoM FEB,2,,,
237580863646361d,2026-04-12 19:00:00+00:00,US,USD,ISM Services Business Activity MAR,2,58.0,59.9,
1fd2cf83230aaaaf,2026-04-12 19:00:00+00:00,US,USD,Michigan Inflation Expectations Prel APR,2,,,
cbfccfbe1ee206f0,2026-04-12 19:00:00+00:00,US,USD,Existing Home Sales MoM MAR,2,,,
471902b460118fc3,2026-04-12 19:00:00+00:00,US,USD,ISM Services PMI MAR,2,54.0,56.1,
b42f34de03abaad5,2026-04-12 19:00:00+00:00,US,USD,Michigan Consumer Expectations Prel APR,2,51.0,51.7,
3a5b837f2c7030b0,2026-04-12 19:00:00+00:00,US,USD,ISM Services Employment MAR,2,51.7,51.8,
4af662eb3bb14ea7,2026-04-12 19:00:00+00:00,US,USD,Michigan Current Conditions Prel APR,2,55.0,55.8,
7c8edbedab02ef05,2026-04-12 19:00:00+00:00,US,USD,Michigan Consumer Sentiment Prel APR,2,52.9,53.3,
686880205da8e78a,2026-04-12 19:00:00+00:00,US,USD,Wholesale Inventories MoM FEB,2,,,
87e728e49bab685b,2026-04-12 19:00:00+00:00,US,USD,ISM Services Prices MAR,2,70.0,63.0,
d62dd5b1a298d6af,2026-04-12 19:00:00+00:00,US,USD,Existing Home Sales MAR,2,,,
e7f05b8874593d84,2026-04-12 19:00:00+00:00,US,USD,ISM Services New Orders MAR,2,57.6,58.6,
f4955dc377edadbd,2026-04-12 19:10:00+00:00,US,USD,RCM/TIPP Economic Optimism Index APR,2,47.0,47.5,
2c3b786b781c4477,2026-04-12 19:30:00+00:00,US,USD,EIA Natural Gas Stocks Change APR/03,2,,,
674bb5b03967612a,2026-04-12 19:30:00+00:00,US,USD,EIA Heating Oil Stocks Change APR/03,2,,,
0c4fd25a6cd9151d,2026-04-12 19:30:00+00:00,US,USD,EIA Gasoline Stocks Change APR/03,2,,,
c60cf5e93fe4d970,2026-04-12 19:30:00+00:00,US,USD,EIA Gasoline Production Change APR/03,2,,,
5c047f287c618bb0,2026-04-12 19:30:00+00:00,US,USD,EIA Distillate Fuel Production Change APR/03,2,,,
4d8653d25dee9ae7,2026-04-12 19:30:00+00:00,US,USD,EIA Distillate Stocks Change APR/03,2,,,
28349c967055f9ae,2026-04-12 19:30:00+00:00,US,USD,EIA Cushing Crude Oil Stocks Change APR/03,2,,,
3b8f0daf05e1aabf,2026-04-12 19:30:00+00:00,US,USD,EIA Crude Oil Stocks Change APR/03,2,,,
258c528d42b6e001,2026-04-12 19:30:00+00:00,US,USD,EIA Refinery Crude Runs Change APR/03,2,,,
fca4c4f5959cf7c8,2026-04-12 19:30:00+00:00,US,USD,EIA Crude Oil Imports Change APR/03,2,,,
a4786a84f8948633,2026-04-12 20:00:00+00:00,US,USD,Consumer Inflation Expectations MAR,2,,,
311b7267c40a9498,2026-04-12 20:30:00+00:00,US,USD,17-Week Bill Auction,2,,,
9b15c4f3e5a45edc,2026-04-12 20:30:00+00:00,US,USD,3-Month Bill Auction,2,,,
38663c7b40fc4bbb,2026-04-12 20:30:00+00:00,US,USD,4-Week Bill Auction,2,,,
78421c5d7dcb1ae6,2026-04-12 20:30:00+00:00,US,USD,6-Month Bill Auction,2,,,
77da8ad8bb3dd41f,2026-04-12 20:30:00+00:00,US,USD,8-Week Bill Auction,2,,,
4ded1c0b7d2df0a8,2026-04-12 21:00:00+00:00,US,USD,30-Year Mortgage Rate APR/09,2,,,
f7af614b1b48d21f,2026-04-12 21:00:00+00:00,US,USD,WASDE Report,2,,,
60219bcf3f0f4309,2026-04-12 21:00:00+00:00,US,USD,15-Year Mortgage Rate APR/09,2,,,
8a3614c59650dd3a,2026-04-12 21:35:00+00:00,US,USD,Fed Goolsbee Speech,2,,,
2e8b465359e9f2c8,2026-04-12 22:00:00+00:00,US,USD,Baker Hughes Oil Rig Count APR/10,2,,411.0,
16cf29f76882859d,2026-04-12 22:00:00+00:00,US,USD,10-Year Note Auction,2,,,
4d7184c2c4fa1905,2026-04-12 22:00:00+00:00,US,USD,30-Year Bond Auction,2,,,
2a838ac0afa0958a,2026-04-12 22:00:00+00:00,US,USD,Baker Hughes Total Rigs Count APR/10,2,,548.0,
8c49ee1008861435,2026-04-12 22:00:00+00:00,US,USD,3-Year Note Auction,2,,,
ccc849b71bdf054a,2026-04-12 23:00:00+00:00,US,USD,FOMC Minutes,2,,,
0fee51c417fa3cdb,2026-04-12 23:00:00+00:00,US,USD,Monthly Budget Statement MAR,2,,,
1d0fa482af9ba984,2026-04-13 00:00:00+00:00,US,USD,Consumer Credit Change FEB,2,,,
cd3735300c9eb771,2026-04-13 01:30:00+00:00,US,USD,Fed Balance Sheet APR/08,2,,,
481a8e1890d6250c,2026-04-13 01:30:00+00:00,US,USD,API Crude Oil Stock Change APR/03,2,,,
910e132b2b5eb2bd,2026-04-13 02:50:00+00:00,US,USD,Fed Jefferson Speech,2,,,
765e9030da4a8f6f,2026-04-13 05:00:00+00:00,US,USD,Total Vehicle Sales MAR,2,,,
74dadd2abdbe5a21,2026-04-13 05:01:00+00:00,IE,EUR,AIB Services PMI MAR,2,51.5,51.8,
ba366281c037d3fc,2026-04-13 09:30:00+00:00,NL,EUR,Balance of Trade FEB,2,,,
d141c461a2b75b43,2026-04-13 09:30:00+00:00,NL,EUR,Inflation Rate MoM MAR,2,,,
57f7708b5897166f,2026-04-13 09:30:00+00:00,NL,EUR,Inflation Rate YoY Final MAR,2,,,
c43e7570a04e5693,2026-04-13 09:30:00+00:00,NL,EUR,Manufacturing Production MoM FEB,2,,,
bb6a3912043d66e3,2026-04-13 09:30:00+00:00,NL,EUR,Household Consumption YoY FEB,2,,,
7343da98bea6d200,2026-04-13 10:00:00+00:00,FI,EUR,Current Account FEB,2,,,
c8b1bc355bc6cf02,2026-04-13 10:00:00+00:00,FI,EUR,Industrial Production YoY FEB,2,,,
10ae38ca2810098f,2026-04-13 11:00:00+00:00,DE,EUR,Imports MoM FEB,2,,,
eb267d5f1e1b8e28,2026-04-13 11:00:00+00:00,DE,EUR,Wholesale Prices MoM MAR,2,,,
c60a68f595c19ea6,2026-04-13 11:00:00+00:00,DE,EUR,Inflation Rate MoM Final MAR,2,,,
b9f7fb1aba91328c,2026-04-13 11:00:00+00:00,DE,EUR,Balance of Trade FEB,2,,,
a6cd778c6a81e6d5,2026-04-13 11:00:00+00:00,DE,EUR,Industrial Production MoM FEB,2,,,
18fa4386618021ba,2026-04-13 11:00:00+00:00,DE,EUR,Inflation Rate YoY Final MAR,2,,,
988425051ec83fab,2026-04-13 11:00:00+00:00,DE,EUR,Exports MoM FEB,2,,,
bb6ab3feeff87f08,2026-04-13 11:00:00+00:00,DE,EUR,Harmonised Inflation Rate MoM Final MAR,2,,,
3a5f7c93dec383fd,2026-04-13 11:00:00+00:00,DE,EUR,Factory Orders MoM FEB,2,,,
7b14a7ae5b1ad34d,2026-04-13 11:00:00+00:00,DE,EUR,Harmonised Inflation Rate YoY Final MAR,2,,,
40a93dd87d19e1b4,2026-04-13 11:00:00+00:00,DE,EUR,Wholesale Prices YoY MAR,2,,,
6e4f2ab277eff3f5,2026-04-13 11:45:00+00:00,FR,EUR,Current Account FEB,2,,,
baec114fede266db,2026-04-13 11:45:00+00:00,FR,EUR,Imports FEB,2,,,
f0bfa18b0ac9899e,2026-04-13 11:45:00+00:00,FR,EUR,Balance of Trade FEB,2,,,
f4c2be9be8270fc6,2026-04-13 11:45:00+00:00,FR,EUR,Industrial Production MoM FEB,2,,,
983c4e0e87a6b155,2026-04-13 11:45:00+00:00,FR,EUR,Foreign Exchange Reserves MAR,2,,,
7788eb795bde3698,2026-04-13 11:45:00+00:00,FR,EUR,Exports FEB,2,,,
8665cca5709ec9ab,2026-04-13 12:00:00+00:00,AT,EUR,Balance of Trade JAN,2,,,
4448078d832b819f,2026-04-13 12:00:00+00:00,ES,EUR,Inflation Rate YoY Final MAR,2,,,
0eaf3844e0a5ffce,2026-04-13 12:00:00+00:00,ES,EUR,Industrial Production YoY FEB,2,,,
44596910cd134c27,2026-04-13 12:00:00+00:00,ES,EUR,Harmonised Inflation Rate YoY Final MAR,2,,,
da2c7999fddf0bdf,2026-04-13 12:00:00+00:00,ES,EUR,Unemployment Change MAR,2,,,
07a4c756b00b27de,2026-04-13 12:00:00+00:00,AT,EUR,Wholesale Prices MoM MAR,2,,,
ee3ca8987d69507d,2026-04-13 12:00:00+00:00,ES,EUR,Harmonised Inflation Rate MoM Final MAR,2,,,
9ecde6a5d9bedd2d,2026-04-13 12:00:00+00:00,ES,EUR,Inflation Rate MoM Final MAR,2,,,
46dd1f22fc7dbf03,2026-04-13 12:00:00+00:00,AT,EUR,Wholesale Prices YoY MAR,2,,,
7b84984488a97c11,2026-04-13 12:00:00+00:00,ES,EUR,Core Inflation Rate YoY Final MAR,2,,,
d0dd637db1935615,2026-04-13 12:15:00+00:00,ES,EUR,S&P Global Composite PMI MAR,2,51.3,51.5,
f1d33aee0ed6cdbe,2026-04-13 12:15:00+00:00,ES,EUR,S&P Global Services PMI MAR,2,51.5,51.9,
797173a3aa513d56,2026-04-13 12:30:00+00:00,FR,EUR,HCOB Construction PMI MAR,2,45.0,43.9,
50c2a9044efd2664,2026-04-13 12:45:00+00:00,IT,EUR,S&P Global Composite PMI MAR,2,51.5,52.1,
658cf789f2257f93,2026-04-13 12:45:00+00:00,IT,EUR,S&P Global Services PMI MAR,2,51.4,52.3,
3b47b305ea4e867e,2026-04-13 12:50:00+00:00,FR,EUR,S&P Global Services PMI Final MAR,2,48.3,49.6,
4e22186cc9ab6c0a,2026-04-13 12:50:00+00:00,FR,EUR,S&P Global Composite PMI Final MAR,2,48.3,49.9,
731a29c726bf2075,2026-04-13 12:55:00+00:00,DE,EUR,S&P Global Composite PMI Final MAR,2,51.9,53.2,
e018d2a0e68ba268,2026-04-13 12:55:00+00:00,DE,EUR,S&P Global Services PMI Final MAR,2,51.2,53.5,
60f1803ad8055ef2,2026-04-13 13:00:00+00:00,IT,EUR,Industrial Production MoM FEB,2,,,
8be26c5604cc4390,2026-04-13 13:00:00+00:00,IT,EUR,Industrial Production YoY FEB,2,,,
276b6d2c810b5f09,2026-04-13 13:40:00+00:00,ES,EUR,10-Year Obligacion Auction,2,,,
5d225e363ed93eb3,2026-04-13 13:40:00+00:00,ES,EUR,10-Year Index-Linked Obligacion Auction,2,,,
6f768721b969ae89,2026-04-13 13:40:00+00:00,ES,EUR,3-Month Letras Auction,2,,,
72dc7a77b3650602,2026-04-13 13:40:00+00:00,ES,EUR,3-Year Bonos Auction,2,,,
1410a1605917adca,2026-04-13 13:40:00+00:00,ES,EUR,12-Month Letras Auction,2,,,
6626b88774c11781,2026-04-13 13:40:00+00:00,ES,EUR,6-Month Letras Auction,2,,,
67c4ea773f7c02d3,2026-04-13 13:40:00+00:00,ES,EUR,5-Year Bonos Auction,2,,,
9b4382b56feff0c4,2026-04-13 13:40:00+00:00,ES,EUR,9-Month Letras Auction,2,,,
df6dd0b2d81037a7,2026-04-13 14:00:00+00:00,FR,EUR,IEA Oil Market Report,2,,,
4e0294985cf7a942,2026-04-13 14:00:00+00:00,AT,EUR,RAGB 2023-2030/4 Auction,2,,,
c7f2fc9babfa304c,2026-04-13 14:00:00+00:00,GR,EUR,Industrial Production YoY FEB,2,,,
96cfc09f8aaaad71,2026-04-13 14:00:00+00:00,AT,EUR,RAGB 2026-2036/1 Auction,2,,,
5f404f810d7232f0,2026-04-13 14:00:00+00:00,GR,EUR,Balance of Trade FEB,2,,,
21908e4f1c11e16a,2026-04-13 14:10:00+00:00,IT,EUR,BTP Auction,2,,,
8bbb32ca8486ef10,2026-04-13 14:10:00+00:00,IT,EUR,12-Month BOT Auction,2,,,
029cd1e24334bc55,2026-04-13 14:15:00+00:00,GR,EUR,13-Week Bill Auction,2,,,
261a965f16bd0af7,2026-04-13 14:30:00+00:00,DE,EUR,30-Year Bund/g Auction,2,,,
a05b666363b56b93,2026-04-13 14:30:00+00:00,DE,EUR,10-Year Bund Auction,2,,,
892dc3959621e136,2026-04-13 14:30:00+00:00,DE,EUR,12-Month Bubill Auction,2,,,
8b4fc8d1af9056d2,2026-04-13 14:30:00+00:00,DE,EUR,5-Year Bobl Auction,2,,,
d8b07def3e86ef33,2026-04-13 14:30:00+00:00,DE,EUR,10-Year Bund/g Auction,2,,,
4211799f3f4adffa,2026-04-13 15:00:00+00:00,US,USD,LMI Logistics Managers Index MAR,2,,61.5,
60a1ee58ab67508c,2026-04-13 15:00:00+00:00,PT,EUR,Inflation Rate YoY Final MAR,2,,,
5f8a1d6bdacc19ec,2026-04-13 15:00:00+00:00,IE,EUR,Inflation Rate YoY MAR,2,,,
654b963d9040625b,2026-04-13 15:00:00+00:00,IE,EUR,Inflation Rate MoM MAR,2,,,
c22cc063eea2b970,2026-04-13 15:00:00+00:00,US,USD,NFIB Business Optimism Index MAR,2,97.0,98.8,
9b8461abf7034641,2026-04-13 15:00:00+00:00,PT,EUR,Inflation Rate MoM Final MAR,2,,,
0f9a2c3abe913ec8,2026-04-13 15:00:00+00:00,IE,EUR,Harmonised Inflation Rate MoM Final MAR,2,,,
bc289d676f0e43a0,2026-04-13 15:00:00+00:00,BE,EUR,Short TC Auction,2,,,
8ac8960037bc3f40,2026-04-13 15:00:00+00:00,PT,EUR,Balance of Trade FEB,2,,,
4f3c6b3c26b723c2,2026-04-13 15:00:00+00:00,DE,EUR,New Car Registrations YoY MAR,2,,,
113270b07077898a,2026-04-13 15:00:00+00:00,IE,EUR,Harmonised Inflation Rate YoY Final MAR,2,,,
bd44a6c168628d05,2026-04-13 15:10:00+00:00,EU,EUR,12-Month Bill Auction,2,,,
b83d2a227a6ff999,2026-04-13 15:10:00+00:00,EU,EUR,3-Month Bill Auction,2,,,
4cbfee6bd465e533,2026-04-13 15:10:00+00:00,EU,EUR,6-Month Bill Auction,2,,,
518658305d8df568,2026-04-13 16:00:00+00:00,US,USD,MBA 30-Year Mortgage Rate APR/03,2,,,
0424746442450ca2,2026-04-13 16:00:00+00:00,US,USD,MBA Mortgage Refinance Index APR/03,2,,946.4,
5b3e032bdf11ebf3,2026-04-13 16:00:00+00:00,US,USD,MBA Purchase Index APR/03,2,,159.4,
2575dd2b5e9e63b4,2026-04-13 16:00:00+00:00,US,USD,MBA Mortgage Market Index APR/03,2,,278.3,
ad0f46a2f7c63424,2026-04-13 16:00:00+00:00,US,USD,MBA Mortgage Applications APR/03,2,,,
9fea924834b5010d,2026-04-13 16:00:00+00:00,BE,EUR,Long TC Auction,2,,,
f76e5b2895821a74,2026-04-13 17:15:00+00:00,US,USD,ADP Employment Change Weekly,2,,,
14b362ef78cc2206,2026-04-13 17:30:00+00:00,US,USD,Durable Goods Orders Ex Transp MoM FEB,2,,,
2ad5993e3f2de22f,2026-04-13 17:30:00+00:00,US,USD,PCE Price Index YoY FEB,2,,,
7113962d20d0b40a,2026-04-13 17:30:00+00:00,US,USD,Core PPI YoY MAR,2,,,
ab1801ade7d62f50,2026-04-13 17:30:00+00:00,US,USD,Manufacturing Payrolls MAR,2,,,
e3eefb1386dd8b14,2026-04-13 17:30:00+00:00,US,USD,Inflation Rate MoM MAR,2,,,
4a40bc36976fc2d9,2026-04-13 17:30:00+00:00,US,USD,Core PCE Prices QoQ Final Q4,2,,,
2d5d1973bec895e1,2026-04-13 17:30:00+00:00,US,USD,Participation Rate MAR,2,,,
cfcfcba1ae54dcda,2026-04-13 17:30:00+00:00,US,USD,Core PPI MoM MAR,2,,,
01a30cb22cc10281,2026-04-13 17:30:00+00:00,US,USD,GDP Price Index QoQ Final Q4,2,,,
5f3656099c413b10,2026-04-13 17:30:00+00:00,US,USD,Nonfarm Payrolls Private MAR,2,,,
45f0e08912cea9c2,2026-04-13 17:30:00+00:00,US,USD,Corporate Profits QoQ Q4,2,,,
36997fa99701560f,2026-04-13 17:30:00+00:00,US,USD,Non Farm Payrolls MAR,2,,,
bd3429532d2c018f,2026-04-13 17:30:00+00:00,US,USD,Inflation Rate YoY MAR,2,,,
971d7acde964e251,2026-04-13 17:30:00+00:00,US,USD,PCE Price Index MoM FEB,2,,,
2a81a2504dea9d8a,2026-04-13 17:30:00+00:00,US,USD,Government Payrolls MAR,2,,,
4a7fa2bb179e09e9,2026-04-13 17:30:00+00:00,US,USD,Continuing Jobless Claims MAR/28,2,,,
aeadc2c7ce063e8f,2026-04-13 17:30:00+00:00,US,USD,Unemployment Rate MAR,2,,,
a311db9d355f544f,2026-04-13 17:30:00+00:00,US,USD,Core PCE Price Index MoM FEB,2,,,
6823a9ca40c0e8b1,2026-04-13 17:30:00+00:00,US,USD,GDP Sales QoQ Final Q4,2,,,
6f8a90a63c4e233b,2026-04-13 17:30:00+00:00,US,USD,Core Inflation Rate MoM MAR,2,,,
bd165b73c7fccfb6,2026-04-13 17:30:00+00:00,US,USD,Real Consumer Spending QoQ Final Q4,2,,,
c154aae6afd24c1b,2026-04-13 17:30:00+00:00,US,USD,Core Inflation Rate YoY MAR,2,,,
deaa4d1f2f229235,2026-04-13 17:30:00+00:00,US,USD,Average Hourly Earnings MoM MAR,2,,,
eee51d3c0cdabfb5,2026-04-13 17:30:00+00:00,US,USD,Durable Goods Orders MoM FEB,2,,,
c317cd50dd86f34c,2026-04-13 17:30:00+00:00,US,USD,Jobless Claims 4-week Average APR/04,2,,,
1d555ace9204887a,2026-04-13 17:30:00+00:00,US,USD,U-6 Unemployment Rate MAR,2,,,
804f6fd26f1cfe2e,2026-04-13 17:30:00+00:00,US,USD,Real Personal Spending MoM FEB,2,,,
83c2158d0bf5a6d1,2026-04-13 17:30:00+00:00,US,USD,Non Defense Goods Orders Ex Air FEB,2,,,
40ef45d1bc8042f1,2026-04-13 17:30:00+00:00,US,USD,"PPI Ex Food, Energy and Trade YoY MAR",2,,,
05a583c8d9bae5cf,2026-04-13 17:30:00+00:00,US,USD,GDP Growth Rate QoQ Final Q4,2,,,
8d2c48496c4ab701,2026-04-13 17:30:00+00:00,US,USD,CPI s.a MAR,2,330.1,327.46,
c31ade7b439d6ee8,2026-04-13 17:30:00+00:00,US,USD,PCE Prices QoQ Final Q4,2,,,
2c688bd350c6d964,2026-04-13 17:30:00+00:00,US,USD,Personal Income MoM FEB,2,,,
0c30fd41655d6d1f,2026-04-13 17:30:00+00:00,US,USD,CPI MAR,2,329.7,326.79,
905cfa155a1ed7d8,2026-04-13 17:30:00+00:00,US,USD,PPI YoY MAR,2,,,
c5138c5fceb8842d,2026-04-13 17:30:00+00:00,US,USD,Average Hourly Earnings YoY MAR,2,,,
7140d5a21b7e9a9f,2026-04-13 17:30:00+00:00,US,USD,Average Weekly Hours MAR,2,34.3,34.3,34.2
cca023c7687604aa,2026-04-13 17:30:00+00:00,US,USD,Initial Jobless Claims APR/04,2,,,
fac35de5e9077099,2026-04-13 17:30:00+00:00,US,USD,Durable Goods Orders ex Defense MoM FEB,2,,,
4d2a70af9ef28930,2026-04-13 17:30:00+00:00,US,USD,"PPI Ex Food, Energy and Trade MoM MAR",2,,,
4f394d732ceeb043,2026-04-13 17:30:00+00:00,US,USD,Personal Spending MoM FEB,2,,,
66fad54bae8daf7c,2026-04-13 17:30:00+00:00,US,USD,Core PCE Price Index YoY FEB,2,,,
8904fb5db1e3bbbc,2026-04-13 17:30:00+00:00,US,USD,PPI MAR,2,153.1,153.231,
12de554c304e2535,2026-04-13 17:30:00+00:00,US,USD,PPI MoM MAR,2,,,
b03b9d63f7ba5716,2026-04-13 17:45:00+00:00,DE,EUR,Current Account FEB,2,,,
7fb4568e360d8fcb,2026-04-13 17:55:00+00:00,US,USD,Redbook YoY APR/11,2,,,
348648f6ba5d5448,2026-04-13 17:55:00+00:00,US,USD,Redbook YoY APR/04,2,,,
9d9f09f1dd05c2f9,2026-04-13 18:00:00+00:00,FR,EUR,6-Month BTF Auction,2,,,
389b5c328169542b,2026-04-13 18:00:00+00:00,US,USD,Used Car Prices YoY MAR,2,,,
8311413c73a74cad,2026-04-13 18:00:00+00:00,FR,EUR,3-Month BTF Auction,2,,,
d6bb86d841b45f24,2026-04-13 18:00:00+00:00,FR,EUR,12-Month BTF Auction,2,,,
e99f646eb928fe97,2026-04-13 18:00:00+00:00,US,USD,Used Car Prices MoM MAR,2,,,
f9b45ffcb9ea8383,2026-04-13 18:20:00+00:00,US,USD,NY Fed Bill Purchases 1 to 4 months,2,,,
bf76b0fe4ee56e96,2026-04-13 18:45:00+00:00,US,USD,S&P Global Composite PMI Final MAR,2,51.4,51.9,50.3
6bb18fd0de920d47,2026-04-13 18:45:00+00:00,US,USD,S&P Global Services PMI Final MAR,2,51.1,51.7,49.8
20d55fef0ac975c8,2026-04-13 19:00:00+00:00,US,USD,ISM Services Prices MAR,2,70.0,63.0,
a6a9e0d6422a0a64,2026-04-13 19:00:00+00:00,US,USD,Michigan Current Conditions Prel APR,2,55.0,55.8,
46e55e01dc2250d3,2026-04-13 19:00:00+00:00,US,USD,Factory Orders ex Transportation FEB,2,,,
26998d68343dd32b,2026-04-13 19:00:00+00:00,US,USD,Michigan Consumer Expectations Prel APR,2,51.0,51.7,
ff743f6c2e61ffb2,2026-04-13 19:00:00+00:00,US,USD,Michigan 5 Year Inflation Expectations Prel APR,2,,,
8d97668af7a72a94,2026-04-13 19:00:00+00:00,US,USD,Existing Home Sales MAR,2,,,
560f254241ca2722,2026-04-13 19:00:00+00:00,US,USD,Factory Orders MoM FEB,2,,,
f1f8d111ee62ba38,2026-04-13 19:00:00+00:00,US,USD,Michigan Consumer Sentiment Prel APR,2,52.9,53.3,
a7922c5a2ecd2f75,2026-04-13 19:00:00+00:00,US,USD,ISM Services New Orders MAR,2,57.6,58.6,
45bd25767e23ba98,2026-04-13 19:00:00+00:00,US,USD,Michigan Inflation Expectations Prel APR,2,,,
251b3530870aadc6,2026-04-13 19:00:00+00:00,US,USD,Wholesale Inventories MoM FEB,2,,,
4e127a648964a33e,2026-04-13 19:00:00+00:00,US,USD,ISM Services Business Activity MAR,2,58.0,59.9,
bc2229cc16d6127b,2026-04-13 19:00:00+00:00,US,USD,ISM Services Employment MAR,2,51.7,51.8,
a4095b37b19f1e11,2026-04-13 19:00:00+00:00,US,USD,ISM Services PMI MAR,2,54.0,56.1,
87c40c9c7b4ca3c7,2026-04-13 19:00:00+00:00,US,USD,Existing Home Sales MoM MAR,2,,,
78c1ce241bca5363,2026-04-13 19:10:00+00:00,US,USD,RCM/TIPP Economic Optimism Index APR,2,47.0,47.5,
fd64ad3075c5fbaa,2026-04-13 19:30:00+00:00,US,USD,EIA Distillate Stocks Change APR/03,2,,,
c47600b4da3f141d,2026-04-13 19:30:00+00:00,US,USD,EIA Cushing Crude Oil Stocks Change APR/03,2,,,
d921f297c27c0b7f,2026-04-13 19:30:00+00:00,US,USD,EIA Crude Oil Stocks Change APR/03,2,,,
efabba7a925448d5,2026-04-13 19:30:00+00:00,US,USD,EIA Gasoline Production Change APR/03,2,,,
16465c8a9c7587c6,2026-04-13 19:30:00+00:00,US,USD,EIA Heating Oil Stocks Change APR/03,2,,,
3de8855e8799f882,2026-04-13 19:30:00+00:00,US,USD,EIA Distillate Fuel Production Change APR/03,2,,,
e49de7edf364362c,2026-04-13 19:30:00+00:00,US,USD,EIA Crude Oil Imports Change APR/03,2,,,
2aebe5d0fabd9b6c,2026-04-13 19:30:00+00:00,US,USD,EIA Gasoline Stocks Change APR/03,2,,,
4818580347b1a710,2026-04-13 19:30:00+00:00,US,USD,EIA Natural Gas Stocks Change APR/03,2,,,
2285dc3835dac8fa,2026-04-13 19:30:00+00:00,US,USD,EIA Refinery Crude Runs Change APR/03,2,,,
6472182bfd320042,2026-04-13 20:00:00+00:00,US,USD,Consumer Inflation Expectations MAR,2,,,
9731b7444124c5ca,2026-04-13 20:30:00+00:00,US,USD,6-Month Bill Auction,2,,,
9074ec99990a4327,2026-04-13 20:30:00+00:00,US,USD,4-Week Bill Auction,2,,,
80b5cc775a969562,2026-04-13 20:30:00+00:00,US,USD,3-Month Bill Auction,2,,,
db4a2d5ddae39c92,2026-04-13 20:30:00+00:00,US,USD,17-Week Bill Auction,2,,,
d3c44b907c45df2e,2026-04-13 20:30:00+00:00,US,USD,8-Week Bill Auction,2,,,
f292f4dee2786ea4,2026-04-13 21:00:00+00:00,US,USD,15-Year Mortgage Rate APR/09,2,,,
8c8860608648a0c7,2026-04-13 21:00:00+00:00,US,USD,30-Year Mortgage Rate APR/09,2,,,
f7ee81d2fd32b52d,2026-04-13 21:00:00+00:00,US,USD,WASDE Report,2,,,
e6600f3f5c0903c9,2026-04-13 21:35:00+00:00,US,USD,Fed Goolsbee Speech,2,,,
b8d35e291ec95fab,2026-04-13 22:00:00+00:00,US,USD,30-Year Bond Auction,2,,,
c9dacfaf1c195d27,2026-04-13 22:00:00+00:00,US,USD,10-Year Note Auction,2,,,
00829539c34f1a12,2026-04-13 22:00:00+00:00,US,USD,Baker Hughes Total Rigs Count APR/10,2,,548.0,
3f1ac8ade33112ff,2026-04-13 22:00:00+00:00,US,USD,Baker Hughes Oil Rig Count APR/10,2,,411.0,
a695c7524a318169,2026-04-13 22:00:00+00:00,US,USD,3-Year Note Auction,2,,,
089d0ea2b3034401,2026-04-13 23:00:00+00:00,US,USD,Monthly Budget Statement MAR,2,,,
ebacb4193e4b1abf,2026-04-13 23:00:00+00:00,US,USD,FOMC Minutes,2,,,
2e6bb11060e2ba5f,2026-04-14 00:00:00+00:00,US,USD,Consumer Credit Change FEB,2,,,
1ef1fa56762bb365,2026-04-14 01:30:00+00:00,US,USD,API Crude Oil Stock Change APR/03,2,,,
965e6b77baca5318,2026-04-14 01:30:00+00:00,US,USD,Fed Balance Sheet APR/08,2,,,
0a707ae7ceadc88e,2026-04-14 02:50:00+00:00,US,USD,Fed Jefferson Speech,2,,,
4cfda7a5ebf0fa78,2026-04-14 05:00:00+00:00,US,USD,Total Vehicle Sales MAR,2,,,
5351f1d203c48504,2026-04-14 05:01:00+00:00,IE,EUR,Construction PMI MAR,2,49.8,52.1,
d9582e69db73f683,2026-04-14 05:01:00+00:00,IE,EUR,AIB Services PMI MAR,2,51.5,51.8,
bd5c547ef2d52e24,2026-04-14 09:00:00+00:00,EU,EUR,New Car Registrations YoY MAR,2,,,
6e40efa35e54e08b,2026-04-14 09:30:00+00:00,NL,EUR,Inflation Rate MoM MAR,2,,,
7baf6357d48bada3,2026-04-14 09:30:00+00:00,NL,EUR,Balance of Trade FEB,2,,,
170d4cd8142cfd64,2026-04-14 09:30:00+00:00,NL,EUR,Manufacturing Production MoM FEB,2,,,
b8cac2d0d7dfb0ed,2026-04-14 09:30:00+00:00,NL,EUR,Household Consumption YoY FEB,2,,,
e375ffc06b8a0f09,2026-04-14 09:30:00+00:00,NL,EUR,Inflation Rate YoY Final MAR,2,,,
4e4b1124c1ab6788,2026-04-14 10:00:00+00:00,FI,EUR,Inflation Rate MoM MAR,2,,,
511cd76cbc509e37,2026-04-14 10:00:00+00:00,FI,EUR,Industrial Production YoY FEB,2,,,
4554e71ad151694a,2026-04-14 10:00:00+00:00,FI,EUR,Inflation Rate YoY MAR,2,,,
2d519944734f970a,2026-04-14 10:00:00+00:00,FI,EUR,Harmonised Inflation Rate MoM Final MAR,2,,,
f57f9ace3803669d,2026-04-14 10:00:00+00:00,FI,EUR,Harmonised Inflation Rate YoY Final MAR,2,,,
74c87d0400afa080,2026-04-14 10:00:00+00:00,FI,EUR,Current Account FEB,2,,,
6b850b911590ee4f,2026-04-14 10:30:00+00:00,FR,EUR,Household Consumption MoM MAR,2,,,
55d045c28abbeddd,2026-04-14 10:30:00+00:00,FR,EUR,GDP Growth Rate YoY Prel Q1,2,,,
700d6f63e56509e2,2026-04-14 10:30:00+00:00,FR,EUR,GDP Growth Rate QoQ Prel Q1,2,,,
60603361203a3b4d,2026-04-14 11:00:00+00:00,DE,EUR,Import Prices YoY MAR,2,,,
25d47318738f6637,2026-04-14 11:00:00+00:00,DE,EUR,PPI YoY MAR,2,,,
82780ffcc0d70059,2026-04-14 11:00:00+00:00,DE,EUR,GfK Consumer Confidence MAY,2,,-28.0,
89899b3868304208,2026-04-14 11:00:00+00:00,DE,EUR,Retail Sales MoM MAR,2,,,
c080bff5d0e742ae,2026-04-14 11:00:00+00:00,DE,EUR,Exports MoM FEB,2,,,
58082d206f1d98ae,2026-04-14 11:00:00+00:00,DE,EUR,Harmonised Inflation Rate YoY Final MAR,2,,,
e7cd8c2d1b1730da,2026-04-14 11:00:00+00:00,DE,EUR,Imports MoM FEB,2,,,
639d6e3a50fe13ac,2026-04-14 11:00:00+00:00,DE,EUR,Import Prices MoM MAR,2,,,
6d1610d6471820e2,2026-04-14 11:00:00+00:00,DE,EUR,Retail Sales YoY MAR,2,,,
83249adf936d7600,2026-04-14 11:00:00+00:00,DE,EUR,Balance of Trade FEB,2,,,
e4e8d2c67d5f13e7,2026-04-14 11:00:00+00:00,DE,EUR,PPI MoM MAR,2,,,
de067bc301781b85,2026-04-14 11:00:00+00:00,DE,EUR,Factory Orders MoM FEB,2,,,
07c9eb4c79c58b35,2026-04-14 11:00:00+00:00,DE,EUR,Harmonised Inflation Rate MoM Final MAR,2,,,
1a0842fab5c898f3,2026-04-14 11:00:00+00:00,DE,EUR,Inflation Rate MoM Final MAR,2,,,
543b7a67b30ff52e,2026-04-14 11:00:00+00:00,DE,EUR,Wholesale Prices YoY MAR,2,,,
c022db638160a151,2026-04-14 11:00:00+00:00,DE,EUR,Industrial Production MoM FEB,2,,,
565cc0a5a2eb71f5,2026-04-14 11:00:00+00:00,DE,EUR,Wholesale Prices MoM MAR,2,,,
f804fdedf93ef8dc,2026-04-14 11:00:00+00:00,DE,EUR,Inflation Rate YoY Final MAR,2,,,
d031f065e7c1bf58,2026-04-14 11:45:00+00:00,FR,EUR,Harmonised Inflation Rate MoM Prel APR,2,,,
e7231ef4e8ae578f,2026-04-14 11:45:00+00:00,FR,EUR,Foreign Exchange Reserves MAR,2,,,
460c69ba83942edb,2026-04-14 11:45:00+00:00,FR,EUR,PPI MoM MAR,2,,,
4823cf390f771fd9,2026-04-14 11:45:00+00:00,FR,EUR,Balance of Trade FEB,2,,,
736a538e2dd11b21,2026-04-14 11:45:00+00:00,FR,EUR,PPI YoY MAR,2,,,
c09de5e1f227ff34,2026-04-14 11:45:00+00:00,FR,EUR,Exports FEB,2,,,
fc8839caeb454e9d,2026-04-14 11:45:00+00:00,FR,EUR,Harmonised Inflation Rate YoY Prel APR,2,,,
83c1ef80d1ead973,2026-04-14 11:45:00+00:00,FR,EUR,Harmonised Inflation Rate YoY Final MAR,2,,,
5976caac3c4b00ff,2026-04-14 11:45:00+00:00,FR,EUR,Inflation Rate MoM Final MAR,2,,,
c21b5318fb11aa09,2026-04-14 11:45:00+00:00,FR,EUR,Business Climate Indicator APR,2,,97.0,
87e8fed11b1a3a91,2026-04-14 11:45:00+00:00,FR,EUR,Current Account FEB,2,,,
d3883c27777ead98,2026-04-14 11:45:00+00:00,FR,EUR,Harmonised Inflation Rate MoM Final MAR,2,,,
10fc4932b74af92a,2026-04-14 11:45:00+00:00,FR,EUR,Private Non Farm Payrolls QoQ Prel Q1,2,,,
47d1119016c32a16,2026-04-14 11:45:00+00:00,FR,EUR,Industrial Production MoM FEB,2,,,
c80b240aa10bd143,2026-04-14 11:45:00+00:00,FR,EUR,Inflation Rate YoY Prel APR,2,,,
aa12a37be6c499b8,2026-04-14 11:45:00+00:00,FR,EUR,Inflation Rate YoY Final MAR,2,,,
147847e97f31ec6e,2026-04-14 11:45:00+00:00,FR,EUR,Inflation Rate MoM Prel APR,2,,,
844bea6f51c3d299,2026-04-14 11:45:00+00:00,FR,EUR,Imports FEB,2,,,
aaaf6f5529e58a33,2026-04-14 11:45:00+00:00,FR,EUR,Consumer Confidence APR,2,87.0,89.0,
b01e24e146f7df9a,2026-04-14 11:45:00+00:00,FR,EUR,Business Confidence APR,2,,99.0,
36f3fa48ca16a50c,2026-04-14 12:00:00+00:00,ES,EUR,Harmonised Inflation Rate MoM Final MAR,2,,,
27eef57b4ef828ac,2026-04-14 12:00:00+00:00,ES,EUR,PPI YoY MAR,2,,,
fa55ee836c5e31c7,2026-04-14 12:00:00+00:00,ES,EUR,Retail Sales YoY MAR,2,,,
58988479f53463a1,2026-04-14 12:00:00+00:00,ES,EUR,Unemployment Rate Q1,2,,,
ee8811a7660d64ce,2026-04-14 12:00:00+00:00,ES,EUR,Unemployment Change MAR,2,,,
ca6648b7d65988d5,2026-04-14 12:00:00+00:00,ES,EUR,Core Inflation Rate YoY Prel APR,2,,,
f11befea5e1785c5,2026-04-14 12:00:00+00:00,AT,EUR,Wholesale Prices MoM MAR,2,,,
00255a8216ce98f2,2026-04-14 12:00:00+00:00,ES,EUR,Harmonised Inflation Rate MoM Prel APR,2,,,
c5790dfa4677b1db,2026-04-14 12:00:00+00:00,ES,EUR,GDP Growth Rate YoY Flash Q1,2,,,
150e1ce9126dc174,2026-04-14 12:00:00+00:00,ES,EUR,Inflation Rate YoY Final MAR,2,,,
b276b199c4155723,2026-04-14 12:00:00+00:00,ES,EUR,Retail Sales MoM MAR,2,,,
5de03d8fc1e455c9,2026-04-14 12:00:00+00:00,ES,EUR,Core Inflation Rate YoY Final MAR,2,,,
5047e1940227bd02,2026-04-14 12:00:00+00:00,AT,EUR,Wholesale Prices YoY MAR,2,,,
3a466043f8990888,2026-04-14 12:00:00+00:00,ES,EUR,Inflation Rate MoM Final MAR,2,,,
8166eb5b99b3ed04,2026-04-14 12:00:00+00:00,ES,EUR,GDP Growth Rate QoQ Flash Q1,2,,,
12d38002cb6301cf,2026-04-14 12:00:00+00:00,ES,EUR,Inflation Rate YoY Prel APR,2,,,
0dde4543c160db16,2026-04-14 12:00:00+00:00,AT,EUR,Balance of Trade JAN,2,,,
10e77ed51541ef5a,2026-04-14 12:00:00+00:00,ES,EUR,Inflation Rate MoM Prel APR,2,,,
2ec636b7b900583e,2026-04-14 12:00:00+00:00,ES,EUR,Harmonised Inflation Rate YoY Final MAR,2,,,
31c45161355901d5,2026-04-14 12:00:00+00:00,ES,EUR,Harmonised Inflation Rate YoY Prel APR,2,,,
f45ba4481c3e2af8,2026-04-14 12:00:00+00:00,ES,EUR,Industrial Production YoY FEB,2,,,
4e873dc2a1978740,2026-04-14 12:15:00+00:00,FR,EUR,S&P Global Services PMI Flash APR,2,,,
6c980a57db57d063,2026-04-14 12:15:00+00:00,FR,EUR,S&P Global Composite PMI Flash APR,2,,,
b0ad2efb208411f4,2026-04-14 12:15:00+00:00,ES,EUR,S&P Global Composite PMI MAR,2,51.3,51.5,
2604904e5a4f0a90,2026-04-14 12:15:00+00:00,FR,EUR,S&P Global Manufacturing PMI Flash APR,2,,50.0,
00ef2894019f80bc,2026-04-14 12:15:00+00:00,ES,EUR,S&P Global Services PMI MAR,2,51.5,51.9,
4fee665602f619b5,2026-04-14 12:30:00+00:00,DE,EUR,S&P Global Manufacturing PMI Flash APR,2,,52.2,
a65a79086385faf2,2026-04-14 12:30:00+00:00,FR,EUR,HCOB Construction PMI MAR,2,45.0,43.9,
c5a2ffc7eb193fc0,2026-04-14 12:30:00+00:00,DE,EUR,S&P Global Composite PMI Flash APR,2,,,
d82c3452fd65dc37,2026-04-14 12:30:00+00:00,DE,EUR,S&P Global Services PMI Flash APR,2,,,
8f66d80fac7e4ca5,2026-04-14 12:45:00+00:00,IT,EUR,S&P Global Composite PMI MAR,2,51.5,52.1,
ce62bc1b4b7f69f8,2026-04-14 12:45:00+00:00,IT,EUR,S&P Global Services PMI MAR,2,51.4,52.3,
3d15be306a328ec3,2026-04-14 12:50:00+00:00,FR,EUR,S&P Global Services PMI Final MAR,2,48.3,49.6,
8bc2c75f3dc8e427,2026-04-14 12:50:00+00:00,FR,EUR,S&P Global Composite PMI Final MAR,2,48.3,49.9,
92b3c3997f60244b,2026-04-14 12:55:00+00:00,DE,EUR,Unemployed Persons APR,2,,,
f2bffdc1093936b9,2026-04-14 12:55:00+00:00,DE,EUR,S&P Global Composite PMI Final MAR,2,51.9,53.2,
fbeed8434f32d8df,2026-04-14 12:55:00+00:00,DE,EUR,S&P Global Services PMI Final MAR,2,51.2,53.5,
4ec4e632baa5333f,2026-04-14 12:55:00+00:00,DE,EUR,Unemployment Rate APR,2,,,
15aa19f6a4e9335b,2026-04-14 12:55:00+00:00,DE,EUR,Unemployment Change APR,2,,,
7f1e1d1deab1c4f9,2026-04-14 13:00:00+00:00,IT,EUR,Harmonised Inflation Rate MoM Final MAR,2,,,
4f1f19d2a61deb95,2026-04-14 13:00:00+00:00,DE,EUR,Brandenburg CPI YoY APR,2,,,
ef73db91f96b3d8b,2026-04-14 13:00:00+00:00,IT,EUR,Balance of Trade FEB,2,,,
d3296fc888b94a60,2026-04-14 13:00:00+00:00,IT,EUR,GDP Growth Rate YoY Adv Q1,2,,,
a91176056d294d75,2026-04-14 13:00:00+00:00,IT,EUR,Industrial Production MoM FEB,2,,,
8ce584fd7c2b6a15,2026-04-14 13:00:00+00:00,IT,EUR,Inflation Rate YoY Final MAR,2,,,
b8e747dc7d1ebf44,2026-04-14 13:00:00+00:00,DE,EUR,GDP Growth Rate QoQ Flash Q1,2,,,
1bdab2b02c66ecf4,2026-04-14 13:00:00+00:00,DE,EUR,Saxony CPI MoM APR,2,,,
1433c5f3406288ae,2026-04-14 13:00:00+00:00,IT,EUR,Industrial Sales YoY FEB,2,,,
7b3d4adfee643b59,2026-04-14 13:00:00+00:00,DE,EUR,Ifo Current Conditions APR,2,85.9,86.7,
33c2586b852006e2,2026-04-14 13:00:00+00:00,DE,EUR,Ifo Business Climate APR,2,85.0,86.4,
411f6c1eecd238c4,2026-04-14 13:00:00+00:00,IT,EUR,GDP Growth Rate QoQ Adv Q1,2,,,
1734a00992389586,2026-04-14 13:00:00+00:00,IT,EUR,Harmonised Inflation Rate YoY Final MAR,2,,,
dcb40823ee92cbfe,2026-04-14 13:00:00+00:00,IT,EUR,Industrial Production YoY FEB,2,,,
776de160b61d4581,2026-04-14 13:00:00+00:00,DE,EUR,Saxony CPI YoY APR,2,,,
34082b596f5d1773,2026-04-14 13:00:00+00:00,DE,EUR,Baden Wuerttemberg CPI YoY APR,2,,,
9f754fed0134e14d,2026-04-14 13:00:00+00:00,IT,EUR,Business Confidence APR,2,,88.8,
49f9ff73176ce697,2026-04-14 13:00:00+00:00,DE,EUR,Hesse CPI MoM APR,2,,,
7ee07f9b29487065,2026-04-14 13:00:00+00:00,IT,EUR,Industrial Sales MoM FEB,2,,,
19095a21a3a5dece,2026-04-14 13:00:00+00:00,DE,EUR,Baden Wuerttemberg CPI MoM APR,2,,,
922f0a26a1f09097,2026-04-14 13:00:00+00:00,DE,EUR,North Rhine Westphalia CPI MoM APR,2,,,
1e73743cf57e4718,2026-04-14 13:00:00+00:00,DE,EUR,GDP Growth Rate YoY Flash Q1,2,,,
751b148dd5d71d9c,2026-04-14 13:00:00+00:00,DE,EUR,Brandenburg CPI MoM APR,2,,,
0d2e0179f0d0fe90,2026-04-14 13:00:00+00:00,DE,EUR,Ifo Expectations APR,2,86.5,86.0,
9a4c823664007c96,2026-04-14 13:00:00+00:00,IT,EUR,Construction Output YoY FEB,2,,,
7bae6af86dc63dac,2026-04-14 13:00:00+00:00,DE,EUR,Bavaria CPI YoY APR,2,,,
82f21e3f21ed2409,2026-04-14 13:00:00+00:00,IT,EUR,Current Account FEB,2,,,
1d08de65767f5cf1,2026-04-14 13:00:00+00:00,DE,EUR,Bavaria CPI MoM APR,2,,,
f8038c8bd880a6e2,2026-04-14 13:00:00+00:00,IT,EUR,Inflation Rate MoM Final MAR,2,,,
ffa23c3e4ef90f82,2026-04-14 13:00:00+00:00,DE,EUR,North Rhine Westphalia CPI YoY APR,2,,,
3bf6f5e185845241,2026-04-14 13:00:00+00:00,IT,EUR,Consumer Confidence APR,2,91.5,92.6,
5b56bcbf4e55ac46,2026-04-14 13:00:00+00:00,DE,EUR,Hesse CPI YoY APR,2,,,
8bf8df21de8a2a54,2026-04-14 13:30:00+00:00,IT,EUR,Unemployment Rate MAR,2,,,
774fe0352904989e,2026-04-14 13:40:00+00:00,ES,EUR,10-Year Index-Linked Obligacion Auction,2,,,
b3e3ef4ec2c8511b,2026-04-14 13:40:00+00:00,ES,EUR,6-Month Letras Auction,2,,,
826471aa04f8869e,2026-04-14 13:40:00+00:00,ES,EUR,3-Year Bonos Auction,2,,,
62125ee55f2f1748,2026-04-14 13:40:00+00:00,ES,EUR,12-Month Letras Auction,2,,,
cd402c433f55d4b0,2026-04-14 13:40:00+00:00,ES,EUR,3-Month Letras Auction,2,,,
ae1c3073877af127,2026-04-14 13:40:00+00:00,ES,EUR,9-Month Letras Auction,2,,,
1559647ffd23941e,2026-04-14 13:40:00+00:00,ES,EUR,Bonos y Obligaciones Auction,2,,,
848e903e5e45d4ae,2026-04-14 13:40:00+00:00,ES,EUR,5-Year Bonos Auction,2,,,
c8ae4038ab355fd0,2026-04-14 13:40:00+00:00,ES,EUR,10-Year Obligacion Auction,2,,,
6b232beba10e14ce,2026-04-14 14:00:00+00:00,AT,EUR,RAGB 2023-2030/4 Auction,2,,,
0e34da852d1086e6,2026-04-14 14:00:00+00:00,IT,EUR,PPI MoM MAR,2,,,
47202283364f68cb,2026-04-14 14:00:00+00:00,IT,EUR,Harmonised Inflation Rate YoY Prel APR,2,,,
e0308b243e17a988,2026-04-14 14:00:00+00:00,IT,EUR,Inflation Rate MoM Prel APR,2,,,
2ceb7b12339f0a5d,2026-04-14 14:00:00+00:00,FR,EUR,OAT Auction,2,,,
3299a87d150ec98e,2026-04-14 14:00:00+00:00,GR,EUR,Industrial Production YoY FEB,2,,,
ce6523dcdf0c1645,2026-04-14 14:00:00+00:00,IT,EUR,Harmonised Inflation Rate MoM Prel APR,2,,,
a79f4f4f6d5dd45e,2026-04-14 14:00:00+00:00,IT,EUR,Inflation Rate YoY Prel APR,2,,,
5f59eb85e9b88c27,2026-04-14 14:00:00+00:00,GR,EUR,Balance of Trade FEB,2,,,
16da5386f0cd2312,2026-04-14 14:00:00+00:00,FR,EUR,IEA Oil Market Report,2,,,
f7f65c62e291384a,2026-04-14 14:00:00+00:00,IT,EUR,PPI YoY MAR,2,,,
471e17052c574274,2026-04-14 14:00:00+00:00,DE,EUR,ZEW Current Conditions APR,2,-63.0,-62.9,
e441068e43fcd72f,2026-04-14 14:00:00+00:00,DE,EUR,ZEW Economic Sentiment Index APR,2,,-0.5,
1aab7565f59707a0,2026-04-14 14:00:00+00:00,AT,EUR,RAGB 2026-2036/1 Auction,2,,,
9d4685ca08c15d08,2026-04-14 14:10:00+00:00,IT,EUR,BTP€i Auction,2,,,
48f922ab94b12a00,2026-04-14 14:10:00+00:00,IT,EUR,BTP Auction,2,,,
645650692428f881,2026-04-14 14:10:00+00:00,IT,EUR,6-Month BOT Auction,2,,,
328586734a96575d,2026-04-14 14:10:00+00:00,IT,EUR,2-Year BTP Short Term Auction,2,,,
91ca627705c248cd,2026-04-14 14:10:00+00:00,IT,EUR,12-Month BOT Auction,2,,,
ded86e61528e53b9,2026-04-14 14:15:00+00:00,GR,EUR,13-Week Bill Auction,2,,,
e38f157d36d7013c,2026-04-14 14:30:00+00:00,DE,EUR,12-Month Bubill Auction,2,,,
a4f4b8aa44226d5b,2026-04-14 14:30:00+00:00,DE,EUR,5-Year Bobl Auction,2,,,
cc36ecdf3f0a5aad,2026-04-14 14:30:00+00:00,DE,EUR,2-Year Schatz Auction,2,,,
ff614263265ae7f7,2026-04-14 14:30:00+00:00,DE,EUR,10-Year Bund Auction,2,,,
c005336219cc6ec3,2026-04-14 14:30:00+00:00,DE,EUR,30-Year Bund Auction,2,,,
fba7b1bb71322e03,2026-04-14 14:30:00+00:00,DE,EUR,15/20-Year Bund Auction,2,,,
b49a1b5410533062,2026-04-14 14:30:00+00:00,DE,EUR,30-Year Bund/g Auction,2,,,
4525ea0d17df4500,2026-04-14 14:30:00+00:00,DE,EUR,10-Year Bund/g Auction,2,,,
fc9e44bdd69454fd,2026-04-14 15:00:00+00:00,BE,EUR,Short TC Auction,2,,,
8362ee55268104cf,2026-04-14 15:00:00+00:00,US,USD,LMI Logistics Managers Index MAR,2,,61.5,
3b9a1792e9eee0eb,2026-04-14 15:00:00+00:00,DE,EUR,New Car Registrations YoY MAR,2,,,
b61ab756b4c20bfd,2026-04-14 15:00:00+00:00,ES,EUR,Business Confidence APR,2,,-4.2,
53c69b208c5cea3c,2026-04-14 15:00:00+00:00,IE,EUR,Inflation Rate YoY MAR,2,,,
2035548d404dec39,2026-04-14 15:00:00+00:00,FR,EUR,Unemployment Benefit Claims MAR,2,,,
8d199b6369c7709d,2026-04-14 15:00:00+00:00,IE,EUR,Inflation Rate MoM MAR,2,,,
29d0fc755fd128d7,2026-04-14 15:00:00+00:00,FR,EUR,Jobseekers Total MAR,2,,,
f035a62a606ee5f3,2026-04-14 15:00:00+00:00,PT,EUR,Balance of Trade FEB,2,,,
dd47363738017d83,2026-04-14 15:00:00+00:00,PT,EUR,Inflation Rate MoM Final MAR,2,,,
cba9e214740d8587,2026-04-14 15:00:00+00:00,FR,EUR,Index-Linked OAT Auction,2,,,
02eb9aecf38fd8b5,2026-04-14 15:00:00+00:00,PT,EUR,Inflation Rate YoY Final MAR,2,,,
4141b436f58fa597,2026-04-14 15:00:00+00:00,IE,EUR,Harmonised Inflation Rate YoY Final MAR,2,,,
c3a67b80d3f5ac69,2026-04-14 15:00:00+00:00,IE,EUR,Harmonised Inflation Rate MoM Final MAR,2,,,
2889f59ca132878b,2026-04-14 15:00:00+00:00,US,USD,NFIB Business Optimism Index MAR,2,97.0,98.8,
24b8e6c6d40f7564,2026-04-14 15:10:00+00:00,EU,EUR,EU-Bonds Auction,2,,,
672d3306528a212c,2026-04-14 15:10:00+00:00,EU,EUR,12-Month Bill Auction,2,,,
a6736c24eaf97005,2026-04-14 15:10:00+00:00,EU,EUR,6-Month Bill Auction,2,,,
26eec3894568b389,2026-04-14 15:10:00+00:00,EU,EUR,3-Month Bill Auction,2,,,
ef31d55c823b9149,2026-04-14 16:00:00+00:00,US,USD,MBA Purchase Index APR/10,2,,,
e54df390a974a5e4,2026-04-14 16:00:00+00:00,US,USD,MBA Mortgage Applications APR/24,2,,,
6ccb75bfbf36f03d,2026-04-14 16:00:00+00:00,US,USD,MBA Mortgage Market Index APR/03,2,,278.3,
c71351515f32646d,2026-04-14 16:00:00+00:00,US,USD,MBA Purchase Index APR/03,2,,159.4,
917f0ded70d7d42a,2026-04-14 16:00:00+00:00,US,USD,MBA Mortgage Refinance Index APR/24,2,,,
55c85b160cedd095,2026-04-14 16:00:00+00:00,US,USD,MBA 30-Year Mortgage Rate APR/17,2,,,
a05a1c7aa483e1fa,2026-04-14 16:00:00+00:00,US,USD,MBA Mortgage Market Index APR/10,2,,,
ab0712e797495adb,2026-04-14 16:00:00+00:00,US,USD,MBA Mortgage Refinance Index APR/17,2,,,
9ac6ec2570d9b652,2026-04-14 16:00:00+00:00,US,USD,MBA Mortgage Market Index APR/17,2,,,
239ebdeb101b95e5,2026-04-14 16:00:00+00:00,US,USD,MBA 30-Year Mortgage Rate APR/10,2,,,
9d72ee6729932256,2026-04-14 16:00:00+00:00,US,USD,MBA Mortgage Refinance Index APR/03,2,,946.4,
ea8fad4e98f1ae56,2026-04-14 16:00:00+00:00,US,USD,MBA Purchase Index APR/17,2,,,
146c1a304f781c8e,2026-04-14 16:00:00+00:00,US,USD,MBA 30-Year Mortgage Rate APR/24,2,,,
793e45863a26dfdd,2026-04-14 16:00:00+00:00,US,USD,MBA Purchase Index APR/24,2,,,
27ae51b173ed7a6d,2026-04-14 16:00:00+00:00,BE,EUR,Long TC Auction,2,,,
ba03bea0d2e11f3b,2026-04-14 16:00:00+00:00,US,USD,MBA Mortgage Applications APR/10,2,,,
1165245e9100b84a,2026-04-14 16:00:00+00:00,US,USD,MBA Mortgage Applications APR/03,2,,,
6993227a590ac957,2026-04-14 16:00:00+00:00,US,USD,MBA Mortgage Applications APR/17,2,,,
f43d954f369685c7,2026-04-14 16:00:00+00:00,US,USD,MBA Mortgage Refinance Index APR/10,2,,,
b7059a69a0c265cc,2026-04-14 16:00:00+00:00,US,USD,MBA 30-Year Mortgage Rate APR/03,2,,,
25c326c330c45a3d,2026-04-14 16:00:00+00:00,US,USD,MBA Mortgage Market Index APR/24,2,,,
5a8bdf4218f6e0cd,2026-04-14 17:00:00+00:00,DE,EUR,Inflation Rate MoM Prel APR,2,,,
870ff66a4ed2394c,2026-04-14 17:00:00+00:00,DE,EUR,Inflation Rate YoY Prel APR,2,,,
a4fa6bc7caa3ff02,2026-04-14 17:00:00+00:00,DE,EUR,Harmonised Inflation Rate YoY Prel APR,2,,,
b4a5da0ccf2f3081,2026-04-14 17:00:00+00:00,DE,EUR,Harmonised Inflation Rate MoM Prel APR,2,,,
0282edeb7b5abd3a,2026-04-14 17:15:00+00:00,US,USD,ADP Employment Change Weekly,2,,,
1537accf234c1e78,2026-04-14 17:30:00+00:00,US,USD,Import Prices YoY MAR,2,,,
90847bd7007acf11,2026-04-14 17:30:00+00:00,US,USD,PPI YoY MAR,2,,,
38a31688a6b8cfd5,2026-04-14 17:30:00+00:00,US,USD,Jobless Claims 4-week Average APR/04,2,,,
e098ca81437b9e48,2026-04-14 17:30:00+00:00,US,USD,Durable Goods Orders ex Defense MoM FEB,2,,,
488025dd7d13eadc,2026-04-14 17:30:00+00:00,US,USD,Personal Income MoM FEB,2,,,
fc82c6c019a8c698,2026-04-14 17:30:00+00:00,US,USD,GDP Growth Rate QoQ Final Q4,2,,,
78badd4c4c0a0586,2026-04-14 17:30:00+00:00,US,USD,Building Permits Final FEB,2,,,
9035230819366ad3,2026-04-14 17:30:00+00:00,US,USD,NY Empire State Manufacturing Index APR,2,,-0.2,
e4d43d6edafcd2ba,2026-04-14 17:30:00+00:00,US,USD,PPI MAR,2,153.1,153.231,
ab7d113120d9cbf1,2026-04-14 17:30:00+00:00,US,USD,Inflation Rate MoM MAR,2,,,
41a61ec8b381dfc2,2026-04-14 17:30:00+00:00,US,USD,Initial Jobless Claims APR/11,2,,,
907bd80ba2a1c53d,2026-04-14 17:30:00+00:00,US,USD,Non Farm Payrolls MAR,2,,,
870a0ba47cef5259,2026-04-14 17:30:00+00:00,US,USD,Chicago Fed National Activity Index MAR,2,-0.2,-0.11,
843cf9a062a2e522,2026-04-14 17:30:00+00:00,US,USD,Core PCE Price Index MoM FEB,2,,,
c3fda0ef2b11d79b,2026-04-14 17:30:00+00:00,US,USD,Durable Goods Orders ex Defense MoM MAR,2,,,
657a669e83ae480a,2026-04-14 17:30:00+00:00,US,USD,Retail Sales Ex Autos MoM MAR,2,,,
e8f68af36394aa04,2026-04-14 17:30:00+00:00,US,USD,Jobless Claims 4-week Average APR/11,2,,,
870b80af272802b6,2026-04-14 17:30:00+00:00,US,USD,Philly Fed Employment APR,2,,0.8,
de1d766a45c61bfb,2026-04-14 17:30:00+00:00,US,USD,Corporate Profits QoQ Q4,2,,,
6b1ed2d321317a20,2026-04-14 17:30:00+00:00,US,USD,Core PCE Price Index YoY FEB,2,,,
ed39db868f0e3c7f,2026-04-14 17:30:00+00:00,US,USD,PCE Prices QoQ Final Q4,2,,,
b4e345e71be2354c,2026-04-14 17:30:00+00:00,US,USD,Import Prices MoM MAR,2,,,
11f2637d1d4a4f24,2026-04-14 17:30:00+00:00,US,USD,Philly Fed New Orders APR,2,,8.6,
5dc872d9ab95a3e4,2026-04-14 17:30:00+00:00,US,USD,Core Inflation Rate YoY MAR,2,,,
40a5924aea808b5b,2026-04-14 17:30:00+00:00,US,USD,Continuing Jobless Claims APR/04,2,,,
c6679a8a9100468b,2026-04-14 17:30:00+00:00,US,USD,Initial Jobless Claims APR/18,2,,,
87978845122a0245,2026-04-14 17:30:00+00:00,US,USD,Average Hourly Earnings YoY MAR,2,,,
7bd30c778118a22c,2026-04-14 17:30:00+00:00,US,USD,Core PPI MoM MAR,2,,,
d4f571a4f711db9c,2026-04-14 17:30:00+00:00,US,USD,Real Consumer Spending QoQ Final Q4,2,,,
0539b47a60bcd57f,2026-04-14 17:30:00+00:00,US,USD,Non Defense Goods Orders Ex Air MAR,2,,,
f212ea4f00007edb,2026-04-14 17:30:00+00:00,US,USD,Retail Sales YoY MAR,2,,,
15d5483dc6f583f7,2026-04-14 17:30:00+00:00,US,USD,Participation Rate MAR,2,,,
3ea5b71c3f3da78f,2026-04-14 17:30:00+00:00,US,USD,U-6 Unemployment Rate MAR,2,,,
6e816a5980da7a92,2026-04-14 17:30:00+00:00,US,USD,Real Personal Spending MoM FEB,2,,,
fffb97b270299078,2026-04-14 17:30:00+00:00,US,USD,Manufacturing Payrolls MAR,2,,,
23d56d947ee3eae8,2026-04-14 17:30:00+00:00,US,USD,CPI s.a MAR,2,330.1,327.46,
cbadd5d30fce82dc,2026-04-14 17:30:00+00:00,US,USD,Building Permits MoM Final FEB,2,,,
8c4c10b15b3c72b5,2026-04-14 17:30:00+00:00,US,USD,Continuing Jobless Claims MAR/28,2,,,
21f1ec9d7c7c4cc1,2026-04-14 17:30:00+00:00,US,USD,Wholesale Inventories MoM Adv MAR,2,,,
dd5845fd4aa1a2c8,2026-04-14 17:30:00+00:00,US,USD,"PPI Ex Food, Energy and Trade YoY MAR",2,,,
179e878ca7717025,2026-04-14 17:30:00+00:00,US,USD,Average Weekly Hours MAR,2,34.3,34.3,34.2
429927979f76624f,2026-04-14 17:30:00+00:00,US,USD,GDP Sales QoQ Final Q4,2,,,
0a0640237ef59b21,2026-04-14 17:30:00+00:00,US,USD,CPI MAR,2,329.7,326.79,
668dd241035df53f,2026-04-14 17:30:00+00:00,US,USD,Durable Goods Orders MoM FEB,2,,,
c3bb2d5b6a85a15b,2026-04-14 17:30:00+00:00,US,USD,Unemployment Rate MAR,2,,,
ec28da3d336256a2,2026-04-14 17:30:00+00:00,US,USD,Average Hourly Earnings MoM MAR,2,,,
a156bd4cf0d9edb9,2026-04-14 17:30:00+00:00,US,USD,Retail Sales MoM MAR,2,,,
a00d55aebea00254,2026-04-14 17:30:00+00:00,US,USD,Durable Goods Orders MoM MAR,2,,,
4ebac9b817d5225c,2026-04-14 17:30:00+00:00,US,USD,PCE Price Index YoY FEB,2,,,
5961f29a3b4841d6,2026-04-14 17:30:00+00:00,US,USD,Core PPI YoY MAR,2,,,
b05efa6872075280,2026-04-14 17:30:00+00:00,US,USD,Core PCE Prices QoQ Final Q4,2,,,
a2887622db53600f,2026-04-14 17:30:00+00:00,US,USD,"PPI Ex Food, Energy and Trade MoM MAR",2,,,
8ce3c3d62a318841,2026-04-14 17:30:00+00:00,US,USD,NY Fed Services Activity Index APR,2,,,
c55676fbdd171ac4,2026-04-14 17:30:00+00:00,US,USD,Durable Goods Orders Ex Transp MoM MAR,2,,,
2f49de0ae372bd6c,2026-04-14 17:30:00+00:00,US,USD,Export Prices MoM MAR,2,,,
fdac3c2689b18aef,2026-04-14 17:30:00+00:00,US,USD,Non Defense Goods Orders Ex Air FEB,2,,,
6a89401b54c184d1,2026-04-14 17:30:00+00:00,US,USD,Personal Spending MoM FEB,2,,,
1ddfa94a116a12d2,2026-04-14 17:30:00+00:00,US,USD,Philadelphia Fed Manufacturing Index APR,2,,18.1,
ef3e4cc18c80cbef,2026-04-14 17:30:00+00:00,US,USD,Retail Sales Ex Gas/Autos MoM MAR,2,,,
367e320a0f873f42,2026-04-14 17:30:00+00:00,US,USD,Export Prices YoY MAR,2,,,
bd0daab28c9e79c0,2026-04-14 17:30:00+00:00,US,USD,Core Inflation Rate MoM MAR,2,,,
e48cf47cdf335140,2026-04-14 17:30:00+00:00,US,USD,Retail Sales Control Group MoM MAR,2,,,
45cca0b6bbb573cb,2026-04-14 17:30:00+00:00,US,USD,Housing Starts FEB,2,,,
af53f0904453f0c7,2026-04-14 17:30:00+00:00,US,USD,Philly Fed Prices Paid APR,2,,44.7,
19c36b18222e3cca,2026-04-14 17:30:00+00:00,US,USD,Philly Fed CAPEX Index APR,2,,25.8,
96dfce30c1506825,2026-04-14 17:30:00+00:00,US,USD,Building Permits Final MAR,2,,,
36874bba0af9bae7,2026-04-14 17:30:00+00:00,US,USD,Initial Jobless Claims APR/04,2,,,
8de91f38a1ebf69b,2026-04-14 17:30:00+00:00,US,USD,Inflation Rate YoY MAR,2,,,
47ae433e942502d4,2026-04-14 17:30:00+00:00,US,USD,Housing Starts MAR,2,,,
35d20cfd6910eecb,2026-04-14 17:30:00+00:00,US,USD,Government Payrolls MAR,2,,,
61321f8117733f8c,2026-04-14 17:30:00+00:00,US,USD,Goods Trade Balance Adv MAR,2,,,
5c4c2d4d77088063,2026-04-14 17:30:00+00:00,US,USD,PCE Price Index MoM FEB,2,,,
ef83443fc69c8385,2026-04-14 17:30:00+00:00,US,USD,PPI MoM MAR,2,,,
c361d398d924d9a4,2026-04-14 17:30:00+00:00,US,USD,Durable Goods Orders Ex Transp MoM FEB,2,,,
45eef81a4f0bd79d,2026-04-14 17:30:00+00:00,US,USD,Retail Inventories Ex Autos MoM Adv MAR,2,,,
3868a041a3803621,2026-04-14 17:30:00+00:00,US,USD,Housing Starts MoM MAR,2,,,
85756cd6c18d1c9d,2026-04-14 17:30:00+00:00,US,USD,Nonfarm Payrolls Private MAR,2,,,
1360860b01b9ba9e,2026-04-14 17:30:00+00:00,US,USD,GDP Price Index QoQ Final Q4,2,,,
013038fb3eaf009a,2026-04-14 17:30:00+00:00,US,USD,Philly Fed Business Conditions APR,2,,40.0,
2305d627638c0a67,2026-04-14 17:30:00+00:00,US,USD,Housing Starts MoM FEB,2,,,
117d2cf9124c7660,2026-04-14 17:30:00+00:00,US,USD,Building Permits MoM Final MAR,2,,,
9d607cc8ec3cc7ea,2026-04-14 17:30:00+00:00,US,USD,Continuing Jobless Claims APR/11,2,,,
69d8fb2df8772650,2026-04-14 17:30:00+00:00,US,USD,Jobless Claims 4-week Average APR/18,2,,,
9d905cd7111588bd,2026-04-14 17:45:00+00:00,DE,EUR,Current Account FEB,2,,,
414fd3179fe5d722,2026-04-14 17:55:00+00:00,US,USD,Redbook YoY APR/04,2,,,
4bde2060af079407,2026-04-14 17:55:00+00:00,US,USD,Redbook YoY APR/11,2,,,
fe523d2d6cab21b6,2026-04-14 17:55:00+00:00,US,USD,Redbook YoY APR/25,2,,,
cd5235152f9e5b47,2026-04-14 17:55:00+00:00,US,USD,Redbook YoY APR/18,2,,,
40ff48ed1fe78422,2026-04-14 18:00:00+00:00,US,USD,House Price Index FEB,2,,441.0,
e2f7c4c290942221,2026-04-14 18:00:00+00:00,US,USD,Used Car Prices MoM MAR,2,,,
cf0ec2b8470ef80e,2026-04-14 18:00:00+00:00,US,USD,S&P/Case-Shiller Home Price MoM FEB,2,,,
26578c0824bd9a38,2026-04-14 18:00:00+00:00,US,USD,House Price Index MoM FEB,2,,,
41dac853507d5463,2026-04-14 18:00:00+00:00,US,USD,House Price Index YoY FEB,2,,,
6bb30d7a6654d585,2026-04-14 18:00:00+00:00,FR,EUR,6-Month BTF Auction,2,,,
0934d627f6a031cd,2026-04-14 18:00:00+00:00,FR,EUR,3-Month BTF Auction,2,,,
0567453e1cacb89e,2026-04-14 18:00:00+00:00,FR,EUR,12-Month BTF Auction,2,,,
ebcbe63e364fe253,2026-04-14 18:00:00+00:00,US,USD,S&P/Case-Shiller Home Price YoY FEB,2,,,
d51597be2117db48,2026-04-14 18:00:00+00:00,US,USD,Used Car Prices YoY MAR,2,,,
6cc7c89debab128f,2026-04-14 18:15:00+00:00,US,USD,Manufacturing Production MoM MAR,2,,,
b442edc5b4cb9d37,2026-04-14 18:15:00+00:00,US,USD,Industrial Production MoM MAR,2,,,
122b26bc6868afcb,2026-04-14 18:15:00+00:00,US,USD,Capacity Utilization MAR,2,,,
b2530425bbca88c4,2026-04-14 18:15:00+00:00,US,USD,Industrial Production YoY MAR,2,,,
6773a305ca9c5f7a,2026-04-14 18:15:00+00:00,US,USD,Manufacturing Production YoY MAR,2,,,
6697ee24e22f8a15,2026-04-14 18:20:00+00:00,US,USD,NY Fed Bill Purchases 1 to 4 months,2,,,
f789d94e9d0ceeba,2026-04-14 18:45:00+00:00,US,USD,S&P Global Composite PMI Final MAR,2,51.4,51.9,50.3
0ab4e8fe076d49e5,2026-04-14 18:45:00+00:00,US,USD,S&P Global Services PMI Final MAR,2,51.1,51.7,49.8
cedff1ab1841c411,2026-04-14 18:45:00+00:00,US,USD,S&P Global Services PMI Flash APR,2,,,
0a26a83827273852,2026-04-14 18:45:00+00:00,US,USD,S&P Global Composite PMI Flash APR,2,,50.3,
000e356cd9e07ec7,2026-04-14 18:45:00+00:00,US,USD,S&P Global Manufacturing PMI Flash APR,2,,52.3,
6bd3e0c5999edfa0,2026-04-14 19:00:00+00:00,US,USD,ISM Services Business Activity MAR,2,58.0,59.9,
f2b2a6c0a821c7e8,2026-04-14 19:00:00+00:00,US,USD,ISM Services PMI MAR,2,54.0,56.1,
0a9379244bd53c8d,2026-04-14 19:00:00+00:00,US,USD,Retail Inventories Ex Autos MoM FEB,2,,,
edf0bb5f771fd51c,2026-04-14 19:00:00+00:00,US,USD,Richmond Fed Manufacturing Index APR,2,,0.0,
74c2de600178b3b3,2026-04-14 19:00:00+00:00,US,USD,Michigan Consumer Sentiment Prel APR,2,52.9,53.3,
8da39532f11054dd,2026-04-14 19:00:00+00:00,US,USD,Michigan Consumer Expectations Prel APR,2,51.0,51.7,
ef401abcb07f8907,2026-04-14 19:00:00+00:00,US,USD,Wholesale Inventories MoM FEB,2,,,
e6d15860119a2d75,2026-04-14 19:00:00+00:00,US,USD,ISM Services New Orders MAR,2,57.6,58.6,
0b320cceb51dfbdc,2026-04-14 19:00:00+00:00,US,USD,Existing Home Sales MAR,2,,,
58f195fee9f1cb3d,2026-04-14 19:00:00+00:00,US,USD,Pending Home Sales MoM MAR,2,,,
9c60964075068b72,2026-04-14 19:00:00+00:00,US,USD,Michigan Inflation Expectations Final APR,2,,,
71bf363645792870,2026-04-14 19:00:00+00:00,US,USD,ISM Services Prices MAR,2,70.0,63.0,
30503f9509a947d4,2026-04-14 19:00:00+00:00,US,USD,Pending Home Sales YoY MAR,2,,,
2fd73a935cf60136,2026-04-14 19:00:00+00:00,US,USD,Richmond Fed Manufacturing Shipments Index APR,2,,-2.0,
364f895ac656f932,2026-04-14 19:00:00+00:00,US,USD,Michigan Current Conditions Prel APR,2,55.0,55.8,
2b1f56f5b75e5ffa,2026-04-14 19:00:00+00:00,US,USD,Michigan Consumer Expectations Final APR,2,,51.7,
b2308d2dc98ac933,2026-04-14 19:00:00+00:00,US,USD,Business Inventories MoM FEB,2,,,
2901044b877d2dd3,2026-04-14 19:00:00+00:00,US,USD,Existing Home Sales MoM MAR,2,,,
e79173f9f370e8b2,2026-04-14 19:00:00+00:00,US,USD,NAHB Housing Market Index APR,2,,38.0,
41b297d8e4822123,2026-04-14 19:00:00+00:00,US,USD,CB Consumer Confidence APR,2,,91.8,
e5a89af6ca6c35ca,2026-04-14 19:00:00+00:00,US,USD,Factory Orders MoM FEB,2,,,
583a928b00ce783a,2026-04-14 19:00:00+00:00,US,USD,Factory Orders ex Transportation FEB,2,,,
6b27559894e5c9a5,2026-04-14 19:00:00+00:00,US,USD,Michigan 5 Year Inflation Expectations Prel APR,2,,,
5162ada233a02ad5,2026-04-14 19:00:00+00:00,US,USD,ISM Services Employment MAR,2,51.7,51.8,
8ac4453295bbfab0,2026-04-14 19:00:00+00:00,US,USD,Michigan Current Conditions Final APR,2,,55.8,
2eb883429d690673,2026-04-14 19:00:00+00:00,US,USD,Michigan Inflation Expectations Prel APR,2,,,
4f564547892c3b72,2026-04-14 19:00:00+00:00,US,USD,Michigan Consumer Sentiment Final APR,2,,53.3,
9c8d067b2b14d2c2,2026-04-14 19:00:00+00:00,US,USD,Richmond Fed Services Revenues Index APR,2,,9.0,
ba5247ef3e3edd4b,2026-04-14 19:00:00+00:00,US,USD,Michigan 5 Year Inflation Expectations Final APR,2,,,
f8cad19832053481,2026-04-14 19:10:00+00:00,US,USD,RCM/TIPP Economic Optimism Index APR,2,47.0,47.5,
f4f7f515b03993d8,2026-04-14 19:30:00+00:00,US,USD,EIA Gasoline Stocks Change APR/03,2,,,
b02349b759e21830,2026-04-14 19:30:00+00:00,US,USD,EIA Gasoline Production Change APR/24,2,,,
6fac7b6e52d5e948,2026-04-14 19:30:00+00:00,US,USD,Dallas Fed Services Revenues Index APR,2,,1.3,
fd0801958e865f75,2026-04-14 19:30:00+00:00,US,USD,EIA Gasoline Production Change APR/03,2,,,
6162ff51ae93897a,2026-04-14 19:30:00+00:00,US,USD,EIA Distillate Stocks Change APR/10,2,,,
024b2a937d49af4a,2026-04-14 19:30:00+00:00,US,USD,EIA Heating Oil Stocks Change APR/17,2,,,
ee3798826bc2b89a,2026-04-14 19:30:00+00:00,US,USD,EIA Heating Oil Stocks Change APR/10,2,,,
573e0252abc6902b,2026-04-14 19:30:00+00:00,US,USD,EIA Distillate Fuel Production Change APR/03,2,,,
a234d91bd2c8ac2f,2026-04-14 19:30:00+00:00,US,USD,EIA Refinery Crude Runs Change APR/10,2,,,
ecefc397f3a70082,2026-04-14 19:30:00+00:00,US,USD,EIA Crude Oil Imports Change APR/10,2,,,
1ac3a1cec5b05ad3,2026-04-14 19:30:00+00:00,US,USD,EIA Distillate Stocks Change APR/17,2,,,
8c4b9684158edd41,2026-04-14 19:30:00+00:00,US,USD,EIA Distillate Fuel Production Change APR/17,2,,,
6e46b905798d6bc7,2026-04-14 19:30:00+00:00,US,USD,Dallas Fed Services Index APR,2,,-13.3,
43e09c81f10e750f,2026-04-14 19:30:00+00:00,US,USD,EIA Natural Gas Stocks Change APR/03,2,,,
b8dcf7feacd659f4,2026-04-14 19:30:00+00:00,US,USD,EIA Distillate Stocks Change APR/03,2,,,
e9d2f38c2e875c84,2026-04-14 19:30:00+00:00,US,USD,EIA Cushing Crude Oil Stocks Change APR/24,2,,,
7da01957f28329db,2026-04-14 19:30:00+00:00,US,USD,EIA Gasoline Stocks Change APR/17,2,,,
f2a782cb66210e6c,2026-04-14 19:30:00+00:00,US,USD,EIA Cushing Crude Oil Stocks Change APR/10,2,,,
28e72c5c72213c86,2026-04-14 19:30:00+00:00,US,USD,EIA Crude Oil Stocks Change APR/10,2,,,
70c56ba043f856e3,2026-04-14 19:30:00+00:00,US,USD,EIA Crude Oil Imports Change APR/17,2,,,
0a7e40fb3b193f22,2026-04-14 19:30:00+00:00,US,USD,EIA Gasoline Stocks Change APR/10,2,,,
ecdfec9976e1c973,2026-04-14 19:30:00+00:00,US,USD,EIA Crude Oil Imports Change APR/03,2,,,
c9250537d728d2e1,2026-04-14 19:30:00+00:00,US,USD,EIA Distillate Stocks Change APR/24,2,,,
05ded3a8c22bf9f2,2026-04-14 19:30:00+00:00,US,USD,EIA Refinery Crude Runs Change APR/24,2,,,
3ddc7bdfbb0cefd4,2026-04-14 19:30:00+00:00,US,USD,EIA Cushing Crude Oil Stocks Change APR/17,2,,,
0d6e8a464a955c4a,2026-04-14 19:30:00+00:00,US,USD,EIA Gasoline Production Change APR/10,2,,,
311cd9057bf3c6a9,2026-04-14 19:30:00+00:00,US,USD,EIA Distillate Fuel Production Change APR/10,2,,,
7c09ef1e4ae575d3,2026-04-14 19:30:00+00:00,US,USD,EIA Natural Gas Stocks Change APR/17,2,,,
bb100684f56f9ab4,2026-04-14 19:30:00+00:00,US,USD,EIA Refinery Crude Runs Change APR/03,2,,,
8b25f7178d2e995b,2026-04-14 19:30:00+00:00,US,USD,EIA Heating Oil Stocks Change APR/03,2,,,
1af7c10cac0484b7,2026-04-14 19:30:00+00:00,US,USD,EIA Gasoline Stocks Change APR/24,2,,,
3270e8f91d22f908,2026-04-14 19:30:00+00:00,US,USD,EIA Crude Oil Stocks Change APR/17,2,,,
48e9bdd236cf34be,2026-04-14 19:30:00+00:00,US,USD,EIA Cushing Crude Oil Stocks Change APR/03,2,,,
94d9dd40b01a6815,2026-04-14 19:30:00+00:00,US,USD,EIA Crude Oil Imports Change APR/24,2,,,
424bff7b5cdcba4d,2026-04-14 19:30:00+00:00,US,USD,EIA Gasoline Production Change APR/17,2,,,
ec0eff7966914931,2026-04-14 19:30:00+00:00,US,USD,EIA Natural Gas Stocks Change APR/10,2,,,
bdd547a040d6e771,2026-04-14 19:30:00+00:00,US,USD,EIA Distillate Fuel Production Change APR/24,2,,,
87eafc2dc0ad0492,2026-04-14 19:30:00+00:00,US,USD,Dallas Fed Manufacturing Index APR,2,-0.8,-0.2,
f39edbae17e230cd,2026-04-14 19:30:00+00:00,US,USD,EIA Crude Oil Stocks Change APR/24,2,,,
25f0d6d4509b42ac,2026-04-14 19:30:00+00:00,US,USD,EIA Heating Oil Stocks Change APR/24,2,,,
86cc61dc8b3127d8,2026-04-14 19:30:00+00:00,US,USD,EIA Refinery Crude Runs Change APR/17,2,,,
72ed51fbc4f9c962,2026-04-14 19:30:00+00:00,US,USD,EIA Crude Oil Stocks Change APR/03,2,,,
012c979720fd7a38,2026-04-14 20:00:00+00:00,US,USD,Consumer Inflation Expectations MAR,2,,,
6733de9201ab18ea,2026-04-14 20:00:00+00:00,US,USD,Kansas Fed Composite Index APR,2,,11.0,
3c6c73c7b2ab01ba,2026-04-14 20:00:00+00:00,US,USD,Kansas Fed Manufacturing Index APR,2,,11.0,
47c948a914215057,2026-04-14 20:30:00+00:00,US,USD,17-Week Bill Auction,2,,,
adb0226198261078,2026-04-14 20:30:00+00:00,US,USD,3-Month Bill Auction,2,,,
9d6db97c050a5975,2026-04-14 20:30:00+00:00,US,USD,4-Week Bill Auction,2,,,
457f0551d810c928,2026-04-14 20:30:00+00:00,US,USD,8-Week Bill Auction,2,,,
4b310ca781bc54d0,2026-04-14 20:30:00+00:00,US,USD,52-Week Bill Auction,2,,,
d530fe0589383a8d,2026-04-14 20:30:00+00:00,US,USD,6-Month Bill Auction,2,,,
a8fd89accadf0fd9,2026-04-14 21:00:00+00:00,US,USD,30-Year Mortgage Rate APR/16,2,,,
eeb3d17d5b25254b,2026-04-14 21:00:00+00:00,US,USD,15-Year Mortgage Rate APR/23,2,,,
f4c17e90f20a2068,2026-04-14 21:00:00+00:00,US,USD,15-Year Mortgage Rate APR/09,2,,,
7eb5b7fe22c81127,2026-04-14 21:00:00+00:00,US,USD,15-Year Mortgage Rate APR/16,2,,,
5efb2c2cc0b235ea,2026-04-14 21:00:00+00:00,US,USD,NOPA Crush Report,2,,,
66e61fff058d6985,2026-04-14 21:00:00+00:00,US,USD,30-Year Mortgage Rate APR/23,2,,,
3e8d9a0c95840ea8,2026-04-14 21:00:00+00:00,US,USD,30-Year Mortgage Rate APR/09,2,,,
3de80626b0096781,2026-04-14 21:00:00+00:00,US,USD,WASDE Report,2,,,
1d033da31b31440c,2026-04-14 21:35:00+00:00,US,USD,Fed Goolsbee Speech,2,,,
f8bfa9e862b4abb1,2026-04-14 22:00:00+00:00,US,USD,Baker Hughes Total Rigs Count APR/24,2,,,
6352955391a4077c,2026-04-14 22:00:00+00:00,US,USD,20-Year Bond Auction,2,,,
f97ba56955040e70,2026-04-14 22:00:00+00:00,US,USD,Baker Hughes Total Rigs Count APR/10,2,,548.0,
2f92c76c85d08287,2026-04-14 22:00:00+00:00,US,USD,Baker Hughes Oil Rig Count APR/24,2,,,
bff08280bdcb72e6,2026-04-14 22:00:00+00:00,US,USD,5-Year Note Auction,2,,,
4ed0e6e1cfd6f613,2026-04-14 22:00:00+00:00,US,USD,5-Year TIPS Auction,2,,,
f092b29756dbe773,2026-04-14 22:00:00+00:00,US,USD,2-Year Note Auction,2,,,
b07ca5b5b4362c40,2026-04-14 22:00:00+00:00,US,USD,Money Supply MAR,2,,,
730bbba5373d6368,2026-04-14 22:00:00+00:00,US,USD,Baker Hughes Total Rigs Count APR/17,2,,,
40ac53d5b12fb6bd,2026-04-14 22:00:00+00:00,US,USD,Baker Hughes Oil Rig Count APR/10,2,,411.0,
5405cdaab1703555,2026-04-14 22:00:00+00:00,US,USD,10-Year Note Auction,2,,,
9117286d70bcfa1c,2026-04-14 22:00:00+00:00,US,USD,3-Year Note Auction,2,,,
398e7d4a9e014d78,2026-04-14 22:00:00+00:00,US,USD,2-Year FRN Auction,2,,,
1e357f7506a8b6c2,2026-04-14 22:00:00+00:00,US,USD,30-Year Bond Auction,2,,,
810c0476a4190fb7,2026-04-14 22:00:00+00:00,US,USD,Baker Hughes Oil Rig Count APR/17,2,,,
acc3379fc80ca67c,2026-04-14 22:00:00+00:00,US,USD,7-Year Note Auction,2,,,
1ed09681d3a0fdbf,2026-04-14 23:00:00+00:00,US,USD,FOMC Minutes,2,,,
f80dedd7eb78b1f0,2026-04-14 23:00:00+00:00,US,USD,Fed Beige Book,2,,,
c5664fc26c28b070,2026-04-14 23:00:00+00:00,US,USD,Fed Interest Rate Decision,2,,,
c8eb9249ff8b4384,2026-04-14 23:00:00+00:00,US,USD,Monthly Budget Statement MAR,2,,,
1e248c8e891595ff,2026-04-14 23:30:00+00:00,US,USD,Fed Press Conference,2,,,
d7cfa6d78c8aa463,2026-04-15 00:00:00+00:00,US,USD,Consumer Credit Change FEB,2,,,
555ad580aa18b7fe,2026-04-15 01:00:00+00:00,US,USD,Net Long-term TIC Flows FEB,2,,,
3e688bddf7c44a0f,2026-04-15 01:00:00+00:00,US,USD,Overall Net Capital Flows FEB,2,,,
40ec82d20cfd3536,2026-04-15 01:00:00+00:00,US,USD,Foreign Bond Investment FEB,2,,,
4f3ee4afbb7ef7c7,2026-04-15 01:30:00+00:00,US,USD,API Crude Oil Stock Change APR/10,2,,,
70ca8cca506800d8,2026-04-15 01:30:00+00:00,US,USD,API Crude Oil Stock Change APR/24,2,,,
4ec6dcf739717825,2026-04-15 01:30:00+00:00,US,USD,Fed Balance Sheet APR/22,2,,,
57fa5ab0dc91dff9,2026-04-15 01:30:00+00:00,US,USD,Fed Balance Sheet APR/15,2,,,
453de85c45c0400d,2026-04-15 01:30:00+00:00,US,USD,API Crude Oil Stock Change APR/17,2,,,
8c5625de74acde89,2026-04-15 01:30:00+00:00,US,USD,Fed Balance Sheet APR/08,2,,,
75ddd297287a0480,2026-04-15 01:30:00+00:00,US,USD,API Crude Oil Stock Change APR/03,2,,,
647961506d5fea05,2026-04-15 02:50:00+00:00,US,USD,Fed Jefferson Speech,2,,,
8beea88b8a33b965,2026-04-15 05:00:00+00:00,US,USD,Total Vehicle Sales MAR,2,,,
57b3abaac44865ee,2026-04-15 11:00:00+00:00,DE,EUR,Factory Orders MoM FEB,2,,,
00758679e0f456bd,2026-04-15 11:00:00+00:00,DE,EUR,Exports MoM FEB,2,,,
3abef4f7c3e09628,2026-04-15 11:00:00+00:00,DE,EUR,Imports MoM FEB,2,,,
d35aae7ce42b74f4,2026-04-15 11:00:00+00:00,DE,EUR,Harmonised Inflation Rate MoM Final MAR,2,,,
6193fdc65b343db8,2026-04-15 11:00:00+00:00,DE,EUR,Wholesale Prices MoM MAR,2,,,
7ce2d04c8ef01172,2026-04-15 11:00:00+00:00,DE,EUR,Harmonised Inflation Rate YoY Final MAR,2,,,
a8b919af4e1e8e51,2026-04-15 11:00:00+00:00,DE,EUR,Wholesale Prices YoY MAR,2,,,
0b3b821542067b37,2026-04-15 11:00:00+00:00,DE,EUR,Inflation Rate MoM Final MAR,2,,,
60633f48d0bd1163,2026-04-15 11:00:00+00:00,DE,EUR,Balance of Trade FEB,2,,,
c7c4d03fb4460a26,2026-04-15 11:00:00+00:00,DE,EUR,Inflation Rate YoY Final MAR,2,,,
fa57c7b83df7ed3f,2026-04-15 11:00:00+00:00,DE,EUR,Industrial Production MoM FEB,2,,,
763e07cb64328977,2026-04-15 11:45:00+00:00,FR,EUR,Foreign Exchange Reserves MAR,2,,,
21d406cd0665aabb,2026-04-15 11:45:00+00:00,FR,EUR,Exports FEB,2,,,
484455344fea0297,2026-04-15 11:45:00+00:00,FR,EUR,Balance of Trade FEB,2,,,
0fa05e7607132eef,2026-04-15 11:45:00+00:00,FR,EUR,Current Account FEB,2,,,
eeee40e4850a179a,2026-04-15 11:45:00+00:00,FR,EUR,Industrial Production MoM FEB,2,,,
12ccf64d8ca6ddba,2026-04-15 11:45:00+00:00,FR,EUR,Imports FEB,2,,,
d3c1e6405c1425b2,2026-04-15 12:00:00+00:00,ES,EUR,Inflation Rate MoM Final MAR,2,,,
438e3a54019e0572,2026-04-15 12:00:00+00:00,ES,EUR,Core Inflation Rate YoY Final MAR,2,,,
b02b52c8447efc7a,2026-04-15 12:00:00+00:00,ES,EUR,Unemployment Change MAR,2,,,
9a6b51d8258714a2,2026-04-15 12:00:00+00:00,ES,EUR,Industrial Production YoY FEB,2,,,
9bcd82c694eabb4c,2026-04-15 12:00:00+00:00,ES,EUR,Harmonised Inflation Rate MoM Final MAR,2,,,
9c7de5b1d12e8cba,2026-04-15 12:00:00+00:00,ES,EUR,Inflation Rate YoY Final MAR,2,,,
4d6a0093368bdfcb,2026-04-15 12:00:00+00:00,ES,EUR,Harmonised Inflation Rate YoY Final MAR,2,,,
79aa30baa13f3967,2026-04-15 12:15:00+00:00,ES,EUR,S&P Global Composite PMI MAR,2,51.3,51.5,
4636daf821ef838d,2026-04-15 12:15:00+00:00,ES,EUR,S&P Global Services PMI MAR,2,51.5,51.9,
7950bc0bfa62d825,2026-04-15 12:30:00+00:00,DE,EUR,HCOB Construction PMI MAR,2,44.5,43.7,
84f3137762e034db,2026-04-15 12:45:00+00:00,IT,EUR,S&P Global Services PMI MAR,2,51.4,52.3,
c903b64ec787451b,2026-04-15 12:45:00+00:00,IT,EUR,S&P Global Composite PMI MAR,2,51.5,52.1,
a42662ae676a4a06,2026-04-15 12:50:00+00:00,FR,EUR,S&P Global Composite PMI Final MAR,2,48.3,49.9,
0cbffa77c0498443,2026-04-15 12:50:00+00:00,FR,EUR,S&P Global Services PMI Final MAR,2,48.3,49.6,
fe5917c74d2d4ddf,2026-04-15 12:55:00+00:00,DE,EUR,S&P Global Composite PMI Final MAR,2,51.9,53.2,
8134f3c3bc91f5e2,2026-04-15 12:55:00+00:00,DE,EUR,S&P Global Services PMI Final MAR,2,51.2,53.5,
9f8ede28c1aefcb3,2026-04-15 13:00:00+00:00,IT,EUR,Industrial Production YoY FEB,2,,,
5132d9a398c0d900,2026-04-15 13:00:00+00:00,IT,EUR,Industrial Production MoM FEB,2,,,
50b74839fbe8b060,2026-04-15 13:40:00+00:00,ES,EUR,3-Month Letras Auction,2,,,
f4f94efe461cf855,2026-04-15 13:40:00+00:00,ES,EUR,9-Month Letras Auction,2,,,
33ca23d520b02fa8,2026-04-15 13:40:00+00:00,ES,EUR,12-Month Letras Auction,2,,,
03be4f32be24dc45,2026-04-15 13:40:00+00:00,ES,EUR,10-Year Obligacion Auction,2,,,
c6fec1b6f32bba37,2026-04-15 13:40:00+00:00,ES,EUR,5-Year Bonos Auction,2,,,
d4a58e164dc0ba95,2026-04-15 13:40:00+00:00,ES,EUR,3-Year Bonos Auction,2,,,
82f86106b68c488c,2026-04-15 13:40:00+00:00,ES,EUR,6-Month Letras Auction,2,,,
f496428b16822b3e,2026-04-15 13:40:00+00:00,ES,EUR,10-Year Index-Linked Obligacion Auction,2,,,
7b26bd074f77caa9,2026-04-15 14:00:00+00:00,FR,EUR,IEA Oil Market Report,2,,,
a21f53d01a874f3d,2026-04-15 14:10:00+00:00,IT,EUR,12-Month BOT Auction,2,,,
10604b4dd9f3b901,2026-04-15 14:10:00+00:00,IT,EUR,BTP Auction,2,,,
e86554d7e38fbf77,2026-04-15 14:30:00+00:00,DE,EUR,10-Year Bund Auction,2,,,
6fd05598e27a174b,2026-04-15 14:30:00+00:00,DE,EUR,30-Year Bund/g Auction,2,,,
0553cc5a546cc5c0,2026-04-15 14:30:00+00:00,DE,EUR,12-Month Bubill Auction,2,,,
9e9dc9f54bc85ab3,2026-04-15 14:30:00+00:00,DE,EUR,5-Year Bobl Auction,2,,,
1e616051d6fb500f,2026-04-15 14:30:00+00:00,DE,EUR,10-Year Bund/g Auction,2,,,
313822f845675417,2026-04-15 15:00:00+00:00,US,USD,NFIB Business Optimism Index MAR,2,97.0,98.8,
f0dbee5afffe6463,2026-04-15 15:00:00+00:00,US,USD,LMI Logistics Managers Index MAR,2,,61.5,
7f25b4a3f381e39b,2026-04-15 15:00:00+00:00,DE,EUR,New Car Registrations YoY MAR,2,,,
e3b6a4d4f2b35433,2026-04-15 15:10:00+00:00,EU,EUR,12-Month Bill Auction,2,,,
e15a47a1b26e2453,2026-04-15 15:10:00+00:00,EU,EUR,6-Month Bill Auction,2,,,
0384f2971d8fc7b0,2026-04-15 15:10:00+00:00,EU,EUR,3-Month Bill Auction,2,,,
b3c76590b3c402d2,2026-04-15 16:00:00+00:00,US,USD,MBA Mortgage Applications APR/03,2,,,
8b589b91983b632c,2026-04-15 16:00:00+00:00,US,USD,MBA Mortgage Refinance Index APR/03,2,,946.4,
9192f97de914a44b,2026-04-15 16:00:00+00:00,US,USD,MBA Mortgage Market Index APR/03,2,,278.3,
c3c0ab87493da828,2026-04-15 16:00:00+00:00,US,USD,MBA Purchase Index APR/03,2,,159.4,
f5588db694ca201a,2026-04-15 16:00:00+00:00,US,USD,MBA 30-Year Mortgage Rate APR/03,2,,,
73cf5281e5a8cc34,2026-04-15 17:15:00+00:00,US,USD,ADP Employment Change Weekly,2,,,
54ec99c1a79b264b,2026-04-15 17:30:00+00:00,US,USD,GDP Price Index QoQ Final Q4,2,,,
c65152710b0b4fd2,2026-04-15 17:30:00+00:00,US,USD,CPI s.a MAR,2,330.1,327.46,
58c992373530db95,2026-04-15 17:30:00+00:00,US,USD,Non Defense Goods Orders Ex Air FEB,2,,,
d7ecf7819729de34,2026-04-15 17:30:00+00:00,US,USD,Participation Rate MAR,2,,,
0c0963fd8da97a42,2026-04-15 17:30:00+00:00,US,USD,Manufacturing Payrolls MAR,2,,,
71e31e43fc171df4,2026-04-15 17:30:00+00:00,US,USD,Core Inflation Rate YoY MAR,2,,,
47af1d8597630a08,2026-04-15 17:30:00+00:00,US,USD,Average Hourly Earnings YoY MAR,2,,,
622833114556668b,2026-04-15 17:30:00+00:00,US,USD,GDP Growth Rate QoQ Final Q4,2,,,
4ea2eaafaf1da137,2026-04-15 17:30:00+00:00,US,USD,Non Farm Payrolls MAR,2,,,
67543d972c3c24c1,2026-04-15 17:30:00+00:00,US,USD,GDP Sales QoQ Final Q4,2,,,
0269f292892314f4,2026-04-15 17:30:00+00:00,US,USD,Government Payrolls MAR,2,,,
bf8628ea5166e2ca,2026-04-15 17:30:00+00:00,US,USD,Inflation Rate MoM MAR,2,,,
41d8761535a6eb48,2026-04-15 17:30:00+00:00,US,USD,Durable Goods Orders ex Defense MoM FEB,2,,,
90cbce81605dbd06,2026-04-15 17:30:00+00:00,US,USD,Durable Goods Orders Ex Transp MoM FEB,2,,,
d9a79e5c3289f7bb,2026-04-15 17:30:00+00:00,US,USD,Personal Income MoM FEB,2,,,
ab5e014cdf6fb8d6,2026-04-15 17:30:00+00:00,US,USD,PCE Price Index MoM FEB,2,,,
bda59728368aa693,2026-04-15 17:30:00+00:00,US,USD,Initial Jobless Claims APR/04,2,,,
16697aa11811526f,2026-04-15 17:30:00+00:00,US,USD,Durable Goods Orders MoM FEB,2,,,
926c4a057f94f8e6,2026-04-15 17:30:00+00:00,US,USD,Real Consumer Spending QoQ Final Q4,2,,,
3b0e1d1c53e928b1,2026-04-15 17:30:00+00:00,US,USD,Jobless Claims 4-week Average APR/04,2,,,
cd0966178e450da3,2026-04-15 17:30:00+00:00,US,USD,Core PPI MoM MAR,2,,,
5378b6ebf5d0c4ce,2026-04-15 17:30:00+00:00,US,USD,Nonfarm Payrolls Private MAR,2,,,
37d91a0c1c33351d,2026-04-15 17:30:00+00:00,US,USD,Inflation Rate YoY MAR,2,,,
193ab07037065b7b,2026-04-15 17:30:00+00:00,US,USD,PCE Price Index YoY FEB,2,,,
ceb7c4372c946c3f,2026-04-15 17:30:00+00:00,US,USD,Real Personal Spending MoM FEB,2,,,
dcd85478a45f0948,2026-04-15 17:30:00+00:00,US,USD,Unemployment Rate MAR,2,,,
23c9cf4ea1ff5482,2026-04-15 17:30:00+00:00,US,USD,Core PCE Price Index YoY FEB,2,,,
01bbdb2a4f70b18c,2026-04-15 17:30:00+00:00,US,USD,Corporate Profits QoQ Q4,2,,,
a1193e7e5a9aadec,2026-04-15 17:30:00+00:00,US,USD,PPI MoM MAR,2,,,
3845561bbf3fcb5a,2026-04-15 17:30:00+00:00,US,USD,Core PPI YoY MAR,2,,,
03a0fc44f0f5a8fb,2026-04-15 17:30:00+00:00,US,USD,Personal Spending MoM FEB,2,,,
10a21cdb26b9437e,2026-04-15 17:30:00+00:00,US,USD,CPI MAR,2,329.7,326.79,
89c366be4e31479b,2026-04-15 17:30:00+00:00,US,USD,"PPI Ex Food, Energy and Trade YoY MAR",2,,,
8866d2880022e305,2026-04-15 17:30:00+00:00,US,USD,PPI MAR,2,153.1,153.231,
d3ceb90e99fd67d7,2026-04-15 17:30:00+00:00,US,USD,Average Weekly Hours MAR,2,34.3,34.3,34.2
902025686eee2031,2026-04-15 17:30:00+00:00,US,USD,Core PCE Prices QoQ Final Q4,2,,,
d93f5cf238659616,2026-04-15 17:30:00+00:00,US,USD,"PPI Ex Food, Energy and Trade MoM MAR",2,,,
c492a1aeea537475,2026-04-15 17:30:00+00:00,US,USD,PCE Prices QoQ Final Q4,2,,,
d81eebb15af54f7a,2026-04-15 17:30:00+00:00,US,USD,U-6 Unemployment Rate MAR,2,,,
af57c125a79f9c0a,2026-04-15 17:30:00+00:00,US,USD,Core Inflation Rate MoM MAR,2,,,
13932c7957dabadf,2026-04-15 17:30:00+00:00,US,USD,PPI YoY MAR,2,,,
a8b5a10fede18bb1,2026-04-15 17:30:00+00:00,US,USD,Continuing Jobless Claims MAR/28,2,,,
f3e20006bc2ee159,2026-04-15 17:30:00+00:00,US,USD,Average Hourly Earnings MoM MAR,2,,,
f7bf6263a7e575a8,2026-04-15 17:30:00+00:00,US,USD,Core PCE Price Index MoM FEB,2,,,
1dab17cbf6b61200,2026-04-15 17:45:00+00:00,DE,EUR,Current Account FEB,2,,,
38e8fa02bdcd1a12,2026-04-15 17:55:00+00:00,US,USD,Redbook YoY APR/11,2,,,
d8ae47316e6696e4,2026-04-15 17:55:00+00:00,US,USD,Redbook YoY APR/04,2,,,
bfc6ed910bf69be8,2026-04-15 18:00:00+00:00,US,USD,Used Car Prices YoY MAR,2,,,
4745d33dd6c9e69e,2026-04-15 18:00:00+00:00,US,USD,Used Car Prices MoM MAR,2,,,
82fb3db5a245da11,2026-04-15 18:00:00+00:00,FR,EUR,6-Month BTF Auction,2,,,
dd9f5644609a9de5,2026-04-15 18:00:00+00:00,FR,EUR,12-Month BTF Auction,2,,,
ded13310a8ce743f,2026-04-15 18:00:00+00:00,FR,EUR,3-Month BTF Auction,2,,,
132d90544c531dc9,2026-04-15 18:20:00+00:00,US,USD,NY Fed Bill Purchases 1 to 4 months,2,,,
1e23fee16f701fcc,2026-04-15 18:45:00+00:00,US,USD,S&P Global Services PMI Final MAR,2,51.1,51.7,49.8
a5c7e11c3646ed83,2026-04-15 18:45:00+00:00,US,USD,S&P Global Composite PMI Final MAR,2,51.4,51.9,50.3
fdcb73ef155a03f4,2026-04-15 19:00:00+00:00,US,USD,Wholesale Inventories MoM FEB,2,,,
4da0d82a34308bd9,2026-04-15 19:00:00+00:00,US,USD,Michigan Consumer Sentiment Prel APR,2,52.9,53.3,
0c5a00b651ea9404,2026-04-15 19:00:00+00:00,US,USD,ISM Services Employment MAR,2,51.7,51.8,
5deebdc8410dfb74,2026-04-15 19:00:00+00:00,US,USD,ISM Services Prices MAR,2,70.0,63.0,
0b9c66a1011ab1d6,2026-04-15 19:00:00+00:00,US,USD,Michigan Consumer Expectations Prel APR,2,51.0,51.7,
64d503ddbba6baaa,2026-04-15 19:00:00+00:00,US,USD,Factory Orders ex Transportation FEB,2,,,
7f1a913ee4c20540,2026-04-15 19:00:00+00:00,US,USD,Michigan 5 Year Inflation Expectations Prel APR,2,,,
ba5df9956646b2e7,2026-04-15 19:00:00+00:00,US,USD,ISM Services New Orders MAR,2,57.6,58.6,
a3e45fd78ca34cfc,2026-04-15 19:00:00+00:00,US,USD,ISM Services Business Activity MAR,2,58.0,59.9,
ccfb549b722dab6d,2026-04-15 19:00:00+00:00,US,USD,Existing Home Sales MAR,2,,,
1d27364f3aa59cb5,2026-04-15 19:00:00+00:00,US,USD,Michigan Inflation Expectations Prel APR,2,,,
0c74a36118e8d0d0,2026-04-15 19:00:00+00:00,US,USD,ISM Services PMI MAR,2,54.0,56.1,
77aa38fd2b1115f1,2026-04-15 19:00:00+00:00,US,USD,Existing Home Sales MoM MAR,2,,,
ef3554bf12111ce5,2026-04-15 19:00:00+00:00,US,USD,Michigan Current Conditions Prel APR,2,55.0,55.8,
dcd599d31b875c14,2026-04-15 19:00:00+00:00,US,USD,Factory Orders MoM FEB,2,,,
5766659ec65e1062,2026-04-15 19:10:00+00:00,US,USD,RCM/TIPP Economic Optimism Index APR,2,47.0,47.5,
4dd38c822d249287,2026-04-15 19:30:00+00:00,US,USD,EIA Crude Oil Stocks Change APR/03,2,,,
facd3ce3805600cb,2026-04-15 19:30:00+00:00,US,USD,EIA Natural Gas Stocks Change APR/03,2,,,
b8cb0a452589271c,2026-04-15 19:30:00+00:00,US,USD,EIA Gasoline Stocks Change APR/03,2,,,
95386e3f95f249f7,2026-04-15 19:30:00+00:00,US,USD,EIA Refinery Crude Runs Change APR/03,2,,,
84e292744b9e92df,2026-04-15 19:30:00+00:00,US,USD,EIA Gasoline Production Change APR/03,2,,,
1195b977ec17fd5a,2026-04-15 19:30:00+00:00,US,USD,EIA Distillate Fuel Production Change APR/03,2,,,
2238ceccf0798e0a,2026-04-15 19:30:00+00:00,US,USD,EIA Heating Oil Stocks Change APR/03,2,,,
acc2f0ff5c20ffd1,2026-04-15 19:30:00+00:00,US,USD,EIA Cushing Crude Oil Stocks Change APR/03,2,,,
f58c4694845b0c5e,2026-04-15 19:30:00+00:00,US,USD,EIA Distillate Stocks Change APR/03,2,,,
3d3adb548879c22d,2026-04-15 19:30:00+00:00,US,USD,EIA Crude Oil Imports Change APR/03,2,,,
05bc851b20320d00,2026-04-15 20:00:00+00:00,US,USD,Consumer Inflation Expectations MAR,2,,,
9e4d89d2561383ec,2026-04-15 20:30:00+00:00,US,USD,17-Week Bill Auction,2,,,
183e370186c57730,2026-04-15 20:30:00+00:00,US,USD,4-Week Bill Auction,2,,,
8f17f39cab7a6c33,2026-04-15 20:30:00+00:00,US,USD,6-Month Bill Auction,2,,,
b541d67f8529e66c,2026-04-15 20:30:00+00:00,US,USD,3-Month Bill Auction,2,,,
0076c9138be7d20e,2026-04-15 20:30:00+00:00,US,USD,8-Week Bill Auction,2,,,
09640fcc6ab22d1d,2026-04-15 21:00:00+00:00,US,USD,WASDE Report,2,,,
cf09401bf579e963,2026-04-15 21:00:00+00:00,US,USD,30-Year Mortgage Rate APR/09,2,,,
833d180627f8490f,2026-04-15 21:00:00+00:00,US,USD,15-Year Mortgage Rate APR/09,2,,,
0ffe55c4716a21f1,2026-04-15 21:35:00+00:00,US,USD,Fed Goolsbee Speech,2,,,
53c92f36761ab1de,2026-04-15 22:00:00+00:00,US,USD,10-Year Note Auction,2,,,
dd6cc2be77ec03fe,2026-04-15 22:00:00+00:00,US,USD,30-Year Bond Auction,2,,,
2f1a6c25667ccf6e,2026-04-15 22:00:00+00:00,US,USD,3-Year Note Auction,2,,,
04012a0ed3253939,2026-04-15 22:00:00+00:00,US,USD,Baker Hughes Oil Rig Count APR/10,2,,411.0,
b66bff8ade375e2f,2026-04-15 22:00:00+00:00,US,USD,Baker Hughes Total Rigs Count APR/10,2,,548.0,
489c2d639688583c,2026-04-15 23:00:00+00:00,US,USD,Monthly Budget Statement MAR,2,,,
938b182985498ae3,2026-04-15 23:00:00+00:00,US,USD,FOMC Minutes,2,,,
d0267fd114da4817,2026-04-16 00:00:00+00:00,US,USD,Consumer Credit Change FEB,2,,,
6f33350dc44b0719,2026-04-16 01:30:00+00:00,US,USD,Fed Balance Sheet APR/08,2,,,
ce33374577a2d69e,2026-04-16 01:30:00+00:00,US,USD,API Crude Oil Stock Change APR/03,2,,,
7e02532e865f0898,2026-04-16 02:50:00+00:00,US,USD,Fed Jefferson Speech,2,,,
a530fbff593c9eba,2026-04-16 05:00:00+00:00,US,USD,Total Vehicle Sales MAR,2,,,
72748aef2ba780db,2026-04-16 05:01:00+00:00,IE,EUR,AIB Services PMI MAR,2,51.5,51.8,
f97e5e01f9cc646d,2026-04-16 09:30:00+00:00,NL,EUR,Balance of Trade FEB,2,,,
5d2bd0a94ecb50aa,2026-04-16 09:30:00+00:00,NL,EUR,Household Consumption YoY FEB,2,,,
17e4643e12d4aa28,2026-04-16 09:30:00+00:00,NL,EUR,Inflation Rate YoY Final MAR,2,,,
e1ac122225f30293,2026-04-16 09:30:00+00:00,NL,EUR,Manufacturing Production MoM FEB,2,,,
d0c3de613e621d50,2026-04-16 09:30:00+00:00,NL,EUR,Inflation Rate MoM MAR,2,,,
fb073b2453501500,2026-04-16 10:00:00+00:00,FI,EUR,Industrial Production YoY FEB,2,,,
c764733004925945,2026-04-16 10:00:00+00:00,FI,EUR,Current Account FEB,2,,,
28b1905ec9dd3551,2026-04-16 11:00:00+00:00,DE,EUR,Imports MoM FEB,2,,,
376f952599854296,2026-04-16 11:00:00+00:00,DE,EUR,Inflation Rate MoM Final MAR,2,,,
4f7978d4980a509a,2026-04-16 11:00:00+00:00,DE,EUR,Harmonised Inflation Rate YoY Final MAR,2,,,
a6b243d8e8cf11c7,2026-04-16 11:00:00+00:00,DE,EUR,Industrial Production MoM FEB,2,,,
1d90b07cd723e582,2026-04-16 11:00:00+00:00,DE,EUR,Wholesale Prices MoM MAR,2,,,
a78867fc8ff56f6c,2026-04-16 11:00:00+00:00,DE,EUR,Balance of Trade FEB,2,,,
a178052650828a53,2026-04-16 11:00:00+00:00,DE,EUR,Harmonised Inflation Rate MoM Final MAR,2,,,
7ae394c6f943afb5,2026-04-16 11:00:00+00:00,DE,EUR,Wholesale Prices YoY MAR,2,,,
f97d73d8834188e0,2026-04-16 11:00:00+00:00,DE,EUR,Exports MoM FEB,2,,,
8fddd775df1c0305,2026-04-16 11:00:00+00:00,DE,EUR,Factory Orders MoM FEB,2,,,
0c6c96690eff25a8,2026-04-16 11:00:00+00:00,DE,EUR,Inflation Rate YoY Final MAR,2,,,
8a9eab5d1e9a7d61,2026-04-16 11:45:00+00:00,FR,EUR,Foreign Exchange Reserves MAR,2,,,
569d4d026507a864,2026-04-16 11:45:00+00:00,FR,EUR,Exports FEB,2,,,
b6e1e06148e23176,2026-04-16 11:45:00+00:00,FR,EUR,Balance of Trade FEB,2,,,
32d47a9b8902c20e,2026-04-16 11:45:00+00:00,FR,EUR,Industrial Production MoM FEB,2,,,
99c41d5555a5ff9a,2026-04-16 11:45:00+00:00,FR,EUR,Current Account FEB,2,,,
bbb83af04adc436c,2026-04-16 11:45:00+00:00,FR,EUR,Imports FEB,2,,,
f57899ba74de9dd7,2026-04-16 12:00:00+00:00,ES,EUR,Inflation Rate YoY Final MAR,2,,,
8f9d325d86b5c47e,2026-04-16 12:00:00+00:00,AT,EUR,Balance of Trade JAN,2,,,
1f49c97083f3505b,2026-04-16 12:00:00+00:00,ES,EUR,Inflation Rate MoM Final MAR,2,,,
8de5e621e4d58a05,2026-04-16 12:00:00+00:00,ES,EUR,Harmonised Inflation Rate MoM Final MAR,2,,,
64670ce09f41ea68,2026-04-16 12:00:00+00:00,ES,EUR,Harmonised Inflation Rate YoY Final MAR,2,,,
54b674945f9a5134,2026-04-16 12:00:00+00:00,AT,EUR,Wholesale Prices MoM MAR,2,,,
1e7cebffeb2cbbd9,2026-04-16 12:00:00+00:00,ES,EUR,Industrial Production YoY FEB,2,,,
6f30e7e8b1e08e30,2026-04-16 12:00:00+00:00,ES,EUR,Unemployment Change MAR,2,,,
6f6731504ef41bd1,2026-04-16 12:00:00+00:00,AT,EUR,Wholesale Prices YoY MAR,2,,,
c94334aa81272df7,2026-04-16 12:00:00+00:00,ES,EUR,Core Inflation Rate YoY Final MAR,2,,,
1b2ec848abd6d378,2026-04-16 12:15:00+00:00,ES,EUR,S&P Global Services PMI MAR,2,51.5,51.9,
78054f4f204de3b2,2026-04-16 12:15:00+00:00,ES,EUR,S&P Global Composite PMI MAR,2,51.3,51.5,
0c73e7305e9eba6b,2026-04-16 12:30:00+00:00,FR,EUR,HCOB Construction PMI MAR,2,45.0,43.9,
9ebc0ec9fe9cbe39,2026-04-16 12:45:00+00:00,IT,EUR,S&P Global Composite PMI MAR,2,51.5,52.1,
d0890797a2e31085,2026-04-16 12:45:00+00:00,IT,EUR,S&P Global Services PMI MAR,2,51.4,52.3,
bfc9a22006ac9d48,2026-04-16 12:50:00+00:00,FR,EUR,S&P Global Composite PMI Final MAR,2,48.3,49.9,
fe5415680ea46f66,2026-04-16 12:50:00+00:00,FR,EUR,S&P Global Services PMI Final MAR,2,48.3,49.6,
db95f50d6f5d5bb8,2026-04-16 12:55:00+00:00,DE,EUR,S&P Global Composite PMI Final MAR,2,51.9,53.2,
c260dfb0c1956082,2026-04-16 12:55:00+00:00,DE,EUR,S&P Global Services PMI Final MAR,2,51.2,53.5,
076c50e07035b40c,2026-04-16 13:00:00+00:00,IT,EUR,Industrial Production MoM FEB,2,,,
fb1f0c5128b2d34b,2026-04-16 13:00:00+00:00,IT,EUR,Industrial Production YoY FEB,2,,,
37bd8103e6458de1,2026-04-16 13:40:00+00:00,ES,EUR,3-Year Bonos Auction,2,,,
18a858fa4a01884e,2026-04-16 13:40:00+00:00,ES,EUR,10-Year Index-Linked Obligacion Auction,2,,,
535128c1054d5dfb,2026-04-16 13:40:00+00:00,ES,EUR,9-Month Letras Auction,2,,,
875b4d5cc06c3d19,2026-04-16 13:40:00+00:00,ES,EUR,3-Month Letras Auction,2,,,
11e6522b4aae51c7,2026-04-16 13:40:00+00:00,ES,EUR,12-Month Letras Auction,2,,,
57a75c06b8ca9d1f,2026-04-16 13:40:00+00:00,ES,EUR,5-Year Bonos Auction,2,,,
d406517ba76d1208,2026-04-16 13:40:00+00:00,ES,EUR,6-Month Letras Auction,2,,,
0f8b6651c31dfebb,2026-04-16 13:40:00+00:00,ES,EUR,10-Year Obligacion Auction,2,,,
7b52c937016d440b,2026-04-16 14:00:00+00:00,GR,EUR,Balance of Trade FEB,2,,,
6a576551b4ee6e57,2026-04-16 14:00:00+00:00,GR,EUR,Industrial Production YoY FEB,2,,,
beaf089ab24f24bc,2026-04-16 14:00:00+00:00,AT,EUR,RAGB 2023-2030/4 Auction,2,,,
35eeae6478611842,2026-04-16 14:00:00+00:00,FR,EUR,IEA Oil Market Report,2,,,
585f8b8250c1289a,2026-04-16 14:00:00+00:00,AT,EUR,RAGB 2026-2036/1 Auction,2,,,
1c11dc20a495de9f,2026-04-16 14:10:00+00:00,IT,EUR,12-Month BOT Auction,2,,,
a414760b2588b066,2026-04-16 14:10:00+00:00,IT,EUR,BTP Auction,2,,,
cdba8fe645c29aa7,2026-04-16 14:15:00+00:00,GR,EUR,13-Week Bill Auction,2,,,
8e6c9a288cd1633a,2026-04-16 14:30:00+00:00,DE,EUR,12-Month Bubill Auction,2,,,
dd52e7194f230a13,2026-04-16 14:30:00+00:00,DE,EUR,10-Year Bund Auction,2,,,
3723e8ff7b1f78b8,2026-04-16 14:30:00+00:00,DE,EUR,10-Year Bund/g Auction,2,,,
426db57fa625b99c,2026-04-16 14:30:00+00:00,DE,EUR,30-Year Bund/g Auction,2,,,
e59c759a9dd40946,2026-04-16 14:30:00+00:00,DE,EUR,5-Year Bobl Auction,2,,,
19c0160da1faf90d,2026-04-16 15:00:00+00:00,DE,EUR,New Car Registrations YoY MAR,2,,,
56ecc58f85811c84,2026-04-16 15:00:00+00:00,IE,EUR,Harmonised Inflation Rate MoM Final MAR,2,,,
066455d6afdcce6b,2026-04-16 15:00:00+00:00,US,USD,NFIB Business Optimism Index MAR,2,97.0,98.8,
f2bcc5cc5f2fbe24,2026-04-16 15:00:00+00:00,IE,EUR,Harmonised Inflation Rate YoY Final MAR,2,,,
bd85bbee4e2ceeff,2026-04-16 15:00:00+00:00,PT,EUR,Inflation Rate MoM Final MAR,2,,,
a1719331bbf3697f,2026-04-16 15:00:00+00:00,IE,EUR,Inflation Rate YoY MAR,2,,,
952360cf5bae6f09,2026-04-16 15:00:00+00:00,IE,EUR,Inflation Rate MoM MAR,2,,,
1398441c7479a216,2026-04-16 15:00:00+00:00,PT,EUR,Inflation Rate YoY Final MAR,2,,,
bec373e6777e5d3e,2026-04-16 15:00:00+00:00,US,USD,LMI Logistics Managers Index MAR,2,,61.5,
5a40082993578ee8,2026-04-16 15:00:00+00:00,PT,EUR,Balance of Trade FEB,2,,,
3cfa7b07ea01ca3b,2026-04-16 15:00:00+00:00,BE,EUR,Short TC Auction,2,,,
d44e49caf019bf8c,2026-04-16 15:10:00+00:00,EU,EUR,6-Month Bill Auction,2,,,
1d3d392d88d9ff6f,2026-04-16 15:10:00+00:00,EU,EUR,12-Month Bill Auction,2,,,
0c3f81e27a5e2abf,2026-04-16 15:10:00+00:00,EU,EUR,3-Month Bill Auction,2,,,
cc82746bfb30c08c,2026-04-16 16:00:00+00:00,US,USD,MBA Purchase Index APR/03,2,,159.4,
d36835e8af4c012b,2026-04-16 16:00:00+00:00,US,USD,MBA Mortgage Market Index APR/03,2,,278.3,
a3789433e31e9d1c,2026-04-16 16:00:00+00:00,US,USD,MBA 30-Year Mortgage Rate APR/03,2,,,
404b41e25434794a,2026-04-16 16:00:00+00:00,BE,EUR,Long TC Auction,2,,,
c4fca6cdd72e2ff2,2026-04-16 16:00:00+00:00,US,USD,MBA Mortgage Refinance Index APR/03,2,,946.4,
8317d51e3f8f55f9,2026-04-16 16:00:00+00:00,US,USD,MBA Mortgage Applications APR/03,2,,,
bff2a607771e5b06,2026-04-16 17:15:00+00:00,US,USD,ADP Employment Change Weekly,2,,,
754adbbc8ca22790,2026-04-16 17:30:00+00:00,US,USD,PCE Price Index MoM FEB,2,,,
fb2bf7340eccb222,2026-04-16 17:30:00+00:00,US,USD,Inflation Rate MoM MAR,2,,,
e08b1bacacaff905,2026-04-16 17:30:00+00:00,US,USD,Continuing Jobless Claims MAR/28,2,,,
3dcfce33c8f01f19,2026-04-16 17:30:00+00:00,US,USD,PPI MoM MAR,2,,,
8d593899bad58225,2026-04-16 17:30:00+00:00,US,USD,PCE Prices QoQ Final Q4,2,,,
4b1d165e9b335ff5,2026-04-16 17:30:00+00:00,US,USD,"PPI Ex Food, Energy and Trade YoY MAR",2,,,
a62c0fdd1fbaa447,2026-04-16 17:30:00+00:00,US,USD,Corporate Profits QoQ Q4,2,,,
93443bf6686e575f,2026-04-16 17:30:00+00:00,US,USD,Core PCE Price Index MoM FEB,2,,,
898dbe84d3552886,2026-04-16 17:30:00+00:00,US,USD,Manufacturing Payrolls MAR,2,,,
8b8c7304abbc408f,2026-04-16 17:30:00+00:00,US,USD,Durable Goods Orders Ex Transp MoM FEB,2,,,
e99ad57cec3c0660,2026-04-16 17:30:00+00:00,US,USD,GDP Price Index QoQ Final Q4,2,,,
d6f34669ebb23b01,2026-04-16 17:30:00+00:00,US,USD,Personal Income MoM FEB,2,,,
0d5a8437024bf098,2026-04-16 17:30:00+00:00,US,USD,Real Personal Spending MoM FEB,2,,,
b3e754b7f7bbf2b4,2026-04-16 17:30:00+00:00,US,USD,Average Weekly Hours MAR,2,34.3,34.3,34.2
2215c669f8d1cf41,2026-04-16 17:30:00+00:00,US,USD,Nonfarm Payrolls Private MAR,2,,,
9b06bcaa25792d25,2026-04-16 17:30:00+00:00,US,USD,Non Defense Goods Orders Ex Air FEB,2,,,
5693186944f59693,2026-04-16 17:30:00+00:00,US,USD,Average Hourly Earnings YoY MAR,2,,,
7398dee551ed1f5a,2026-04-16 17:30:00+00:00,US,USD,Real Consumer Spending QoQ Final Q4,2,,,
aa13b9ce96a259b9,2026-04-16 17:30:00+00:00,US,USD,GDP Growth Rate QoQ Final Q4,2,,,
6cee370cdc2abdc7,2026-04-16 17:30:00+00:00,US,USD,Inflation Rate YoY MAR,2,,,
ac5a6ba243a2c1f6,2026-04-16 17:30:00+00:00,US,USD,Core PCE Price Index YoY FEB,2,,,
7f0196682f71262b,2026-04-16 17:30:00+00:00,US,USD,Core Inflation Rate MoM MAR,2,,,
6321045e87d516bf,2026-04-16 17:30:00+00:00,US,USD,Jobless Claims 4-week Average APR/04,2,,,
a0dc97b4691d935e,2026-04-16 17:30:00+00:00,US,USD,CPI s.a MAR,2,330.1,327.46,
4ad15528d5bfcacc,2026-04-16 17:30:00+00:00,US,USD,Non Farm Payrolls MAR,2,,,
a95490a042b73ca1,2026-04-16 17:30:00+00:00,US,USD,PPI YoY MAR,2,,,
9d463770abbf7c86,2026-04-16 17:30:00+00:00,US,USD,Core PPI YoY MAR,2,,,
d4bda0c19fcd8447,2026-04-16 17:30:00+00:00,US,USD,U-6 Unemployment Rate MAR,2,,,
4a77ba880291d664,2026-04-16 17:30:00+00:00,US,USD,Durable Goods Orders ex Defense MoM FEB,2,,,
8bde23da9e16755e,2026-04-16 17:30:00+00:00,US,USD,Durable Goods Orders MoM FEB,2,,,
d831d63b6aececb0,2026-04-16 17:30:00+00:00,US,USD,GDP Sales QoQ Final Q4,2,,,
6cd6914d15cb68eb,2026-04-16 17:30:00+00:00,US,USD,Initial Jobless Claims APR/04,2,,,
6a0f3ea07cadc880,2026-04-16 17:30:00+00:00,US,USD,Core Inflation Rate YoY MAR,2,,,
b4bb87485413db4d,2026-04-16 17:30:00+00:00,US,USD,Unemployment Rate MAR,2,,,
c9e76a9f25846ad6,2026-04-16 17:30:00+00:00,US,USD,Core PPI MoM MAR,2,,,
eee634bbe93db89d,2026-04-16 17:30:00+00:00,US,USD,CPI MAR,2,329.7,326.79,
4def83c5f2898c94,2026-04-16 17:30:00+00:00,US,USD,Average Hourly Earnings MoM MAR,2,,,
54e6947a32c4a9b5,2026-04-16 17:30:00+00:00,US,USD,PCE Price Index YoY FEB,2,,,
1ea48860bbe90826,2026-04-16 17:30:00+00:00,US,USD,Government Payrolls MAR,2,,,
17fb008118feb0cd,2026-04-16 17:30:00+00:00,US,USD,"PPI Ex Food, Energy and Trade MoM MAR",2,,,
1544f2e4a45c725e,2026-04-16 17:30:00+00:00,US,USD,Personal Spending MoM FEB,2,,,
db37a9e9c9cc090c,2026-04-16 17:30:00+00:00,US,USD,PPI MAR,2,153.1,153.231,
abf13ee4f091cd48,2026-04-16 17:30:00+00:00,US,USD,Core PCE Prices QoQ Final Q4,2,,,
f1af060a421b911d,2026-04-16 17:30:00+00:00,US,USD,Participation Rate MAR,2,,,
fbc10b51ffd6f16b,2026-04-16 17:45:00+00:00,DE,EUR,Current Account FEB,2,,,
bbcfffa535312c33,2026-04-16 17:55:00+00:00,US,USD,Redbook YoY APR/04,2,,,
fe37defdf7fbc21f,2026-04-16 17:55:00+00:00,US,USD,Redbook YoY APR/11,2,,,
418c1b44d793ead3,2026-04-16 18:00:00+00:00,US,USD,Used Car Prices YoY MAR,2,,,
32b7070da1221f83,2026-04-16 18:00:00+00:00,FR,EUR,12-Month BTF Auction,2,,,
443291fd3c0635a9,2026-04-16 18:00:00+00:00,FR,EUR,3-Month BTF Auction,2,,,
06727601e554c60f,2026-04-16 18:00:00+00:00,FR,EUR,6-Month BTF Auction,2,,,
8de738f4866ad2b6,2026-04-16 18:00:00+00:00,US,USD,Used Car Prices MoM MAR,2,,,
16395f8874fc49fa,2026-04-16 18:20:00+00:00,US,USD,NY Fed Bill Purchases 1 to 4 months,2,,,
81859e6d664c27b0,2026-04-16 18:45:00+00:00,US,USD,S&P Global Services PMI Final MAR,2,51.1,51.7,49.8
ab48cae7544bfef4,2026-04-16 18:45:00+00:00,US,USD,S&P Global Composite PMI Final MAR,2,51.4,51.9,50.3
e123eb35c9647b79,2026-04-16 19:00:00+00:00,US,USD,Factory Orders ex Transportation FEB,2,,,
4c3ecafd76960a8f,2026-04-16 19:00:00+00:00,US,USD,ISM Services Prices MAR,2,70.0,63.0,
7f6eda939691514a,2026-04-16 19:00:00+00:00,US,USD,Factory Orders MoM FEB,2,,,
57f1ca6e3c5ad45a,2026-04-16 19:00:00+00:00,US,USD,Michigan 5 Year Inflation Expectations Prel APR,2,,,
44b979a24fe3a502,2026-04-16 19:00:00+00:00,US,USD,ISM Services New Orders MAR,2,57.6,58.6,
46cdd970369b8406,2026-04-16 19:00:00+00:00,US,USD,ISM Services Employment MAR,2,51.7,51.8,
65762ae798278c3b,2026-04-16 19:00:00+00:00,US,USD,Michigan Consumer Expectations Prel APR,2,51.0,51.7,
459c2781633dbc9f,2026-04-16 19:00:00+00:00,US,USD,Existing Home Sales MoM MAR,2,,,
d8426a357a0a8002,2026-04-16 19:00:00+00:00,US,USD,ISM Services PMI MAR,2,54.0,56.1,
d7a2c7bec5e31e32,2026-04-16 19:00:00+00:00,US,USD,Existing Home Sales MAR,2,,,
6320590d1c317f89,2026-04-16 19:00:00+00:00,US,USD,Wholesale Inventories MoM FEB,2,,,
1b72a8c8d2e5b490,2026-04-16 19:00:00+00:00,US,USD,ISM Services Business Activity MAR,2,58.0,59.9,
dd33d9e169d355d8,2026-04-16 19:00:00+00:00,US,USD,Michigan Current Conditions Prel APR,2,55.0,55.8,
5312dc7dc5ee56ee,2026-04-16 19:00:00+00:00,US,USD,Michigan Consumer Sentiment Prel APR,2,52.9,53.3,
ada7fe262fb40cf9,2026-04-16 19:00:00+00:00,US,USD,Michigan Inflation Expectations Prel APR,2,,,
f8d1ab28e857537c,2026-04-16 19:10:00+00:00,US,USD,RCM/TIPP Economic Optimism Index APR,2,47.0,47.5,
682e9c69e46b3765,2026-04-16 19:30:00+00:00,US,USD,EIA Distillate Fuel Production Change APR/03,2,,,
e62a7230c88febee,2026-04-16 19:30:00+00:00,US,USD,EIA Cushing Crude Oil Stocks Change APR/03,2,,,
f80385326176f3d0,2026-04-16 19:30:00+00:00,US,USD,EIA Heating Oil Stocks Change APR/03,2,,,
c12628a5a3b09212,2026-04-16 19:30:00+00:00,US,USD,EIA Distillate Stocks Change APR/03,2,,,
5772c704d2f65a93,2026-04-16 19:30:00+00:00,US,USD,EIA Refinery Crude Runs Change APR/03,2,,,
5eea86acee828ae5,2026-04-16 19:30:00+00:00,US,USD,EIA Crude Oil Stocks Change APR/03,2,,,
333cbf2faae0d274,2026-04-16 19:30:00+00:00,US,USD,EIA Natural Gas Stocks Change APR/03,2,,,
dfdce1575cfbd177,2026-04-16 19:30:00+00:00,US,USD,EIA Gasoline Stocks Change APR/03,2,,,
094527189e273514,2026-04-16 19:30:00+00:00,US,USD,EIA Gasoline Production Change APR/03,2,,,
785e508063eb96f5,2026-04-16 19:30:00+00:00,US,USD,EIA Crude Oil Imports Change APR/03,2,,,
0fa0f124479e2872,2026-04-16 20:00:00+00:00,US,USD,Consumer Inflation Expectations MAR,2,,,
ed71a29016e11d3d,2026-04-16 20:30:00+00:00,US,USD,4-Week Bill Auction,2,,,
333e085db7d2aba5,2026-04-16 20:30:00+00:00,US,USD,17-Week Bill Auction,2,,,
2d841b16db97c4a8,2026-04-16 20:30:00+00:00,US,USD,8-Week Bill Auction,2,,,
d0568279ce984b08,2026-04-16 20:30:00+00:00,US,USD,3-Month Bill Auction,2,,,
19fe1d14b6ecd805,2026-04-16 20:30:00+00:00,US,USD,6-Month Bill Auction,2,,,
27c1bf5f03705ee0,2026-04-16 21:00:00+00:00,US,USD,15-Year Mortgage Rate APR/09,2,,,
e994b45b92a028dc,2026-04-16 21:00:00+00:00,US,USD,WASDE Report,2,,,
b7b7dc1c0d13e53f,2026-04-16 21:00:00+00:00,US,USD,30-Year Mortgage Rate APR/09,2,,,
be0744dc01f4c182,2026-04-16 21:35:00+00:00,US,USD,Fed Goolsbee Speech,2,,,
a936c9ea87b47bf5,2026-04-16 22:00:00+00:00,US,USD,10-Year Note Auction,2,,,
49790662aae91068,2026-04-16 22:00:00+00:00,US,USD,Baker Hughes Total Rigs Count APR/10,2,,548.0,
3559624d638623fb,2026-04-16 22:00:00+00:00,US,USD,3-Year Note Auction,2,,,
26b24d031a9358c7,2026-04-16 22:00:00+00:00,US,USD,30-Year Bond Auction,2,,,
4c5e8ba361e9a91c,2026-04-16 22:00:00+00:00,US,USD,Baker Hughes Oil Rig Count APR/10,2,,411.0,
f65baa3392255f54,2026-04-16 23:00:00+00:00,US,USD,FOMC Minutes,2,,,
0968235e2761575b,2026-04-16 23:00:00+00:00,US,USD,Monthly Budget Statement MAR,2,,,
18e71baeb376e23b,2026-04-17 00:00:00+00:00,US,USD,Consumer Credit Change FEB,2,,,
7bb652b28f2045de,2026-04-17 01:30:00+00:00,US,USD,Fed Balance Sheet APR/08,2,,,
7843b2da4ddc04e3,2026-04-17 01:30:00+00:00,US,USD,API Crude Oil Stock Change APR/03,2,,,
c2ddcbd48a043990,2026-04-17 02:50:00+00:00,US,USD,Fed Jefferson Speech,2,,,
144f3627884e3a18,2026-04-17 11:00:00+00:00,DE,EUR,Harmonised Inflation Rate YoY Final MAR,2,,,
fea83d4546d8a262,2026-04-17 11:00:00+00:00,DE,EUR,Wholesale Prices MoM MAR,2,,,
b0038a5d94147cb0,2026-04-17 11:00:00+00:00,DE,EUR,Inflation Rate YoY Final MAR,2,,,
aa8d198954906111,2026-04-17 11:00:00+00:00,DE,EUR,Industrial Production MoM FEB,2,,,
78100154e501d2d6,2026-04-17 11:00:00+00:00,DE,EUR,Wholesale Prices YoY MAR,2,,,
fb66db677da3b247,2026-04-17 11:00:00+00:00,DE,EUR,Exports MoM FEB,2,,,
4fd25b6728afcc87,2026-04-17 11:00:00+00:00,DE,EUR,Balance of Trade FEB,2,,,
b8bd401bcbc994f8,2026-04-17 11:00:00+00:00,DE,EUR,Inflation Rate MoM Final MAR,2,,,
fd9779fa39ec46b0,2026-04-17 11:00:00+00:00,DE,EUR,Factory Orders MoM FEB,2,,,
6316474cc77a059f,2026-04-17 11:00:00+00:00,DE,EUR,Harmonised Inflation Rate MoM Final MAR,2,,,
28bee5ccf994a305,2026-04-17 11:00:00+00:00,DE,EUR,Imports MoM FEB,2,,,
ca9e2ef1df6659c5,2026-04-17 11:45:00+00:00,FR,EUR,Current Account FEB,2,,,
2a61aae0caa1551e,2026-04-17 11:45:00+00:00,FR,EUR,Foreign Exchange Reserves MAR,2,,,
a95236d894acb5ec,2026-04-17 11:45:00+00:00,FR,EUR,Imports FEB,2,,,
0750f98ef7a5b41d,2026-04-17 11:45:00+00:00,FR,EUR,Exports FEB,2,,,
119f0faffa97ab0a,2026-04-17 11:45:00+00:00,FR,EUR,Balance of Trade FEB,2,,,
237c5dd10ad57f7f,2026-04-17 12:00:00+00:00,ES,EUR,Inflation Rate MoM Final MAR,2,,,
16ed11deb7e4f8ee,2026-04-17 12:00:00+00:00,ES,EUR,Core Inflation Rate YoY Final MAR,2,,,
7f17f537ad92d3d5,2026-04-17 12:00:00+00:00,ES,EUR,Harmonised Inflation Rate MoM Final MAR,2,,,
b945e8fa7cb2aa61,2026-04-17 12:00:00+00:00,ES,EUR,Harmonised Inflation Rate YoY Final MAR,2,,,
95c861a0b9cad3c6,2026-04-17 12:00:00+00:00,ES,EUR,Inflation Rate YoY Final MAR,2,,,
037d32d214a39f52,2026-04-17 12:00:00+00:00,ES,EUR,Unemployment Change MAR,2,,,
1d734dfe31277a7f,2026-04-17 12:00:00+00:00,ES,EUR,Industrial Production YoY FEB,2,,,
384d7d12204f0457,2026-04-17 12:15:00+00:00,ES,EUR,S&P Global Services PMI MAR,2,51.5,51.9,
6a52fe5293da5fde,2026-04-17 12:15:00+00:00,ES,EUR,S&P Global Composite PMI MAR,2,51.3,51.5,
7b10264f1420e096,2026-04-17 12:30:00+00:00,IT,EUR,HCOB Construction PMI MAR,2,50.6,50.4,
d0c742c5cb24c391,2026-04-17 12:45:00+00:00,IT,EUR,S&P Global Services PMI MAR,2,51.4,52.3,
67f67f5ad46d2471,2026-04-17 12:45:00+00:00,IT,EUR,S&P Global Composite PMI MAR,2,51.5,52.1,
a32b4a6c45871b05,2026-04-17 12:50:00+00:00,FR,EUR,S&P Global Services PMI Final MAR,2,48.3,49.6,
a6cd057477261f08,2026-04-17 12:50:00+00:00,FR,EUR,S&P Global Composite PMI Final MAR,2,48.3,49.9,
2ad10d9200f9f7dc,2026-04-17 12:55:00+00:00,DE,EUR,S&P Global Composite PMI Final MAR,2,51.9,53.2,
91d7f717757a6d8b,2026-04-17 12:55:00+00:00,DE,EUR,S&P Global Services PMI Final MAR,2,51.2,53.5,
f966f9c1c98e1db8,2026-04-17 13:00:00+00:00,IT,EUR,Industrial Production YoY FEB,2,,,
6da9878042319e07,2026-04-17 13:00:00+00:00,IT,EUR,Industrial Production MoM FEB,2,,,
b235beb7c6153c8d,2026-04-17 13:40:00+00:00,ES,EUR,12-Month Letras Auction,2,,,
bd86d33607870a6c,2026-04-17 13:40:00+00:00,ES,EUR,5-Year Bonos Auction,2,,,
220ad8eebedc5b0e,2026-04-17 13:40:00+00:00,ES,EUR,3-Month Letras Auction,2,,,
bb87d7922aeb3e99,2026-04-17 13:40:00+00:00,ES,EUR,10-Year Obligacion Auction,2,,,
051ffd7bc2a9a5c2,2026-04-17 13:40:00+00:00,ES,EUR,6-Month Letras Auction,2,,,
b27db8261b8f41ec,2026-04-17 13:40:00+00:00,ES,EUR,10-Year Index-Linked Obligacion Auction,2,,,
349342d628cc3f9e,2026-04-17 13:40:00+00:00,ES,EUR,9-Month Letras Auction,2,,,
d9e9d9627f9557ab,2026-04-17 13:40:00+00:00,ES,EUR,3-Year Bonos Auction,2,,,
12dd248c0ad9d4a9,2026-04-17 14:00:00+00:00,FR,EUR,IEA Oil Market Report,2,,,
0ebc48c05730970c,2026-04-17 14:10:00+00:00,IT,EUR,BTP Auction,2,,,
f3b170017cc1253a,2026-04-17 14:10:00+00:00,IT,EUR,12-Month BOT Auction,2,,,
885d9c0de1414f53,2026-04-17 14:30:00+00:00,DE,EUR,10-Year Bund/g Auction,2,,,
5071452820e1319b,2026-04-17 14:30:00+00:00,DE,EUR,12-Month Bubill Auction,2,,,
f619623563230f85,2026-04-17 14:30:00+00:00,DE,EUR,30-Year Bund/g Auction,2,,,
0e1bfb92d6e1dd25,2026-04-17 14:30:00+00:00,DE,EUR,10-Year Bund Auction,2,,,
fc786f7e8756c0ee,2026-04-17 14:30:00+00:00,DE,EUR,5-Year Bobl Auction,2,,,
8860d0524b9a1c21,2026-04-17 15:00:00+00:00,DE,EUR,New Car Registrations YoY MAR,2,,,
226689da33bc19ef,2026-04-17 15:00:00+00:00,US,USD,NFIB Business Optimism Index MAR,2,97.0,98.8,
9e3ce6c52eafbd17,2026-04-17 15:00:00+00:00,US,USD,LMI Logistics Managers Index MAR,2,,61.5,
555b6aee00345e48,2026-04-17 15:10:00+00:00,EU,EUR,3-Month Bill Auction,2,,,
a12f9c6d716b2037,2026-04-17 15:10:00+00:00,EU,EUR,6-Month Bill Auction,2,,,
56f225c8e61897d5,2026-04-17 15:10:00+00:00,EU,EUR,12-Month Bill Auction,2,,,
b59e45a5a81831d2,2026-04-17 16:00:00+00:00,US,USD,MBA Mortgage Applications APR/03,2,,,
ab262af766f20a75,2026-04-17 16:00:00+00:00,US,USD,MBA Mortgage Refinance Index APR/03,2,,946.4,
564b81c58b9dcc42,2026-04-17 16:00:00+00:00,US,USD,MBA Purchase Index APR/03,2,,159.4,
5460454ea26de1e0,2026-04-17 16:00:00+00:00,US,USD,MBA 30-Year Mortgage Rate APR/03,2,,,
c4088362f40f2948,2026-04-17 16:00:00+00:00,US,USD,MBA Mortgage Market Index APR/03,2,,278.3,
03c132879429eb05,2026-04-17 17:15:00+00:00,US,USD,ADP Employment Change Weekly,2,,,
166a2dd0e24ee32e,2026-04-17 17:30:00+00:00,US,USD,PPI MAR,2,153.1,153.231,
f7d326c4b83b28fc,2026-04-17 17:30:00+00:00,US,USD,Real Consumer Spending QoQ Final Q4,2,,,
c39cbf3d0844cdf9,2026-04-17 17:30:00+00:00,US,USD,Real Personal Spending MoM FEB,2,,,
4425798493d00abe,2026-04-17 17:30:00+00:00,US,USD,Durable Goods Orders ex Defense MoM FEB,2,,,
fee800506292fc44,2026-04-17 17:30:00+00:00,US,USD,Non Defense Goods Orders Ex Air FEB,2,,,
ae14ccacec396e91,2026-04-17 17:30:00+00:00,US,USD,Jobless Claims 4-week Average APR/04,2,,,
811c0886d4e0a082,2026-04-17 17:30:00+00:00,US,USD,PCE Price Index MoM FEB,2,,,
02d18fb002e52ee6,2026-04-17 17:30:00+00:00,US,USD,CPI s.a MAR,2,330.1,327.46,
cd3ff97cc1ade6ad,2026-04-17 17:30:00+00:00,US,USD,Durable Goods Orders Ex Transp MoM FEB,2,,,
01bb48f0c86c3d6d,2026-04-17 17:30:00+00:00,US,USD,"PPI Ex Food, Energy and Trade MoM MAR",2,,,
4bf5617dc85d6fad,2026-04-17 17:30:00+00:00,US,USD,Personal Spending MoM FEB,2,,,
ae401bf688df5ba3,2026-04-17 17:30:00+00:00,US,USD,Core PCE Price Index YoY FEB,2,,,
0f3825594b2b516f,2026-04-17 17:30:00+00:00,US,USD,Core PPI MoM MAR,2,,,
c222bc3bcf320a35,2026-04-17 17:30:00+00:00,US,USD,Core PPI YoY MAR,2,,,
bbd4cf7344eb1296,2026-04-17 17:30:00+00:00,US,USD,Inflation Rate YoY MAR,2,,,
3143c890654aa741,2026-04-17 17:30:00+00:00,US,USD,PPI YoY MAR,2,,,
20d0c99fd157f892,2026-04-17 17:30:00+00:00,US,USD,GDP Sales QoQ Final Q4,2,,,
5899d8a2c4d9af0e,2026-04-17 17:30:00+00:00,US,USD,PPI MoM MAR,2,,,
683277bb48e6fa51,2026-04-17 17:30:00+00:00,US,USD,GDP Growth Rate QoQ Final Q4,2,,,
5c6f751f5ce505ef,2026-04-17 17:30:00+00:00,US,USD,Personal Income MoM FEB,2,,,
02ed78bbd57194d1,2026-04-17 17:30:00+00:00,US,USD,PCE Prices QoQ Final Q4,2,,,
50e8da2e04ceca8f,2026-04-17 17:30:00+00:00,US,USD,Core PCE Price Index MoM FEB,2,,,
fd4d6283689d4a2c,2026-04-17 17:30:00+00:00,US,USD,Durable Goods Orders MoM FEB,2,,,
1170f84f849133bd,2026-04-17 17:30:00+00:00,US,USD,GDP Price Index QoQ Final Q4,2,,,
3e0a84531067529a,2026-04-17 17:30:00+00:00,US,USD,Corporate Profits QoQ Q4,2,,,
88cff2650d8cb3f5,2026-04-17 17:30:00+00:00,US,USD,Core Inflation Rate MoM MAR,2,,,
456173a1dd8166fc,2026-04-17 17:30:00+00:00,US,USD,Inflation Rate MoM MAR,2,,,
f070fd7201847395,2026-04-17 17:30:00+00:00,US,USD,Core Inflation Rate YoY MAR,2,,,
13150004f17f611c,2026-04-17 17:30:00+00:00,US,USD,Core PCE Prices QoQ Final Q4,2,,,
3f832820280b89c1,2026-04-17 17:30:00+00:00,US,USD,CPI MAR,2,329.7,326.79,
89be5d52ca81d8ec,2026-04-17 17:30:00+00:00,US,USD,Continuing Jobless Claims MAR/28,2,,,
94ec0249d944044c,2026-04-17 17:30:00+00:00,US,USD,PCE Price Index YoY FEB,2,,,
7c2b3db690210d5f,2026-04-17 17:30:00+00:00,US,USD,"PPI Ex Food, Energy and Trade YoY MAR",2,,,
b10b779bba495561,2026-04-17 17:30:00+00:00,US,USD,Initial Jobless Claims APR/04,2,,,
6688d6763d49d241,2026-04-17 17:45:00+00:00,DE,EUR,Current Account FEB,2,,,
c0ebbb40503a4eeb,2026-04-17 17:55:00+00:00,US,USD,Redbook YoY APR/11,2,,,
c500498821f75831,2026-04-17 17:55:00+00:00,US,USD,Redbook YoY APR/04,2,,,
75fc37dd991fb86e,2026-04-17 18:00:00+00:00,FR,EUR,3-Month BTF Auction,2,,,
33428b500044e76d,2026-04-17 18:00:00+00:00,US,USD,Used Car Prices MoM MAR,2,,,
cb8e9a3771ca2332,2026-04-17 18:00:00+00:00,FR,EUR,12-Month BTF Auction,2,,,
7e5c9c8c0e581afb,2026-04-17 18:00:00+00:00,US,USD,Used Car Prices YoY MAR,2,,,
2f234649281d505a,2026-04-17 18:00:00+00:00,FR,EUR,6-Month BTF Auction,2,,,
a35b0a0dd2130e55,2026-04-17 18:20:00+00:00,US,USD,NY Fed Bill Purchases 1 to 4 months,2,,,
72110031037cf371,2026-04-17 19:00:00+00:00,US,USD,Factory Orders ex Transportation FEB,2,,,
20d4c566fd85af9c,2026-04-17 19:00:00+00:00,US,USD,ISM Services PMI MAR,2,54.0,56.1,
2f46c570f42e1d43,2026-04-17 19:00:00+00:00,US,USD,Existing Home Sales MoM MAR,2,,,
ad4ab70d01a38886,2026-04-17 19:00:00+00:00,US,USD,Michigan Current Conditions Prel APR,2,55.0,55.8,
175d896cc765298b,2026-04-17 19:00:00+00:00,US,USD,ISM Services Business Activity MAR,2,58.0,59.9,
47bc8bdb0ab0145c,2026-04-17 19:00:00+00:00,US,USD,Michigan Inflation Expectations Prel APR,2,,,
5bdb907f05fa1ebf,2026-04-17 19:00:00+00:00,US,USD,Michigan Consumer Sentiment Prel APR,2,52.9,53.3,
ca98c03375f66a53,2026-04-17 19:00:00+00:00,US,USD,ISM Services New Orders MAR,2,57.6,58.6,
80196cf2507e18be,2026-04-17 19:00:00+00:00,US,USD,ISM Services Employment MAR,2,51.7,51.8,
8f92caa7bb31d457,2026-04-17 19:00:00+00:00,US,USD,Existing Home Sales MAR,2,,,
5d5f7255f6a12166,2026-04-17 19:00:00+00:00,US,USD,Michigan Consumer Expectations Prel APR,2,51.0,51.7,
fe21d95dd770b949,2026-04-17 19:00:00+00:00,US,USD,ISM Services Prices MAR,2,70.0,63.0,
c8df7507471f2fd4,2026-04-17 19:00:00+00:00,US,USD,Factory Orders MoM FEB,2,,,
f29d9a483096cdb9,2026-04-17 19:00:00+00:00,US,USD,Wholesale Inventories MoM FEB,2,,,
1adb6b54ba95785f,2026-04-17 19:00:00+00:00,US,USD,Michigan 5 Year Inflation Expectations Prel APR,2,,,
69dbd9f6ce3e8f9d,2026-04-17 19:10:00+00:00,US,USD,RCM/TIPP Economic Optimism Index APR,2,47.0,47.5,
fb80dd0158bbe4ae,2026-04-17 19:30:00+00:00,US,USD,EIA Gasoline Production Change APR/03,2,,,
9781fb2225b9c381,2026-04-17 19:30:00+00:00,US,USD,EIA Cushing Crude Oil Stocks Change APR/03,2,,,
14857d3626448af8,2026-04-17 19:30:00+00:00,US,USD,EIA Refinery Crude Runs Change APR/03,2,,,
b43a04894770e2a4,2026-04-17 19:30:00+00:00,US,USD,EIA Heating Oil Stocks Change APR/03,2,,,
6e1601b0d1fc4995,2026-04-17 19:30:00+00:00,US,USD,EIA Gasoline Stocks Change APR/03,2,,,
ac19e82ec3871c0e,2026-04-17 19:30:00+00:00,US,USD,EIA Natural Gas Stocks Change APR/03,2,,,
59f2ffa96fb3253b,2026-04-17 19:30:00+00:00,US,USD,EIA Crude Oil Stocks Change APR/03,2,,,
ebded9a4fe28dac4,2026-04-17 19:30:00+00:00,US,USD,EIA Distillate Stocks Change APR/03,2,,,
5026daae2a35ce52,2026-04-17 19:30:00+00:00,US,USD,EIA Crude Oil Imports Change APR/03,2,,,
e569252db65d75dd,2026-04-17 19:30:00+00:00,US,USD,EIA Distillate Fuel Production Change APR/03,2,,,
8f1cc3209a4a170b,2026-04-17 20:00:00+00:00,US,USD,Consumer Inflation Expectations MAR,2,,,
f35ff1d8aa78742b,2026-04-17 20:30:00+00:00,US,USD,17-Week Bill Auction,2,,,
55e2c197a48bf0c0,2026-04-17 20:30:00+00:00,US,USD,6-Month Bill Auction,2,,,
5b7e5a7f2c573b6b,2026-04-17 20:30:00+00:00,US,USD,8-Week Bill Auction,2,,,
bbac241cf320e3be,2026-04-17 20:30:00+00:00,US,USD,4-Week Bill Auction,2,,,
23c6e2bcfbd137ed,2026-04-17 20:30:00+00:00,US,USD,3-Month Bill Auction,2,,,
c8af55b3ff9a0f11,2026-04-17 21:00:00+00:00,US,USD,15-Year Mortgage Rate APR/09,2,,,
0649293724550225,2026-04-17 21:00:00+00:00,US,USD,30-Year Mortgage Rate APR/09,2,,,
5bcbe30b81f45fd8,2026-04-17 21:00:00+00:00,US,USD,WASDE Report,2,,,
b96cc4da8d1918b4,2026-04-17 21:35:00+00:00,US,USD,Fed Goolsbee Speech,2,,,
5692f290163dd119,2026-04-17 22:00:00+00:00,US,USD,3-Year Note Auction,2,,,
1987f95bfd2a9317,2026-04-17 22:00:00+00:00,US,USD,Baker Hughes Total Rigs Count APR/10,2,,548.0,
b62b3e5fed126b0b,2026-04-17 22:00:00+00:00,US,USD,10-Year Note Auction,2,,,
a47eae206c9d9454,2026-04-17 22:00:00+00:00,US,USD,Baker Hughes Oil Rig Count APR/10,2,,411.0,
3dd5df1fe6b6e26a,2026-04-17 22:00:00+00:00,US,USD,30-Year Bond Auction,2,,,
f2a9bc0fb195b401,2026-04-17 23:00:00+00:00,US,USD,Monthly Budget Statement MAR,2,,,
a5a5a150953c6c12,2026-04-17 23:00:00+00:00,US,USD,FOMC Minutes,2,,,
c506994d7ed84ef1,2026-04-18 00:00:00+00:00,US,USD,Consumer Credit Change FEB,2,,,
9bb76565c1459c8f,2026-04-18 01:30:00+00:00,US,USD,Fed Balance Sheet APR/08,2,,,
1bed1c5241634534,2026-04-18 01:30:00+00:00,US,USD,API Crude Oil Stock Change APR/03,2,,,
7a16759a00fe1d10,2026-04-18 02:50:00+00:00,US,USD,Fed Jefferson Speech,2,,,
