time_utc,mode,strategy,symbol,action,event_id,detail,policy
2026-03-17T01:29:48.126443+00:00,LIVE,donchian_nylondon,EURUSD,calendar_refresh,,events=0,"{""decision_threshold"": 0.6600000000000001, ""no_trade_band"": 0.0}"
2026-03-17T01:29:48.134487+00:00,LIVE,donchian_nylondon,EURUSD,no_upcoming_events,,calendar_empty_after_filter,"{""decision_threshold"": 0.6600000000000001, ""no_trade_band"": 0.0}"
2026-03-17T01:30:42.725019+00:00,LIVE,donchian_nylondon,EURUSD,calendar_refresh,,events=0,"{""decision_threshold"": 0.6600000000000001, ""no_trade_band"": 0.0}"
2026-03-17T01:30:42.732577+00:00,LIVE,donchian_nylondon,EURUSD,no_upcoming_events,,calendar_empty_after_filter,"{""decision_threshold"": 0.6600000000000001, ""no_trade_band"": 0.0}"
2026-03-17T01:33:06.916577+00:00,LIVE,donchian_nylondon,EURUSD,calendar_refresh,,events=0,"{""decision_threshold"": 0.6600000000000001, ""no_trade_band"": 0.0}"
2026-03-17T01:33:06.920618+00:00,LIVE,donchian_nylondon,EURUSD,no_upcoming_events,,calendar_empty_after_filter,"{""decision_threshold"": 0.6600000000000001, ""no_trade_band"": 0.0}"
2026-03-17T01:35:28.283246+00:00,LIVE,donchian_nylondon,EURUSD,calendar_refresh,,events=0,"{""decision_threshold"": 0.6600000000000001, ""no_trade_band"": 0.0}"
2026-03-17T01:35:28.287324+00:00,LIVE,donchian_nylondon,EURUSD,no_upcoming_events,,calendar_empty_after_filter,"{""decision_threshold"": 0.6600000000000001, ""no_trade_band"": 0.0}"
2026-03-17T01:36:16.957761+00:00,LIVE,donchian_nylondon,EURUSD,calendar_refresh,,events=0,"{""decision_threshold"": 0.6600000000000001, ""no_trade_band"": 0.0}"
2026-03-17T01:36:16.977452+00:00,LIVE,donchian_nylondon,EURUSD,no_upcoming_events,,calendar_empty_after_filter,"{""decision_threshold"": 0.6600000000000001, ""no_trade_band"": 0.0}"
2026-03-17T01:38:37.796729+00:00,LIVE,donchian_nylondon,EURUSD,calendar_refresh,,events=0,"{""decision_threshold"": 0.6600000000000001, ""no_trade_band"": 0.0}"
2026-03-17T01:38:37.800041+00:00,LIVE,donchian_nylondon,EURUSD,no_upcoming_events,,calendar_empty_after_filter,"{""decision_threshold"": 0.6600000000000001, ""no_trade_band"": 0.0}"
2026-03-17T01:39:37.393162+00:00,LIVE,donchian_nylondon,EURUSD,calendar_refresh,,events=0,"{""decision_threshold"": 0.6600000000000001, ""no_trade_band"": 0.0}"
2026-03-17T01:39:37.398155+00:00,LIVE,donchian_nylondon,EURUSD,no_upcoming_events,,calendar_empty_after_filter,"{""decision_threshold"": 0.6600000000000001, ""no_trade_band"": 0.0}"
2026-03-17T01:41:58.811749+00:00,LIVE,donchian_nylondon,EURUSD,calendar_refresh,,events=0,"{""decision_threshold"": 0.6600000000000001, ""no_trade_band"": 0.0}"
2026-03-17T01:41:58.814758+00:00,LIVE,donchian_nylondon,EURUSD,no_upcoming_events,,calendar_empty_after_filter,"{""decision_threshold"": 0.6600000000000001, ""no_trade_band"": 0.0}"
2026-03-17T01:44:19.958197+00:00,LIVE,donchian_nylondon,EURUSD,calendar_refresh,,events=0,"{""decision_threshold"": 0.6600000000000001, ""no_trade_band"": 0.0}"
2026-03-17T01:44:19.962926+00:00,LIVE,donchian_nylondon,EURUSD,no_upcoming_events,,calendar_empty_after_filter,"{""decision_threshold"": 0.6600000000000001, ""no_trade_band"": 0.0}"
2026-03-17T11:06:26.347819+00:00,LIVE,donchian_nylondon,EURUSD,calendar_refresh,,events=0,"{""decision_threshold"": 0.6600000000000001, ""no_trade_band"": 0.0}"
2026-03-17T11:06:26.358665+00:00,LIVE,donchian_nylondon,EURUSD,no_upcoming_events,,calendar_empty_after_filter,"{""decision_threshold"": 0.6600000000000001, ""no_trade_band"": 0.0}"
2026-03-17T11:08:50.939274+00:00,LIVE,donchian_nylondon,EURUSD,calendar_refresh,,events=0,"{""decision_threshold"": 0.6600000000000001, ""no_trade_band"": 0.0}"
2026-03-17T11:08:50.944258+00:00,LIVE,donchian_nylondon,EURUSD,no_upcoming_events,,calendar_empty_after_filter,"{""decision_threshold"": 0.6600000000000001, ""no_trade_band"": 0.0}"
2026-03-17T11:11:16.320497+00:00,LIVE,donchian_nylondon,EURUSD,calendar_refresh,,events=0,"{""decision_threshold"": 0.6600000000000001, ""no_trade_band"": 0.0}"
2026-03-17T11:11:16.327350+00:00,LIVE,donchian_nylondon,EURUSD,no_upcoming_events,,calendar_empty_after_filter,"{""decision_threshold"": 0.6600000000000001, ""no_trade_band"": 0.0}"
2026-03-17T11:13:36.384981+00:00,LIVE,donchian_nylondon,EURUSD,calendar_refresh,,events=0,"{""decision_threshold"": 0.6600000000000001, ""no_trade_band"": 0.0}"
2026-03-17T11:13:36.387991+00:00,LIVE,donchian_nylondon,EURUSD,no_upcoming_events,,calendar_empty_after_filter,"{""decision_threshold"": 0.6600000000000001, ""no_trade_band"": 0.0}"
2026-03-17T11:15:57.255274+00:00,LIVE,donchian_nylondon,EURUSD,calendar_refresh,,events=0,"{""decision_threshold"": 0.6600000000000001, ""no_trade_band"": 0.0}"
2026-03-17T11:15:57.259285+00:00,LIVE,donchian_nylondon,EURUSD,no_upcoming_events,,calendar_empty_after_filter,"{""decision_threshold"": 0.6600000000000001, ""no_trade_band"": 0.0}"
2026-03-17T11:18:16.792845+00:00,LIVE,donchian_nylondon,EURUSD,calendar_refresh,,events=0,"{""decision_threshold"": 0.6600000000000001, ""no_trade_band"": 0.0}"
2026-03-17T11:18:16.795861+00:00,LIVE,donchian_nylondon,EURUSD,no_upcoming_events,,calendar_empty_after_filter,"{""decision_threshold"": 0.6600000000000001, ""no_trade_band"": 0.0}"
2026-03-17T11:20:37.958794+00:00,LIVE,donchian_nylondon,EURUSD,calendar_refresh,,events=0,"{""decision_threshold"": 0.6600000000000001, ""no_trade_band"": 0.0}"
2026-03-17T11:20:37.961786+00:00,LIVE,donchian_nylondon,EURUSD,no_upcoming_events,,calendar_empty_after_filter,"{""decision_threshold"": 0.6600000000000001, ""no_trade_band"": 0.0}"
2026-03-17T11:22:58.646785+00:00,LIVE,donchian_nylondon,EURUSD,calendar_refresh,,events=0,"{""decision_threshold"": 0.6600000000000001, ""no_trade_band"": 0.0}"
2026-03-17T11:22:58.650205+00:00,LIVE,donchian_nylondon,EURUSD,no_upcoming_events,,calendar_empty_after_filter,"{""decision_threshold"": 0.6600000000000001, ""no_trade_band"": 0.0}"
2026-03-17T11:25:18.879179+00:00,LIVE,donchian_nylondon,EURUSD,calendar_refresh,,events=0,"{""decision_threshold"": 0.6600000000000001, ""no_trade_band"": 0.0}"
2026-03-17T11:25:18.882196+00:00,LIVE,donchian_nylondon,EURUSD,no_upcoming_events,,calendar_empty_after_filter,"{""decision_threshold"": 0.6600000000000001, ""no_trade_band"": 0.0}"
2026-03-17T11:27:39.566238+00:00,LIVE,donchian_nylondon,EURUSD,calendar_refresh,,events=0,"{""decision_threshold"": 0.6600000000000001, ""no_trade_band"": 0.0}"
2026-03-17T11:27:39.569239+00:00,LIVE,donchian_nylondon,EURUSD,no_upcoming_events,,calendar_empty_after_filter,"{""decision_threshold"": 0.6600000000000001, ""no_trade_band"": 0.0}"
2026-03-17T11:30:01.036383+00:00,LIVE,donchian_nylondon,EURUSD,calendar_refresh,,events=0,"{""decision_threshold"": 0.6600000000000001, ""no_trade_band"": 0.0}"
2026-03-17T11:30:01.039374+00:00,LIVE,donchian_nylondon,EURUSD,no_upcoming_events,,calendar_empty_after_filter,"{""decision_threshold"": 0.6600000000000001, ""no_trade_band"": 0.0}"
2026-03-17T11:32:20.548413+00:00,LIVE,donchian_nylondon,EURUSD,calendar_refresh,,events=0,"{""decision_threshold"": 0.6600000000000001, ""no_trade_band"": 0.0}"
2026-03-17T11:32:20.552412+00:00,LIVE,donchian_nylondon,EURUSD,no_upcoming_events,,calendar_empty_after_filter,"{""decision_threshold"": 0.6600000000000001, ""no_trade_band"": 0.0}"
2026-03-17T11:34:39.570875+00:00,LIVE,donchian_nylondon,EURUSD,calendar_refresh,,events=0,"{""decision_threshold"": 0.6600000000000001, ""no_trade_band"": 0.0}"
2026-03-17T11:34:39.574883+00:00,LIVE,donchian_nylondon,EURUSD,no_upcoming_events,,calendar_empty_after_filter,"{""decision_threshold"": 0.6600000000000001, ""no_trade_band"": 0.0}"
2026-03-17T11:36:58.950293+00:00,LIVE,donchian_nylondon,EURUSD,calendar_refresh,,events=0,"{""decision_threshold"": 0.6600000000000001, ""no_trade_band"": 0.0}"
2026-03-17T11:36:58.953294+00:00,LIVE,donchian_nylondon,EURUSD,no_upcoming_events,,calendar_empty_after_filter,"{""decision_threshold"": 0.6600000000000001, ""no_trade_band"": 0.0}"
2026-03-17T11:39:18.378817+00:00,LIVE,donchian_nylondon,EURUSD,calendar_refresh,,events=0,"{""decision_threshold"": 0.6600000000000001, ""no_trade_band"": 0.0}"
2026-03-17T11:39:18.381816+00:00,LIVE,donchian_nylondon,EURUSD,no_upcoming_events,,calendar_empty_after_filter,"{""decision_threshold"": 0.6600000000000001, ""no_trade_band"": 0.0}"
2026-03-17T11:41:37.988454+00:00,LIVE,donchian_nylondon,EURUSD,calendar_refresh,,events=0,"{""decision_threshold"": 0.6600000000000001, ""no_trade_band"": 0.0}"
2026-03-17T11:41:37.991456+00:00,LIVE,donchian_nylondon,EURUSD,no_upcoming_events,,calendar_empty_after_filter,"{""decision_threshold"": 0.6600000000000001, ""no_trade_band"": 0.0}"
2026-03-17T11:43:59.652956+00:00,LIVE,donchian_nylondon,EURUSD,calendar_refresh,,events=0,"{""decision_threshold"": 0.6600000000000001, ""no_trade_band"": 0.0}"
2026-03-17T11:43:59.655994+00:00,LIVE,donchian_nylondon,EURUSD,no_upcoming_events,,calendar_empty_after_filter,"{""decision_threshold"": 0.6600000000000001, ""no_trade_band"": 0.0}"
2026-03-17T11:46:18.153063+00:00,LIVE,donchian_nylondon,EURUSD,calendar_refresh,,events=0,"{""decision_threshold"": 0.6600000000000001, ""no_trade_band"": 0.0}"
2026-03-17T11:46:18.156040+00:00,LIVE,donchian_nylondon,EURUSD,no_upcoming_events,,calendar_empty_after_filter,"{""decision_threshold"": 0.6600000000000001, ""no_trade_band"": 0.0}"
2026-03-17T11:48:41.668578+00:00,LIVE,donchian_nylondon,EURUSD,calendar_refresh,,events=0,"{""decision_threshold"": 0.6600000000000001, ""no_trade_band"": 0.0}"
2026-03-17T11:48:41.673076+00:00,LIVE,donchian_nylondon,EURUSD,no_upcoming_events,,calendar_empty_after_filter,"{""decision_threshold"": 0.6600000000000001, ""no_trade_band"": 0.0}"
2026-03-17T11:51:02.366166+00:00,LIVE,donchian_nylondon,EURUSD,calendar_refresh,,events=0,"{""decision_threshold"": 0.6600000000000001, ""no_trade_band"": 0.0}"
2026-03-17T11:51:02.370981+00:00,LIVE,donchian_nylondon,EURUSD,no_upcoming_events,,calendar_empty_after_filter,"{""decision_threshold"": 0.6600000000000001, ""no_trade_band"": 0.0}"
2026-03-17T11:53:22.605218+00:00,LIVE,donchian_nylondon,EURUSD,calendar_refresh,,events=0,"{""decision_threshold"": 0.6600000000000001, ""no_trade_band"": 0.0}"
2026-03-17T11:53:22.608778+00:00,LIVE,donchian_nylondon,EURUSD,no_upcoming_events,,calendar_empty_after_filter,"{""decision_threshold"": 0.6600000000000001, ""no_trade_band"": 0.0}"
2026-03-17T11:55:45.794384+00:00,LIVE,donchian_nylondon,EURUSD,calendar_refresh,,events=0,"{""decision_threshold"": 0.6600000000000001, ""no_trade_band"": 0.0}"
2026-03-17T11:55:45.797394+00:00,LIVE,donchian_nylondon,EURUSD,no_upcoming_events,,calendar_empty_after_filter,"{""decision_threshold"": 0.6600000000000001, ""no_trade_band"": 0.0}"
2026-03-17T11:58:05.689245+00:00,LIVE,donchian_nylondon,EURUSD,calendar_refresh,,events=0,"{""decision_threshold"": 0.6600000000000001, ""no_trade_band"": 0.0}"
2026-03-17T11:58:05.692246+00:00,LIVE,donchian_nylondon,EURUSD,no_upcoming_events,,calendar_empty_after_filter,"{""decision_threshold"": 0.6600000000000001, ""no_trade_band"": 0.0}"
2026-03-17T12:00:29.883489+00:00,LIVE,donchian_nylondon,EURUSD,calendar_refresh,,events=0,"{""decision_threshold"": 0.6600000000000001, ""no_trade_band"": 0.0}"
2026-03-17T12:00:29.887650+00:00,LIVE,donchian_nylondon,EURUSD,no_upcoming_events,,calendar_empty_after_filter,"{""decision_threshold"": 0.6600000000000001, ""no_trade_band"": 0.0}"
2026-03-17T12:02:52.612834+00:00,LIVE,donchian_nylondon,EURUSD,calendar_refresh,,events=0,"{""decision_threshold"": 0.6600000000000001, ""no_trade_band"": 0.0}"
2026-03-17T12:02:52.617837+00:00,LIVE,donchian_nylondon,EURUSD,no_upcoming_events,,calendar_empty_after_filter,"{""decision_threshold"": 0.6600000000000001, ""no_trade_band"": 0.0}"
2026-03-17T12:05:15.646157+00:00,LIVE,donchian_nylondon,EURUSD,calendar_refresh,,events=0,"{""decision_threshold"": 0.6600000000000001, ""no_trade_band"": 0.0}"
2026-03-17T12:05:15.651496+00:00,LIVE,donchian_nylondon,EURUSD,no_upcoming_events,,calendar_empty_after_filter,"{""decision_threshold"": 0.6600000000000001, ""no_trade_band"": 0.0}"
2026-03-17T12:07:38.006248+00:00,LIVE,donchian_nylondon,EURUSD,calendar_refresh,,events=0,"{""decision_threshold"": 0.6600000000000001, ""no_trade_band"": 0.0}"
2026-03-17T12:07:38.011061+00:00,LIVE,donchian_nylondon,EURUSD,no_upcoming_events,,calendar_empty_after_filter,"{""decision_threshold"": 0.6600000000000001, ""no_trade_band"": 0.0}"
2026-03-17T12:14:48.366759+00:00,LIVE,donchian_nylondon,EURUSD,calendar_refresh,,events=0,"{""decision_threshold"": 0.6600000000000001, ""no_trade_band"": 0.0}"
2026-03-17T12:14:48.370764+00:00,LIVE,donchian_nylondon,EURUSD,no_upcoming_events,,calendar_empty_after_filter,"{""decision_threshold"": 0.6600000000000001, ""no_trade_band"": 0.0}"
2026-03-17T12:17:09.198674+00:00,LIVE,donchian_nylondon,EURUSD,calendar_refresh,,events=0,"{""decision_threshold"": 0.6600000000000001, ""no_trade_band"": 0.0}"
2026-03-17T12:17:09.202713+00:00,LIVE,donchian_nylondon,EURUSD,no_upcoming_events,,calendar_empty_after_filter,"{""decision_threshold"": 0.6600000000000001, ""no_trade_band"": 0.0}"
2026-03-17T12:19:30.114444+00:00,LIVE,donchian_nylondon,EURUSD,calendar_refresh,,events=0,"{""decision_threshold"": 0.6600000000000001, ""no_trade_band"": 0.0}"
2026-03-17T12:19:30.119065+00:00,LIVE,donchian_nylondon,EURUSD,no_upcoming_events,,calendar_empty_after_filter,"{""decision_threshold"": 0.6600000000000001, ""no_trade_band"": 0.0}"
2026-03-17T12:21:48.675678+00:00,LIVE,donchian_nylondon,EURUSD,calendar_refresh,,events=0,"{""decision_threshold"": 0.6600000000000001, ""no_trade_band"": 0.0}"
2026-03-17T12:21:48.678679+00:00,LIVE,donchian_nylondon,EURUSD,no_upcoming_events,,calendar_empty_after_filter,"{""decision_threshold"": 0.6600000000000001, ""no_trade_band"": 0.0}"
2026-03-17T12:24:07.100443+00:00,LIVE,donchian_nylondon,EURUSD,calendar_refresh,,events=0,"{""decision_threshold"": 0.6600000000000001, ""no_trade_band"": 0.0}"
2026-03-17T12:24:07.104438+00:00,LIVE,donchian_nylondon,EURUSD,no_upcoming_events,,calendar_empty_after_filter,"{""decision_threshold"": 0.6600000000000001, ""no_trade_band"": 0.0}"
2026-03-17T12:26:26.321201+00:00,LIVE,donchian_nylondon,EURUSD,calendar_refresh,,events=0,"{""decision_threshold"": 0.6600000000000001, ""no_trade_band"": 0.0}"
2026-03-17T12:26:26.325279+00:00,LIVE,donchian_nylondon,EURUSD,no_upcoming_events,,calendar_empty_after_filter,"{""decision_threshold"": 0.6600000000000001, ""no_trade_band"": 0.0}"
2026-03-17T12:28:45.741624+00:00,LIVE,donchian_nylondon,EURUSD,calendar_refresh,,events=0,"{""decision_threshold"": 0.6600000000000001, ""no_trade_band"": 0.0}"
2026-03-17T12:28:45.746620+00:00,LIVE,donchian_nylondon,EURUSD,no_upcoming_events,,calendar_empty_after_filter,"{""decision_threshold"": 0.6600000000000001, ""no_trade_band"": 0.0}"
2026-03-17T12:31:04.525609+00:00,LIVE,donchian_nylondon,EURUSD,calendar_refresh,,events=0,"{""decision_threshold"": 0.6600000000000001, ""no_trade_band"": 0.0}"
2026-03-17T12:31:04.529816+00:00,LIVE,donchian_nylondon,EURUSD,no_upcoming_events,,calendar_empty_after_filter,"{""decision_threshold"": 0.6600000000000001, ""no_trade_band"": 0.0}"
2026-03-17T12:33:24.350403+00:00,LIVE,donchian_nylondon,EURUSD,calendar_refresh,,events=0,"{""decision_threshold"": 0.6600000000000001, ""no_trade_band"": 0.0}"
2026-03-17T12:33:24.353405+00:00,LIVE,donchian_nylondon,EURUSD,no_upcoming_events,,calendar_empty_after_filter,"{""decision_threshold"": 0.6600000000000001, ""no_trade_band"": 0.0}"
2026-03-17T12:35:43.894629+00:00,LIVE,donchian_nylondon,EURUSD,calendar_refresh,,events=0,"{""decision_threshold"": 0.6600000000000001, ""no_trade_band"": 0.0}"
2026-03-17T12:35:43.897676+00:00,LIVE,donchian_nylondon,EURUSD,no_upcoming_events,,calendar_empty_after_filter,"{""decision_threshold"": 0.6600000000000001, ""no_trade_band"": 0.0}"
2026-03-17T12:38:02.843692+00:00,LIVE,donchian_nylondon,EURUSD,calendar_refresh,,events=0,"{""decision_threshold"": 0.6600000000000001, ""no_trade_band"": 0.0}"
2026-03-17T12:38:02.846374+00:00,LIVE,donchian_nylondon,EURUSD,no_upcoming_events,,calendar_empty_after_filter,"{""decision_threshold"": 0.6600000000000001, ""no_trade_band"": 0.0}"
2026-03-17T12:40:22.030636+00:00,LIVE,donchian_nylondon,EURUSD,calendar_refresh,,events=0,"{""decision_threshold"": 0.6600000000000001, ""no_trade_band"": 0.0}"
2026-03-17T12:40:22.034616+00:00,LIVE,donchian_nylondon,EURUSD,no_upcoming_events,,calendar_empty_after_filter,"{""decision_threshold"": 0.6600000000000001, ""no_trade_band"": 0.0}"
2026-03-17T12:42:40.871779+00:00,LIVE,donchian_nylondon,EURUSD,calendar_refresh,,events=0,"{""decision_threshold"": 0.6600000000000001, ""no_trade_band"": 0.0}"
2026-03-17T12:42:40.874772+00:00,LIVE,donchian_nylondon,EURUSD,no_upcoming_events,,calendar_empty_after_filter,"{""decision_threshold"": 0.6600000000000001, ""no_trade_band"": 0.0}"
2026-03-17T12:44:59.629597+00:00,LIVE,donchian_nylondon,EURUSD,calendar_refresh,,events=0,"{""decision_threshold"": 0.6600000000000001, ""no_trade_band"": 0.0}"
2026-03-17T12:44:59.633635+00:00,LIVE,donchian_nylondon,EURUSD,no_upcoming_events,,calendar_empty_after_filter,"{""decision_threshold"": 0.6600000000000001, ""no_trade_band"": 0.0}"
2026-03-17T12:47:18.065029+00:00,LIVE,donchian_nylondon,EURUSD,calendar_refresh,,events=0,"{""decision_threshold"": 0.6600000000000001, ""no_trade_band"": 0.0}"
2026-03-17T12:47:18.068029+00:00,LIVE,donchian_nylondon,EURUSD,no_upcoming_events,,calendar_empty_after_filter,"{""decision_threshold"": 0.6600000000000001, ""no_trade_band"": 0.0}"
2026-03-17T12:49:37.534710+00:00,LIVE,donchian_nylondon,EURUSD,calendar_refresh,,events=0,"{""decision_threshold"": 0.6600000000000001, ""no_trade_band"": 0.0}"
2026-03-17T12:49:37.538710+00:00,LIVE,donchian_nylondon,EURUSD,no_upcoming_events,,calendar_empty_after_filter,"{""decision_threshold"": 0.6600000000000001, ""no_trade_band"": 0.0}"
2026-03-17T12:51:56.010095+00:00,LIVE,donchian_nylondon,EURUSD,calendar_refresh,,events=0,"{""decision_threshold"": 0.6600000000000001, ""no_trade_band"": 0.0}"
2026-03-17T12:51:56.013084+00:00,LIVE,donchian_nylondon,EURUSD,no_upcoming_events,,calendar_empty_after_filter,"{""decision_threshold"": 0.6600000000000001, ""no_trade_band"": 0.0}"
2026-03-17T12:54:14.221561+00:00,LIVE,donchian_nylondon,EURUSD,calendar_refresh,,events=0,"{""decision_threshold"": 0.6600000000000001, ""no_trade_band"": 0.0}"
2026-03-17T12:54:14.224997+00:00,LIVE,donchian_nylondon,EURUSD,no_upcoming_events,,calendar_empty_after_filter,"{""decision_threshold"": 0.6600000000000001, ""no_trade_band"": 0.0}"
2026-03-17T12:56:33.161599+00:00,LIVE,donchian_nylondon,EURUSD,calendar_refresh,,events=0,"{""decision_threshold"": 0.6600000000000001, ""no_trade_band"": 0.0}"
2026-03-17T12:56:33.164590+00:00,LIVE,donchian_nylondon,EURUSD,no_upcoming_events,,calendar_empty_after_filter,"{""decision_threshold"": 0.6600000000000001, ""no_trade_band"": 0.0}"
2026-03-17T12:58:51.924682+00:00,LIVE,donchian_nylondon,EURUSD,calendar_refresh,,events=0,"{""decision_threshold"": 0.6600000000000001, ""no_trade_band"": 0.0}"
2026-03-17T12:58:51.928698+00:00,LIVE,donchian_nylondon,EURUSD,no_upcoming_events,,calendar_empty_after_filter,"{""decision_threshold"": 0.6600000000000001, ""no_trade_band"": 0.0}"
2026-03-17T13:01:11.635731+00:00,LIVE,donchian_nylondon,EURUSD,calendar_refresh,,events=0,"{""decision_threshold"": 0.6600000000000001, ""no_trade_band"": 0.0}"
2026-03-17T13:01:11.639069+00:00,LIVE,donchian_nylondon,EURUSD,no_upcoming_events,,calendar_empty_after_filter,"{""decision_threshold"": 0.6600000000000001, ""no_trade_band"": 0.0}"
2026-03-17T13:03:31.819552+00:00,LIVE,donchian_nylondon,EURUSD,calendar_refresh,,events=0,"{""decision_threshold"": 0.6600000000000001, ""no_trade_band"": 0.0}"
2026-03-17T13:03:31.823976+00:00,LIVE,donchian_nylondon,EURUSD,no_upcoming_events,,calendar_empty_after_filter,"{""decision_threshold"": 0.6600000000000001, ""no_trade_band"": 0.0}"
2026-03-17T13:05:51.559856+00:00,LIVE,donchian_nylondon,EURUSD,calendar_refresh,,events=0,"{""decision_threshold"": 0.6600000000000001, ""no_trade_band"": 0.0}"
2026-03-17T13:05:51.564373+00:00,LIVE,donchian_nylondon,EURUSD,no_upcoming_events,,calendar_empty_after_filter,"{""decision_threshold"": 0.6600000000000001, ""no_trade_band"": 0.0}"
2026-03-17T13:08:11.164133+00:00,LIVE,donchian_nylondon,EURUSD,calendar_refresh,,events=0,"{""decision_threshold"": 0.6600000000000001, ""no_trade_band"": 0.0}"
2026-03-17T13:08:11.167139+00:00,LIVE,donchian_nylondon,EURUSD,no_upcoming_events,,calendar_empty_after_filter,"{""decision_threshold"": 0.6600000000000001, ""no_trade_band"": 0.0}"
2026-03-17T13:10:30.342243+00:00,LIVE,donchian_nylondon,EURUSD,calendar_refresh,,events=0,"{""decision_threshold"": 0.6600000000000001, ""no_trade_band"": 0.0}"
2026-03-17T13:10:30.346264+00:00,LIVE,donchian_nylondon,EURUSD,no_upcoming_events,,calendar_empty_after_filter,"{""decision_threshold"": 0.6600000000000001, ""no_trade_band"": 0.0}"
2026-03-17T13:12:49.374385+00:00,LIVE,donchian_nylondon,EURUSD,calendar_refresh,,events=0,"{""decision_threshold"": 0.6600000000000001, ""no_trade_band"": 0.0}"
2026-03-17T13:12:49.378825+00:00,LIVE,donchian_nylondon,EURUSD,no_upcoming_events,,calendar_empty_after_filter,"{""decision_threshold"": 0.6600000000000001, ""no_trade_band"": 0.0}"
2026-03-17T13:15:07.943731+00:00,LIVE,donchian_nylondon,EURUSD,calendar_refresh,,events=0,"{""decision_threshold"": 0.6600000000000001, ""no_trade_band"": 0.0}"
2026-03-17T13:15:07.947728+00:00,LIVE,donchian_nylondon,EURUSD,no_upcoming_events,,calendar_empty_after_filter,"{""decision_threshold"": 0.6600000000000001, ""no_trade_band"": 0.0}"
2026-03-17T13:17:33.546559+00:00,LIVE,donchian_nylondon,EURUSD,calendar_refresh,,events=0,"{""decision_threshold"": 0.6600000000000001, ""no_trade_band"": 0.0}"
2026-03-17T13:17:33.551524+00:00,LIVE,donchian_nylondon,EURUSD,no_upcoming_events,,calendar_empty_after_filter,"{""decision_threshold"": 0.6600000000000001, ""no_trade_band"": 0.0}"
2026-03-17T13:19:57.540615+00:00,LIVE,donchian_nylondon,EURUSD,calendar_refresh,,events=0,"{""decision_threshold"": 0.6600000000000001, ""no_trade_band"": 0.0}"
2026-03-17T13:19:57.544651+00:00,LIVE,donchian_nylondon,EURUSD,no_upcoming_events,,calendar_empty_after_filter,"{""decision_threshold"": 0.6600000000000001, ""no_trade_band"": 0.0}"
2026-03-17T13:22:21.639153+00:00,LIVE,donchian_nylondon,EURUSD,calendar_refresh,,events=0,"{""decision_threshold"": 0.6600000000000001, ""no_trade_band"": 0.0}"
2026-03-17T13:22:21.644186+00:00,LIVE,donchian_nylondon,EURUSD,no_upcoming_events,,calendar_empty_after_filter,"{""decision_threshold"": 0.6600000000000001, ""no_trade_band"": 0.0}"
2026-03-17T13:24:41.185724+00:00,LIVE,donchian_nylondon,EURUSD,calendar_refresh,,events=0,"{""decision_threshold"": 0.6600000000000001, ""no_trade_band"": 0.0}"
2026-03-17T13:24:41.189709+00:00,LIVE,donchian_nylondon,EURUSD,no_upcoming_events,,calendar_empty_after_filter,"{""decision_threshold"": 0.6600000000000001, ""no_trade_band"": 0.0}"
2026-03-17T13:26:59.936909+00:00,LIVE,donchian_nylondon,EURUSD,calendar_refresh,,events=0,"{""decision_threshold"": 0.6600000000000001, ""no_trade_band"": 0.0}"
2026-03-17T13:26:59.941895+00:00,LIVE,donchian_nylondon,EURUSD,no_upcoming_events,,calendar_empty_after_filter,"{""decision_threshold"": 0.6600000000000001, ""no_trade_band"": 0.0}"
2026-03-17T13:29:19.893494+00:00,LIVE,donchian_nylondon,EURUSD,calendar_refresh,,events=0,"{""decision_threshold"": 0.6600000000000001, ""no_trade_band"": 0.0}"
2026-03-17T13:29:19.896585+00:00,LIVE,donchian_nylondon,EURUSD,no_upcoming_events,,calendar_empty_after_filter,"{""decision_threshold"": 0.6600000000000001, ""no_trade_band"": 0.0}"
2026-03-17T13:31:39.035710+00:00,LIVE,donchian_nylondon,EURUSD,calendar_refresh,,events=0,"{""decision_threshold"": 0.6600000000000001, ""no_trade_band"": 0.0}"
2026-03-17T13:31:39.039442+00:00,LIVE,donchian_nylondon,EURUSD,no_upcoming_events,,calendar_empty_after_filter,"{""decision_threshold"": 0.6600000000000001, ""no_trade_band"": 0.0}"
2026-03-17T13:33:58.268557+00:00,LIVE,donchian_nylondon,EURUSD,calendar_refresh,,events=0,"{""decision_threshold"": 0.6600000000000001, ""no_trade_band"": 0.0}"
2026-03-17T13:33:58.285762+00:00,LIVE,donchian_nylondon,EURUSD,no_upcoming_events,,calendar_empty_after_filter,"{""decision_threshold"": 0.6600000000000001, ""no_trade_band"": 0.0}"
2026-03-17T13:36:18.794646+00:00,LIVE,donchian_nylondon,EURUSD,calendar_refresh,,events=0,"{""decision_threshold"": 0.6600000000000001, ""no_trade_band"": 0.0}"
2026-03-17T13:36:18.799537+00:00,LIVE,donchian_nylondon,EURUSD,no_upcoming_events,,calendar_empty_after_filter,"{""decision_threshold"": 0.6600000000000001, ""no_trade_band"": 0.0}"
2026-03-17T13:38:37.911463+00:00,LIVE,donchian_nylondon,EURUSD,calendar_refresh,,events=0,"{""decision_threshold"": 0.6600000000000001, ""no_trade_band"": 0.0}"
2026-03-17T13:38:37.914928+00:00,LIVE,donchian_nylondon,EURUSD,no_upcoming_events,,calendar_empty_after_filter,"{""decision_threshold"": 0.6600000000000001, ""no_trade_band"": 0.0}"
2026-03-17T13:40:58.165949+00:00,LIVE,donchian_nylondon,EURUSD,calendar_refresh,,events=0,"{""decision_threshold"": 0.6600000000000001, ""no_trade_band"": 0.0}"
2026-03-17T13:40:58.168943+00:00,LIVE,donchian_nylondon,EURUSD,no_upcoming_events,,calendar_empty_after_filter,"{""decision_threshold"": 0.6600000000000001, ""no_trade_band"": 0.0}"
2026-03-17T13:43:17.899953+00:00,LIVE,donchian_nylondon,EURUSD,calendar_refresh,,events=0,"{""decision_threshold"": 0.6600000000000001, ""no_trade_band"": 0.0}"
2026-03-17T13:43:17.903312+00:00,LIVE,donchian_nylondon,EURUSD,no_upcoming_events,,calendar_empty_after_filter,"{""decision_threshold"": 0.6600000000000001, ""no_trade_band"": 0.0}"
2026-03-17T13:45:38.835829+00:00,LIVE,donchian_nylondon,EURUSD,calendar_refresh,,events=0,"{""decision_threshold"": 0.6600000000000001, ""no_trade_band"": 0.0}"
2026-03-17T13:45:38.839335+00:00,LIVE,donchian_nylondon,EURUSD,no_upcoming_events,,calendar_empty_after_filter,"{""decision_threshold"": 0.6600000000000001, ""no_trade_band"": 0.0}"
2026-03-17T13:47:57.573448+00:00,LIVE,donchian_nylondon,EURUSD,calendar_refresh,,events=0,"{""decision_threshold"": 0.6600000000000001, ""no_trade_band"": 0.0}"
2026-03-17T13:47:57.577439+00:00,LIVE,donchian_nylondon,EURUSD,no_upcoming_events,,calendar_empty_after_filter,"{""decision_threshold"": 0.6600000000000001, ""no_trade_band"": 0.0}"
2026-03-17T14:00:17.227922+00:00,LIVE,donchian_nylondon,EURUSD,calendar_refresh,,events=0,"{""decision_threshold"": 0.6600000000000001, ""no_trade_band"": 0.0}"
2026-03-17T14:00:17.235894+00:00,LIVE,donchian_nylondon,EURUSD,no_upcoming_events,,calendar_empty_after_filter,"{""decision_threshold"": 0.6600000000000001, ""no_trade_band"": 0.0}"
2026-03-17T14:02:56.614280+00:00,LIVE,donchian_nylondon,EURUSD,calendar_refresh,,events=0,"{""decision_threshold"": 0.6600000000000001, ""no_trade_band"": 0.0}"
2026-03-17T14:02:56.626294+00:00,LIVE,donchian_nylondon,EURUSD,no_upcoming_events,,calendar_empty_after_filter,"{""decision_threshold"": 0.6600000000000001, ""no_trade_band"": 0.0}"
2026-03-17T14:06:15.830627+00:00,LIVE,donchian_nylondon,EURUSD,calendar_refresh,,events=0,"{""decision_threshold"": 0.6600000000000001, ""no_trade_band"": 0.0}"
2026-03-17T14:06:15.843749+00:00,LIVE,donchian_nylondon,EURUSD,no_upcoming_events,,calendar_empty_after_filter,"{""decision_threshold"": 0.6600000000000001, ""no_trade_band"": 0.0}"
2026-03-17T14:08:55.476777+00:00,LIVE,donchian_nylondon,EURUSD,calendar_refresh,,events=0,"{""decision_threshold"": 0.6600000000000001, ""no_trade_band"": 0.0}"
2026-03-17T14:08:55.485288+00:00,LIVE,donchian_nylondon,EURUSD,no_upcoming_events,,calendar_empty_after_filter,"{""decision_threshold"": 0.6600000000000001, ""no_trade_band"": 0.0}"
2026-03-17T14:11:36.402888+00:00,LIVE,donchian_nylondon,EURUSD,calendar_refresh,,events=0,"{""decision_threshold"": 0.6600000000000001, ""no_trade_band"": 0.0}"
2026-03-17T14:11:36.414472+00:00,LIVE,donchian_nylondon,EURUSD,no_upcoming_events,,calendar_empty_after_filter,"{""decision_threshold"": 0.6600000000000001, ""no_trade_band"": 0.0}"
2026-03-17T14:14:09.835308+00:00,LIVE,donchian_nylondon,EURUSD,calendar_refresh,,events=0,"{""decision_threshold"": 0.6600000000000001, ""no_trade_band"": 0.0}"
2026-03-17T14:14:09.848263+00:00,LIVE,donchian_nylondon,EURUSD,no_upcoming_events,,calendar_empty_after_filter,"{""decision_threshold"": 0.6600000000000001, ""no_trade_band"": 0.0}"
2026-03-17T14:16:46.425861+00:00,LIVE,donchian_nylondon,EURUSD,calendar_refresh,,events=0,"{""decision_threshold"": 0.6600000000000001, ""no_trade_band"": 0.0}"
2026-03-17T14:16:46.437447+00:00,LIVE,donchian_nylondon,EURUSD,no_upcoming_events,,calendar_empty_after_filter,"{""decision_threshold"": 0.6600000000000001, ""no_trade_band"": 0.0}"
2026-03-17T14:19:18.923176+00:00,LIVE,donchian_nylondon,EURUSD,calendar_refresh,,events=0,"{""decision_threshold"": 0.6600000000000001, ""no_trade_band"": 0.0}"
2026-03-17T14:19:18.928181+00:00,LIVE,donchian_nylondon,EURUSD,no_upcoming_events,,calendar_empty_after_filter,"{""decision_threshold"": 0.6600000000000001, ""no_trade_band"": 0.0}"
2026-03-17T14:21:52.228696+00:00,LIVE,donchian_nylondon,EURUSD,calendar_refresh,,events=0,"{""decision_threshold"": 0.6600000000000001, ""no_trade_band"": 0.0}"
2026-03-17T14:21:52.236703+00:00,LIVE,donchian_nylondon,EURUSD,no_upcoming_events,,calendar_empty_after_filter,"{""decision_threshold"": 0.6600000000000001, ""no_trade_band"": 0.0}"
2026-03-17T14:24:24.694759+00:00,LIVE,donchian_nylondon,EURUSD,calendar_refresh,,events=0,"{""decision_threshold"": 0.6600000000000001, ""no_trade_band"": 0.0}"
2026-03-17T14:24:24.700782+00:00,LIVE,donchian_nylondon,EURUSD,no_upcoming_events,,calendar_empty_after_filter,"{""decision_threshold"": 0.6600000000000001, ""no_trade_band"": 0.0}"
2026-03-17T14:26:57.831623+00:00,LIVE,donchian_nylondon,EURUSD,calendar_refresh,,events=0,"{""decision_threshold"": 0.6600000000000001, ""no_trade_band"": 0.0}"
2026-03-17T14:26:57.836629+00:00,LIVE,donchian_nylondon,EURUSD,no_upcoming_events,,calendar_empty_after_filter,"{""decision_threshold"": 0.6600000000000001, ""no_trade_band"": 0.0}"
2026-03-17T14:29:31.894131+00:00,LIVE,donchian_nylondon,EURUSD,calendar_refresh,,events=0,"{""decision_threshold"": 0.6600000000000001, ""no_trade_band"": 0.0}"
2026-03-17T14:29:31.899578+00:00,LIVE,donchian_nylondon,EURUSD,no_upcoming_events,,calendar_empty_after_filter,"{""decision_threshold"": 0.6600000000000001, ""no_trade_band"": 0.0}"
2026-03-17T14:32:06.749967+00:00,LIVE,donchian_nylondon,EURUSD,calendar_refresh,,events=0,"{""decision_threshold"": 0.6600000000000001, ""no_trade_band"": 0.0}"
2026-03-17T14:32:06.757538+00:00,LIVE,donchian_nylondon,EURUSD,no_upcoming_events,,calendar_empty_after_filter,"{""decision_threshold"": 0.6600000000000001, ""no_trade_band"": 0.0}"
2026-03-17T14:34:40.485432+00:00,LIVE,donchian_nylondon,EURUSD,calendar_refresh,,events=0,"{""decision_threshold"": 0.6600000000000001, ""no_trade_band"": 0.0}"
2026-03-17T14:34:40.493668+00:00,LIVE,donchian_nylondon,EURUSD,no_upcoming_events,,calendar_empty_after_filter,"{""decision_threshold"": 0.6600000000000001, ""no_trade_band"": 0.0}"
2026-03-17T14:37:14.242113+00:00,LIVE,donchian_nylondon,EURUSD,calendar_refresh,,events=0,"{""decision_threshold"": 0.6600000000000001, ""no_trade_band"": 0.0}"
2026-03-17T14:37:14.250097+00:00,LIVE,donchian_nylondon,EURUSD,no_upcoming_events,,calendar_empty_after_filter,"{""decision_threshold"": 0.6600000000000001, ""no_trade_band"": 0.0}"
2026-03-17T14:39:49.123731+00:00,LIVE,donchian_nylondon,EURUSD,calendar_refresh,,events=0,"{""decision_threshold"": 0.6600000000000001, ""no_trade_band"": 0.0}"
2026-03-17T14:39:49.128734+00:00,LIVE,donchian_nylondon,EURUSD,no_upcoming_events,,calendar_empty_after_filter,"{""decision_threshold"": 0.6600000000000001, ""no_trade_band"": 0.0}"
2026-03-17T14:42:22.763537+00:00,LIVE,donchian_nylondon,EURUSD,calendar_refresh,,events=0,"{""decision_threshold"": 0.6600000000000001, ""no_trade_band"": 0.0}"
2026-03-17T14:42:22.773056+00:00,LIVE,donchian_nylondon,EURUSD,no_upcoming_events,,calendar_empty_after_filter,"{""decision_threshold"": 0.6600000000000001, ""no_trade_band"": 0.0}"
2026-03-17T14:44:56.960922+00:00,LIVE,donchian_nylondon,EURUSD,calendar_refresh,,events=0,"{""decision_threshold"": 0.6600000000000001, ""no_trade_band"": 0.0}"
2026-03-17T14:44:56.965924+00:00,LIVE,donchian_nylondon,EURUSD,no_upcoming_events,,calendar_empty_after_filter,"{""decision_threshold"": 0.6600000000000001, ""no_trade_band"": 0.0}"
2026-03-17T14:47:30.037064+00:00,LIVE,donchian_nylondon,EURUSD,calendar_refresh,,events=0,"{""decision_threshold"": 0.6600000000000001, ""no_trade_band"": 0.0}"
2026-03-17T14:47:30.044952+00:00,LIVE,donchian_nylondon,EURUSD,no_upcoming_events,,calendar_empty_after_filter,"{""decision_threshold"": 0.6600000000000001, ""no_trade_band"": 0.0}"
2026-03-17T14:50:03.583173+00:00,LIVE,donchian_nylondon,EURUSD,calendar_refresh,,events=0,"{""decision_threshold"": 0.6600000000000001, ""no_trade_band"": 0.0}"
2026-03-17T14:50:03.588861+00:00,LIVE,donchian_nylondon,EURUSD,no_upcoming_events,,calendar_empty_after_filter,"{""decision_threshold"": 0.6600000000000001, ""no_trade_band"": 0.0}"
2026-03-17T14:52:37.651360+00:00,LIVE,donchian_nylondon,EURUSD,calendar_refresh,,events=0,"{""decision_threshold"": 0.6600000000000001, ""no_trade_band"": 0.0}"
2026-03-17T14:52:37.657429+00:00,LIVE,donchian_nylondon,EURUSD,no_upcoming_events,,calendar_empty_after_filter,"{""decision_threshold"": 0.6600000000000001, ""no_trade_band"": 0.0}"
2026-03-17T14:55:10.232395+00:00,LIVE,donchian_nylondon,EURUSD,calendar_refresh,,events=0,"{""decision_threshold"": 0.6600000000000001, ""no_trade_band"": 0.0}"
2026-03-17T14:55:10.239158+00:00,LIVE,donchian_nylondon,EURUSD,no_upcoming_events,,calendar_empty_after_filter,"{""decision_threshold"": 0.6600000000000001, ""no_trade_band"": 0.0}"
2026-03-17T14:57:44.096026+00:00,LIVE,donchian_nylondon,EURUSD,calendar_refresh,,events=0,"{""decision_threshold"": 0.6600000000000001, ""no_trade_band"": 0.0}"
2026-03-17T14:57:44.105217+00:00,LIVE,donchian_nylondon,EURUSD,no_upcoming_events,,calendar_empty_after_filter,"{""decision_threshold"": 0.6600000000000001, ""no_trade_band"": 0.0}"
2026-03-17T15:00:17.706050+00:00,LIVE,donchian_nylondon,EURUSD,calendar_refresh,,events=0,"{""decision_threshold"": 0.6600000000000001, ""no_trade_band"": 0.0}"
2026-03-17T15:00:17.712081+00:00,LIVE,donchian_nylondon,EURUSD,no_upcoming_events,,calendar_empty_after_filter,"{""decision_threshold"": 0.6600000000000001, ""no_trade_band"": 0.0}"
2026-03-17T15:02:52.149525+00:00,LIVE,donchian_nylondon,EURUSD,calendar_refresh,,events=0,"{""decision_threshold"": 0.6600000000000001, ""no_trade_band"": 0.0}"
2026-03-17T15:02:52.159465+00:00,LIVE,donchian_nylondon,EURUSD,no_upcoming_events,,calendar_empty_after_filter,"{""decision_threshold"": 0.6600000000000001, ""no_trade_band"": 0.0}"
2026-03-17T15:05:26.499652+00:00,LIVE,donchian_nylondon,EURUSD,calendar_refresh,,events=0,"{""decision_threshold"": 0.6600000000000001, ""no_trade_band"": 0.0}"
2026-03-17T15:05:26.504650+00:00,LIVE,donchian_nylondon,EURUSD,no_upcoming_events,,calendar_empty_after_filter,"{""decision_threshold"": 0.6600000000000001, ""no_trade_band"": 0.0}"
2026-03-17T15:07:59.935311+00:00,LIVE,donchian_nylondon,EURUSD,calendar_refresh,,events=0,"{""decision_threshold"": 0.6600000000000001, ""no_trade_band"": 0.0}"
2026-03-17T15:07:59.942113+00:00,LIVE,donchian_nylondon,EURUSD,no_upcoming_events,,calendar_empty_after_filter,"{""decision_threshold"": 0.6600000000000001, ""no_trade_band"": 0.0}"
2026-03-17T15:10:34.285762+00:00,LIVE,donchian_nylondon,EURUSD,calendar_refresh,,events=0,"{""decision_threshold"": 0.6600000000000001, ""no_trade_band"": 0.0}"
2026-03-17T15:10:34.291361+00:00,LIVE,donchian_nylondon,EURUSD,no_upcoming_events,,calendar_empty_after_filter,"{""decision_threshold"": 0.6600000000000001, ""no_trade_band"": 0.0}"
2026-03-17T15:13:09.809495+00:00,LIVE,donchian_nylondon,EURUSD,calendar_refresh,,events=0,"{""decision_threshold"": 0.6600000000000001, ""no_trade_band"": 0.0}"
2026-03-17T15:13:09.834660+00:00,LIVE,donchian_nylondon,EURUSD,no_upcoming_events,,calendar_empty_after_filter,"{""decision_threshold"": 0.6600000000000001, ""no_trade_band"": 0.0}"
2026-03-17T15:15:45.773931+00:00,LIVE,donchian_nylondon,EURUSD,calendar_refresh,,events=0,"{""decision_threshold"": 0.6600000000000001, ""no_trade_band"": 0.0}"
2026-03-17T15:15:45.779940+00:00,LIVE,donchian_nylondon,EURUSD,no_upcoming_events,,calendar_empty_after_filter,"{""decision_threshold"": 0.6600000000000001, ""no_trade_band"": 0.0}"
2026-03-17T15:18:18.696024+00:00,LIVE,donchian_nylondon,EURUSD,calendar_refresh,,events=0,"{""decision_threshold"": 0.6600000000000001, ""no_trade_band"": 0.0}"
2026-03-17T15:18:18.717928+00:00,LIVE,donchian_nylondon,EURUSD,no_upcoming_events,,calendar_empty_after_filter,"{""decision_threshold"": 0.6600000000000001, ""no_trade_band"": 0.0}"
2026-03-17T15:20:53.034737+00:00,LIVE,donchian_nylondon,EURUSD,calendar_refresh,,events=0,"{""decision_threshold"": 0.6600000000000001, ""no_trade_band"": 0.0}"
2026-03-17T15:20:53.044374+00:00,LIVE,donchian_nylondon,EURUSD,no_upcoming_events,,calendar_empty_after_filter,"{""decision_threshold"": 0.6600000000000001, ""no_trade_band"": 0.0}"
2026-03-17T15:23:26.486993+00:00,LIVE,donchian_nylondon,EURUSD,calendar_refresh,,events=0,"{""decision_threshold"": 0.6600000000000001, ""no_trade_band"": 0.0}"
2026-03-17T15:23:26.495178+00:00,LIVE,donchian_nylondon,EURUSD,no_upcoming_events,,calendar_empty_after_filter,"{""decision_threshold"": 0.6600000000000001, ""no_trade_band"": 0.0}"
2026-03-17T15:26:00.571505+00:00,LIVE,donchian_nylondon,EURUSD,calendar_refresh,,events=0,"{""decision_threshold"": 0.6600000000000001, ""no_trade_band"": 0.0}"
2026-03-17T15:26:00.579305+00:00,LIVE,donchian_nylondon,EURUSD,no_upcoming_events,,calendar_empty_after_filter,"{""decision_threshold"": 0.6600000000000001, ""no_trade_band"": 0.0}"
2026-03-17T15:28:35.078723+00:00,LIVE,donchian_nylondon,EURUSD,calendar_refresh,,events=0,"{""decision_threshold"": 0.6600000000000001, ""no_trade_band"": 0.0}"
2026-03-17T15:28:35.084856+00:00,LIVE,donchian_nylondon,EURUSD,no_upcoming_events,,calendar_empty_after_filter,"{""decision_threshold"": 0.6600000000000001, ""no_trade_band"": 0.0}"
2026-03-17T15:31:08.505526+00:00,LIVE,donchian_nylondon,EURUSD,calendar_refresh,,events=0,"{""decision_threshold"": 0.6600000000000001, ""no_trade_band"": 0.0}"
2026-03-17T15:31:08.510510+00:00,LIVE,donchian_nylondon,EURUSD,no_upcoming_events,,calendar_empty_after_filter,"{""decision_threshold"": 0.6600000000000001, ""no_trade_band"": 0.0}"
2026-03-17T15:33:51.796097+00:00,LIVE,donchian_nylondon,EURUSD,calendar_refresh,,events=0,"{""decision_threshold"": 0.6600000000000001, ""no_trade_band"": 0.0}"
2026-03-17T15:33:51.802278+00:00,LIVE,donchian_nylondon,EURUSD,no_upcoming_events,,calendar_empty_after_filter,"{""decision_threshold"": 0.6600000000000001, ""no_trade_band"": 0.0}"
2026-03-17T15:36:25.212427+00:00,LIVE,donchian_nylondon,EURUSD,calendar_refresh,,events=0,"{""decision_threshold"": 0.6600000000000001, ""no_trade_band"": 0.0}"
2026-03-17T15:36:25.220402+00:00,LIVE,donchian_nylondon,EURUSD,no_upcoming_events,,calendar_empty_after_filter,"{""decision_threshold"": 0.6600000000000001, ""no_trade_band"": 0.0}"
2026-03-17T15:38:59.249229+00:00,LIVE,donchian_nylondon,EURUSD,calendar_refresh,,events=0,"{""decision_threshold"": 0.6600000000000001, ""no_trade_band"": 0.0}"
2026-03-17T15:38:59.255086+00:00,LIVE,donchian_nylondon,EURUSD,no_upcoming_events,,calendar_empty_after_filter,"{""decision_threshold"": 0.6600000000000001, ""no_trade_band"": 0.0}"
2026-03-17T15:41:34.698934+00:00,LIVE,donchian_nylondon,EURUSD,calendar_refresh,,events=0,"{""decision_threshold"": 0.6600000000000001, ""no_trade_band"": 0.0}"
2026-03-17T15:41:34.703415+00:00,LIVE,donchian_nylondon,EURUSD,no_upcoming_events,,calendar_empty_after_filter,"{""decision_threshold"": 0.6600000000000001, ""no_trade_band"": 0.0}"
2026-03-17T15:44:08.890740+00:00,LIVE,donchian_nylondon,EURUSD,calendar_refresh,,events=0,"{""decision_threshold"": 0.6600000000000001, ""no_trade_band"": 0.0}"
2026-03-17T15:44:08.897611+00:00,LIVE,donchian_nylondon,EURUSD,no_upcoming_events,,calendar_empty_after_filter,"{""decision_threshold"": 0.6600000000000001, ""no_trade_band"": 0.0}"
2026-03-17T15:46:42.188628+00:00,LIVE,donchian_nylondon,EURUSD,calendar_refresh,,events=0,"{""decision_threshold"": 0.6600000000000001, ""no_trade_band"": 0.0}"
2026-03-17T15:46:42.197417+00:00,LIVE,donchian_nylondon,EURUSD,no_upcoming_events,,calendar_empty_after_filter,"{""decision_threshold"": 0.6600000000000001, ""no_trade_band"": 0.0}"
2026-03-17T15:49:16.686107+00:00,LIVE,donchian_nylondon,EURUSD,calendar_refresh,,events=0,"{""decision_threshold"": 0.6600000000000001, ""no_trade_band"": 0.0}"
2026-03-17T15:49:16.691089+00:00,LIVE,donchian_nylondon,EURUSD,no_upcoming_events,,calendar_empty_after_filter,"{""decision_threshold"": 0.6600000000000001, ""no_trade_band"": 0.0}"
2026-03-17T15:51:49.943660+00:00,LIVE,donchian_nylondon,EURUSD,calendar_refresh,,events=0,"{""decision_threshold"": 0.6600000000000001, ""no_trade_band"": 0.0}"
2026-03-17T15:51:49.948662+00:00,LIVE,donchian_nylondon,EURUSD,no_upcoming_events,,calendar_empty_after_filter,"{""decision_threshold"": 0.6600000000000001, ""no_trade_band"": 0.0}"
2026-03-17T15:54:23.309105+00:00,LIVE,donchian_nylondon,EURUSD,calendar_refresh,,events=0,"{""decision_threshold"": 0.6600000000000001, ""no_trade_band"": 0.0}"
2026-03-17T15:54:23.315176+00:00,LIVE,donchian_nylondon,EURUSD,no_upcoming_events,,calendar_empty_after_filter,"{""decision_threshold"": 0.6600000000000001, ""no_trade_band"": 0.0}"
2026-03-17T15:56:56.995429+00:00,LIVE,donchian_nylondon,EURUSD,calendar_refresh,,events=0,"{""decision_threshold"": 0.6600000000000001, ""no_trade_band"": 0.0}"
2026-03-17T15:56:57.006810+00:00,LIVE,donchian_nylondon,EURUSD,no_upcoming_events,,calendar_empty_after_filter,"{""decision_threshold"": 0.6600000000000001, ""no_trade_band"": 0.0}"
2026-03-17T15:59:30.708120+00:00,LIVE,donchian_nylondon,EURUSD,calendar_refresh,,events=0,"{""decision_threshold"": 0.6600000000000001, ""no_trade_band"": 0.0}"
2026-03-17T15:59:30.714573+00:00,LIVE,donchian_nylondon,EURUSD,no_upcoming_events,,calendar_empty_after_filter,"{""decision_threshold"": 0.6600000000000001, ""no_trade_band"": 0.0}"
2026-03-17T16:02:03.685961+00:00,LIVE,donchian_nylondon,EURUSD,calendar_refresh,,events=0,"{""decision_threshold"": 0.6600000000000001, ""no_trade_band"": 0.0}"
2026-03-17T16:02:03.705415+00:00,LIVE,donchian_nylondon,EURUSD,no_upcoming_events,,calendar_empty_after_filter,"{""decision_threshold"": 0.6600000000000001, ""no_trade_band"": 0.0}"
2026-03-17T16:04:37.297534+00:00,LIVE,donchian_nylondon,EURUSD,calendar_refresh,,events=0,"{""decision_threshold"": 0.6600000000000001, ""no_trade_band"": 0.0}"
2026-03-17T16:04:37.304070+00:00,LIVE,donchian_nylondon,EURUSD,no_upcoming_events,,calendar_empty_after_filter,"{""decision_threshold"": 0.6600000000000001, ""no_trade_band"": 0.0}"
2026-03-17T16:07:13.417593+00:00,LIVE,donchian_nylondon,EURUSD,calendar_refresh,,events=0,"{""decision_threshold"": 0.6600000000000001, ""no_trade_band"": 0.0}"
2026-03-17T16:07:13.422823+00:00,LIVE,donchian_nylondon,EURUSD,no_upcoming_events,,calendar_empty_after_filter,"{""decision_threshold"": 0.6600000000000001, ""no_trade_band"": 0.0}"
2026-03-17T16:09:46.207818+00:00,LIVE,donchian_nylondon,EURUSD,calendar_refresh,,events=0,"{""decision_threshold"": 0.6600000000000001, ""no_trade_band"": 0.0}"
2026-03-17T16:09:46.214789+00:00,LIVE,donchian_nylondon,EURUSD,no_upcoming_events,,calendar_empty_after_filter,"{""decision_threshold"": 0.6600000000000001, ""no_trade_band"": 0.0}"
2026-03-17T16:12:19.080469+00:00,LIVE,donchian_nylondon,EURUSD,calendar_refresh,,events=0,"{""decision_threshold"": 0.6600000000000001, ""no_trade_band"": 0.0}"
2026-03-17T16:12:19.085470+00:00,LIVE,donchian_nylondon,EURUSD,no_upcoming_events,,calendar_empty_after_filter,"{""decision_threshold"": 0.6600000000000001, ""no_trade_band"": 0.0}"
2026-03-17T16:14:51.372822+00:00,LIVE,donchian_nylondon,EURUSD,calendar_refresh,,events=0,"{""decision_threshold"": 0.6600000000000001, ""no_trade_band"": 0.0}"
2026-03-17T16:14:51.377829+00:00,LIVE,donchian_nylondon,EURUSD,no_upcoming_events,,calendar_empty_after_filter,"{""decision_threshold"": 0.6600000000000001, ""no_trade_band"": 0.0}"
2026-03-17T16:17:23.617103+00:00,LIVE,donchian_nylondon,EURUSD,calendar_refresh,,events=0,"{""decision_threshold"": 0.6600000000000001, ""no_trade_band"": 0.0}"
2026-03-17T16:17:23.625209+00:00,LIVE,donchian_nylondon,EURUSD,no_upcoming_events,,calendar_empty_after_filter,"{""decision_threshold"": 0.6600000000000001, ""no_trade_band"": 0.0}"
2026-03-17T17:47:51.769894+00:00,LIVE,donchian_nylondon,EURUSD,calendar_refresh,,events=0,"{""decision_threshold"": 0.6600000000000001, ""no_trade_band"": 0.0}"
2026-03-17T17:47:51.782014+00:00,LIVE,donchian_nylondon,EURUSD,no_upcoming_events,,calendar_empty_after_filter,"{""decision_threshold"": 0.6600000000000001, ""no_trade_band"": 0.0}"
2026-03-17T17:50:25.907146+00:00,LIVE,donchian_nylondon,EURUSD,calendar_refresh,,events=0,"{""decision_threshold"": 0.6600000000000001, ""no_trade_band"": 0.0}"
2026-03-17T17:50:25.917108+00:00,LIVE,donchian_nylondon,EURUSD,no_upcoming_events,,calendar_empty_after_filter,"{""decision_threshold"": 0.6600000000000001, ""no_trade_band"": 0.0}"
2026-03-17T17:53:03.758190+00:00,LIVE,donchian_nylondon,EURUSD,calendar_refresh,,events=0,"{""decision_threshold"": 0.6600000000000001, ""no_trade_band"": 0.0}"
2026-03-17T17:53:03.766074+00:00,LIVE,donchian_nylondon,EURUSD,no_upcoming_events,,calendar_empty_after_filter,"{""decision_threshold"": 0.6600000000000001, ""no_trade_band"": 0.0}"
2026-03-17T17:55:36.651004+00:00,LIVE,donchian_nylondon,EURUSD,calendar_refresh,,events=0,"{""decision_threshold"": 0.6600000000000001, ""no_trade_band"": 0.0}"
2026-03-17T17:55:36.657090+00:00,LIVE,donchian_nylondon,EURUSD,no_upcoming_events,,calendar_empty_after_filter,"{""decision_threshold"": 0.6600000000000001, ""no_trade_band"": 0.0}"
2026-03-17T17:57:58.244518+00:00,LIVE,donchian_nylondon,EURUSD,calendar_refresh,,events=0,"{""decision_threshold"": 0.6600000000000001, ""no_trade_band"": 0.0}"
2026-03-17T17:57:58.249438+00:00,LIVE,donchian_nylondon,EURUSD,no_upcoming_events,,calendar_empty_after_filter,"{""decision_threshold"": 0.6600000000000001, ""no_trade_band"": 0.0}"
2026-03-17T18:00:18.456253+00:00,LIVE,donchian_nylondon,EURUSD,calendar_refresh,,events=0,"{""decision_threshold"": 0.6600000000000001, ""no_trade_band"": 0.0}"
2026-03-17T18:00:18.459246+00:00,LIVE,donchian_nylondon,EURUSD,no_upcoming_events,,calendar_empty_after_filter,"{""decision_threshold"": 0.6600000000000001, ""no_trade_band"": 0.0}"
2026-03-17T18:02:39.424182+00:00,LIVE,donchian_nylondon,EURUSD,calendar_refresh,,events=0,"{""decision_threshold"": 0.6600000000000001, ""no_trade_band"": 0.0}"
2026-03-17T18:02:39.427181+00:00,LIVE,donchian_nylondon,EURUSD,no_upcoming_events,,calendar_empty_after_filter,"{""decision_threshold"": 0.6600000000000001, ""no_trade_band"": 0.0}"
2026-03-17T18:04:59.788206+00:00,LIVE,donchian_nylondon,EURUSD,calendar_refresh,,events=0,"{""decision_threshold"": 0.6600000000000001, ""no_trade_band"": 0.0}"
2026-03-17T18:04:59.791694+00:00,LIVE,donchian_nylondon,EURUSD,no_upcoming_events,,calendar_empty_after_filter,"{""decision_threshold"": 0.6600000000000001, ""no_trade_band"": 0.0}"
2026-03-17T18:07:19.695156+00:00,LIVE,donchian_nylondon,EURUSD,calendar_refresh,,events=0,"{""decision_threshold"": 0.6600000000000001, ""no_trade_band"": 0.0}"
2026-03-17T18:07:19.697195+00:00,LIVE,donchian_nylondon,EURUSD,no_upcoming_events,,calendar_empty_after_filter,"{""decision_threshold"": 0.6600000000000001, ""no_trade_band"": 0.0}"
2026-03-17T18:09:39.342770+00:00,LIVE,donchian_nylondon,EURUSD,calendar_refresh,,events=0,"{""decision_threshold"": 0.6600000000000001, ""no_trade_band"": 0.0}"
2026-03-17T18:09:39.345792+00:00,LIVE,donchian_nylondon,EURUSD,no_upcoming_events,,calendar_empty_after_filter,"{""decision_threshold"": 0.6600000000000001, ""no_trade_band"": 0.0}"
2026-03-17T18:12:00.578765+00:00,LIVE,donchian_nylondon,EURUSD,calendar_refresh,,events=0,"{""decision_threshold"": 0.6600000000000001, ""no_trade_band"": 0.0}"
2026-03-17T18:12:00.581942+00:00,LIVE,donchian_nylondon,EURUSD,no_upcoming_events,,calendar_empty_after_filter,"{""decision_threshold"": 0.6600000000000001, ""no_trade_band"": 0.0}"
2026-03-17T18:14:20.749002+00:00,LIVE,donchian_nylondon,EURUSD,calendar_refresh,,events=0,"{""decision_threshold"": 0.6600000000000001, ""no_trade_band"": 0.0}"
2026-03-17T18:14:20.754229+00:00,LIVE,donchian_nylondon,EURUSD,no_upcoming_events,,calendar_empty_after_filter,"{""decision_threshold"": 0.6600000000000001, ""no_trade_band"": 0.0}"
2026-03-17T18:16:40.928865+00:00,LIVE,donchian_nylondon,EURUSD,calendar_refresh,,events=0,"{""decision_threshold"": 0.6600000000000001, ""no_trade_band"": 0.0}"
2026-03-17T18:16:40.932725+00:00,LIVE,donchian_nylondon,EURUSD,no_upcoming_events,,calendar_empty_after_filter,"{""decision_threshold"": 0.6600000000000001, ""no_trade_band"": 0.0}"
2026-03-17T18:19:01.469994+00:00,LIVE,donchian_nylondon,EURUSD,calendar_refresh,,events=0,"{""decision_threshold"": 0.6600000000000001, ""no_trade_band"": 0.0}"
2026-03-17T18:19:01.474756+00:00,LIVE,donchian_nylondon,EURUSD,no_upcoming_events,,calendar_empty_after_filter,"{""decision_threshold"": 0.6600000000000001, ""no_trade_band"": 0.0}"
2026-03-17T18:21:21.411630+00:00,LIVE,donchian_nylondon,EURUSD,calendar_refresh,,events=0,"{""decision_threshold"": 0.6600000000000001, ""no_trade_band"": 0.0}"
2026-03-17T18:21:21.416945+00:00,LIVE,donchian_nylondon,EURUSD,no_upcoming_events,,calendar_empty_after_filter,"{""decision_threshold"": 0.6600000000000001, ""no_trade_band"": 0.0}"
2026-03-17T18:23:41.612777+00:00,LIVE,donchian_nylondon,EURUSD,calendar_refresh,,events=0,"{""decision_threshold"": 0.6600000000000001, ""no_trade_band"": 0.0}"
2026-03-17T18:23:41.615786+00:00,LIVE,donchian_nylondon,EURUSD,no_upcoming_events,,calendar_empty_after_filter,"{""decision_threshold"": 0.6600000000000001, ""no_trade_band"": 0.0}"
2026-03-17T18:26:02.110857+00:00,LIVE,donchian_nylondon,EURUSD,calendar_refresh,,events=0,"{""decision_threshold"": 0.6600000000000001, ""no_trade_band"": 0.0}"
2026-03-17T18:26:02.114843+00:00,LIVE,donchian_nylondon,EURUSD,no_upcoming_events,,calendar_empty_after_filter,"{""decision_threshold"": 0.6600000000000001, ""no_trade_band"": 0.0}"
2026-03-17T18:28:21.916145+00:00,LIVE,donchian_nylondon,EURUSD,calendar_refresh,,events=0,"{""decision_threshold"": 0.6600000000000001, ""no_trade_band"": 0.0}"
2026-03-17T18:28:21.933463+00:00,LIVE,donchian_nylondon,EURUSD,no_upcoming_events,,calendar_empty_after_filter,"{""decision_threshold"": 0.6600000000000001, ""no_trade_band"": 0.0}"
2026-03-17T18:30:42.518316+00:00,LIVE,donchian_nylondon,EURUSD,calendar_refresh,,events=0,"{""decision_threshold"": 0.6600000000000001, ""no_trade_band"": 0.0}"
2026-03-17T18:30:42.521288+00:00,LIVE,donchian_nylondon,EURUSD,no_upcoming_events,,calendar_empty_after_filter,"{""decision_threshold"": 0.6600000000000001, ""no_trade_band"": 0.0}"
2026-03-17T18:33:02.851139+00:00,LIVE,donchian_nylondon,EURUSD,calendar_refresh,,events=0,"{""decision_threshold"": 0.6600000000000001, ""no_trade_band"": 0.0}"
2026-03-17T18:33:02.855159+00:00,LIVE,donchian_nylondon,EURUSD,no_upcoming_events,,calendar_empty_after_filter,"{""decision_threshold"": 0.6600000000000001, ""no_trade_band"": 0.0}"
2026-03-17T18:35:23.211416+00:00,LIVE,donchian_nylondon,EURUSD,calendar_refresh,,events=0,"{""decision_threshold"": 0.6600000000000001, ""no_trade_band"": 0.0}"
2026-03-17T18:35:23.215440+00:00,LIVE,donchian_nylondon,EURUSD,no_upcoming_events,,calendar_empty_after_filter,"{""decision_threshold"": 0.6600000000000001, ""no_trade_band"": 0.0}"
2026-03-17T18:37:43.178367+00:00,LIVE,donchian_nylondon,EURUSD,calendar_refresh,,events=0,"{""decision_threshold"": 0.6600000000000001, ""no_trade_band"": 0.0}"
2026-03-17T18:37:43.183557+00:00,LIVE,donchian_nylondon,EURUSD,no_upcoming_events,,calendar_empty_after_filter,"{""decision_threshold"": 0.6600000000000001, ""no_trade_band"": 0.0}"
2026-03-17T18:40:04.434052+00:00,LIVE,donchian_nylondon,EURUSD,calendar_refresh,,events=0,"{""decision_threshold"": 0.6600000000000001, ""no_trade_band"": 0.0}"
2026-03-17T18:40:04.438728+00:00,LIVE,donchian_nylondon,EURUSD,no_upcoming_events,,calendar_empty_after_filter,"{""decision_threshold"": 0.6600000000000001, ""no_trade_band"": 0.0}"
2026-03-17T18:42:24.281746+00:00,LIVE,donchian_nylondon,EURUSD,calendar_refresh,,events=0,"{""decision_threshold"": 0.6600000000000001, ""no_trade_band"": 0.0}"
2026-03-17T18:42:24.285190+00:00,LIVE,donchian_nylondon,EURUSD,no_upcoming_events,,calendar_empty_after_filter,"{""decision_threshold"": 0.6600000000000001, ""no_trade_band"": 0.0}"
2026-03-17T18:44:43.940869+00:00,LIVE,donchian_nylondon,EURUSD,calendar_refresh,,events=0,"{""decision_threshold"": 0.6600000000000001, ""no_trade_band"": 0.0}"
2026-03-17T18:44:43.944880+00:00,LIVE,donchian_nylondon,EURUSD,no_upcoming_events,,calendar_empty_after_filter,"{""decision_threshold"": 0.6600000000000001, ""no_trade_band"": 0.0}"
2026-03-17T18:47:04.512734+00:00,LIVE,donchian_nylondon,EURUSD,calendar_refresh,,events=0,"{""decision_threshold"": 0.6600000000000001, ""no_trade_band"": 0.0}"
2026-03-17T18:47:04.515849+00:00,LIVE,donchian_nylondon,EURUSD,no_upcoming_events,,calendar_empty_after_filter,"{""decision_threshold"": 0.6600000000000001, ""no_trade_band"": 0.0}"
2026-03-17T18:49:24.133696+00:00,LIVE,donchian_nylondon,EURUSD,calendar_refresh,,events=0,"{""decision_threshold"": 0.6600000000000001, ""no_trade_band"": 0.0}"
2026-03-17T18:49:24.136734+00:00,LIVE,donchian_nylondon,EURUSD,no_upcoming_events,,calendar_empty_after_filter,"{""decision_threshold"": 0.6600000000000001, ""no_trade_band"": 0.0}"
2026-03-17T18:51:44.445454+00:00,LIVE,donchian_nylondon,EURUSD,calendar_refresh,,events=0,"{""decision_threshold"": 0.6600000000000001, ""no_trade_band"": 0.0}"
2026-03-17T18:51:44.448436+00:00,LIVE,donchian_nylondon,EURUSD,no_upcoming_events,,calendar_empty_after_filter,"{""decision_threshold"": 0.6600000000000001, ""no_trade_band"": 0.0}"
2026-03-17T18:54:04.023948+00:00,LIVE,donchian_nylondon,EURUSD,calendar_refresh,,events=0,"{""decision_threshold"": 0.6600000000000001, ""no_trade_band"": 0.0}"
2026-03-17T18:54:04.027950+00:00,LIVE,donchian_nylondon,EURUSD,no_upcoming_events,,calendar_empty_after_filter,"{""decision_threshold"": 0.6600000000000001, ""no_trade_band"": 0.0}"
2026-03-17T18:56:23.873964+00:00,LIVE,donchian_nylondon,EURUSD,calendar_refresh,,events=0,"{""decision_threshold"": 0.6600000000000001, ""no_trade_band"": 0.0}"
2026-03-17T18:56:23.877777+00:00,LIVE,donchian_nylondon,EURUSD,no_upcoming_events,,calendar_empty_after_filter,"{""decision_threshold"": 0.6600000000000001, ""no_trade_band"": 0.0}"
2026-03-17T18:58:43.773021+00:00,LIVE,donchian_nylondon,EURUSD,calendar_refresh,,events=0,"{""decision_threshold"": 0.6600000000000001, ""no_trade_band"": 0.0}"
2026-03-17T18:58:43.776022+00:00,LIVE,donchian_nylondon,EURUSD,no_upcoming_events,,calendar_empty_after_filter,"{""decision_threshold"": 0.6600000000000001, ""no_trade_band"": 0.0}"
2026-03-17T19:01:03.912312+00:00,LIVE,donchian_nylondon,EURUSD,calendar_refresh,,events=0,"{""decision_threshold"": 0.6600000000000001, ""no_trade_band"": 0.0}"
2026-03-17T19:01:03.916811+00:00,LIVE,donchian_nylondon,EURUSD,no_upcoming_events,,calendar_empty_after_filter,"{""decision_threshold"": 0.6600000000000001, ""no_trade_band"": 0.0}"
2026-03-17T19:03:28.506891+00:00,LIVE,donchian_nylondon,EURUSD,calendar_refresh,,events=0,"{""decision_threshold"": 0.6600000000000001, ""no_trade_band"": 0.0}"
2026-03-17T19:03:28.510895+00:00,LIVE,donchian_nylondon,EURUSD,no_upcoming_events,,calendar_empty_after_filter,"{""decision_threshold"": 0.6600000000000001, ""no_trade_band"": 0.0}"
2026-03-17T19:05:50.560926+00:00,LIVE,donchian_nylondon,EURUSD,calendar_refresh,,events=0,"{""decision_threshold"": 0.6600000000000001, ""no_trade_band"": 0.0}"
2026-03-17T19:05:50.563917+00:00,LIVE,donchian_nylondon,EURUSD,no_upcoming_events,,calendar_empty_after_filter,"{""decision_threshold"": 0.6600000000000001, ""no_trade_band"": 0.0}"
2026-03-17T19:08:15.337320+00:00,LIVE,donchian_nylondon,EURUSD,calendar_refresh,,events=0,"{""decision_threshold"": 0.6600000000000001, ""no_trade_band"": 0.0}"
2026-03-17T19:08:15.342360+00:00,LIVE,donchian_nylondon,EURUSD,no_upcoming_events,,calendar_empty_after_filter,"{""decision_threshold"": 0.6600000000000001, ""no_trade_band"": 0.0}"
2026-03-17T19:10:36.831901+00:00,LIVE,donchian_nylondon,EURUSD,calendar_refresh,,events=0,"{""decision_threshold"": 0.6600000000000001, ""no_trade_band"": 0.0}"
2026-03-17T19:10:36.836444+00:00,LIVE,donchian_nylondon,EURUSD,no_upcoming_events,,calendar_empty_after_filter,"{""decision_threshold"": 0.6600000000000001, ""no_trade_band"": 0.0}"
2026-03-17T19:12:56.523830+00:00,LIVE,donchian_nylondon,EURUSD,calendar_refresh,,events=0,"{""decision_threshold"": 0.6600000000000001, ""no_trade_band"": 0.0}"
2026-03-17T19:12:56.539513+00:00,LIVE,donchian_nylondon,EURUSD,no_upcoming_events,,calendar_empty_after_filter,"{""decision_threshold"": 0.6600000000000001, ""no_trade_band"": 0.0}"
2026-03-17T19:15:17.622871+00:00,LIVE,donchian_nylondon,EURUSD,calendar_refresh,,events=0,"{""decision_threshold"": 0.6600000000000001, ""no_trade_band"": 0.0}"
2026-03-17T19:15:17.626593+00:00,LIVE,donchian_nylondon,EURUSD,no_upcoming_events,,calendar_empty_after_filter,"{""decision_threshold"": 0.6600000000000001, ""no_trade_band"": 0.0}"
2026-03-17T19:17:37.703830+00:00,LIVE,donchian_nylondon,EURUSD,calendar_refresh,,events=0,"{""decision_threshold"": 0.6600000000000001, ""no_trade_band"": 0.0}"
2026-03-17T19:17:37.706834+00:00,LIVE,donchian_nylondon,EURUSD,no_upcoming_events,,calendar_empty_after_filter,"{""decision_threshold"": 0.6600000000000001, ""no_trade_band"": 0.0}"
2026-03-17T19:20:01.512627+00:00,LIVE,donchian_nylondon,EURUSD,calendar_refresh,,events=0,"{""decision_threshold"": 0.6600000000000001, ""no_trade_band"": 0.0}"
2026-03-17T19:20:01.517573+00:00,LIVE,donchian_nylondon,EURUSD,no_upcoming_events,,calendar_empty_after_filter,"{""decision_threshold"": 0.6600000000000001, ""no_trade_band"": 0.0}"
2026-03-17T19:22:23.852928+00:00,LIVE,donchian_nylondon,EURUSD,calendar_refresh,,events=0,"{""decision_threshold"": 0.6600000000000001, ""no_trade_band"": 0.0}"
2026-03-17T19:22:23.857168+00:00,LIVE,donchian_nylondon,EURUSD,no_upcoming_events,,calendar_empty_after_filter,"{""decision_threshold"": 0.6600000000000001, ""no_trade_band"": 0.0}"
2026-03-17T19:24:43.412384+00:00,LIVE,donchian_nylondon,EURUSD,calendar_refresh,,events=0,"{""decision_threshold"": 0.6600000000000001, ""no_trade_band"": 0.0}"
2026-03-17T19:24:43.429179+00:00,LIVE,donchian_nylondon,EURUSD,no_upcoming_events,,calendar_empty_after_filter,"{""decision_threshold"": 0.6600000000000001, ""no_trade_band"": 0.0}"
2026-03-17T19:27:03.156454+00:00,LIVE,donchian_nylondon,EURUSD,calendar_refresh,,events=0,"{""decision_threshold"": 0.6600000000000001, ""no_trade_band"": 0.0}"
2026-03-17T19:27:03.160881+00:00,LIVE,donchian_nylondon,EURUSD,no_upcoming_events,,calendar_empty_after_filter,"{""decision_threshold"": 0.6600000000000001, ""no_trade_band"": 0.0}"
2026-03-17T19:29:23.747584+00:00,LIVE,donchian_nylondon,EURUSD,calendar_refresh,,events=0,"{""decision_threshold"": 0.6600000000000001, ""no_trade_band"": 0.0}"
2026-03-17T19:29:23.751022+00:00,LIVE,donchian_nylondon,EURUSD,no_upcoming_events,,calendar_empty_after_filter,"{""decision_threshold"": 0.6600000000000001, ""no_trade_band"": 0.0}"
2026-03-17T19:31:42.968443+00:00,LIVE,donchian_nylondon,EURUSD,calendar_refresh,,events=0,"{""decision_threshold"": 0.6600000000000001, ""no_trade_band"": 0.0}"
2026-03-17T19:31:42.972438+00:00,LIVE,donchian_nylondon,EURUSD,no_upcoming_events,,calendar_empty_after_filter,"{""decision_threshold"": 0.6600000000000001, ""no_trade_band"": 0.0}"
2026-03-17T19:34:02.853489+00:00,LIVE,donchian_nylondon,EURUSD,calendar_refresh,,events=0,"{""decision_threshold"": 0.6600000000000001, ""no_trade_band"": 0.0}"
2026-03-17T19:34:02.856492+00:00,LIVE,donchian_nylondon,EURUSD,no_upcoming_events,,calendar_empty_after_filter,"{""decision_threshold"": 0.6600000000000001, ""no_trade_band"": 0.0}"
2026-03-17T19:36:24.058496+00:00,LIVE,donchian_nylondon,EURUSD,calendar_refresh,,events=0,"{""decision_threshold"": 0.6600000000000001, ""no_trade_band"": 0.0}"
2026-03-17T19:36:24.061493+00:00,LIVE,donchian_nylondon,EURUSD,no_upcoming_events,,calendar_empty_after_filter,"{""decision_threshold"": 0.6600000000000001, ""no_trade_band"": 0.0}"
2026-03-17T19:38:44.363661+00:00,LIVE,donchian_nylondon,EURUSD,calendar_refresh,,events=0,"{""decision_threshold"": 0.6600000000000001, ""no_trade_band"": 0.0}"
2026-03-17T19:38:44.367652+00:00,LIVE,donchian_nylondon,EURUSD,no_upcoming_events,,calendar_empty_after_filter,"{""decision_threshold"": 0.6600000000000001, ""no_trade_band"": 0.0}"
2026-03-17T19:41:04.983549+00:00,LIVE,donchian_nylondon,EURUSD,calendar_refresh,,events=0,"{""decision_threshold"": 0.6600000000000001, ""no_trade_band"": 0.0}"
2026-03-17T19:41:04.986550+00:00,LIVE,donchian_nylondon,EURUSD,no_upcoming_events,,calendar_empty_after_filter,"{""decision_threshold"": 0.6600000000000001, ""no_trade_band"": 0.0}"
2026-03-17T19:43:24.741785+00:00,LIVE,donchian_nylondon,EURUSD,calendar_refresh,,events=0,"{""decision_threshold"": 0.6600000000000001, ""no_trade_band"": 0.0}"
2026-03-17T19:43:24.746188+00:00,LIVE,donchian_nylondon,EURUSD,no_upcoming_events,,calendar_empty_after_filter,"{""decision_threshold"": 0.6600000000000001, ""no_trade_band"": 0.0}"
2026-03-17T19:45:46.169526+00:00,LIVE,donchian_nylondon,EURUSD,calendar_refresh,,events=0,"{""decision_threshold"": 0.6600000000000001, ""no_trade_band"": 0.0}"
2026-03-17T19:45:46.172523+00:00,LIVE,donchian_nylondon,EURUSD,no_upcoming_events,,calendar_empty_after_filter,"{""decision_threshold"": 0.6600000000000001, ""no_trade_band"": 0.0}"
2026-03-17T19:48:06.272225+00:00,LIVE,donchian_nylondon,EURUSD,calendar_refresh,,events=0,"{""decision_threshold"": 0.6600000000000001, ""no_trade_band"": 0.0}"
2026-03-17T19:48:06.275453+00:00,LIVE,donchian_nylondon,EURUSD,no_upcoming_events,,calendar_empty_after_filter,"{""decision_threshold"": 0.6600000000000001, ""no_trade_band"": 0.0}"
2026-03-17T19:50:25.878163+00:00,LIVE,donchian_nylondon,EURUSD,calendar_refresh,,events=0,"{""decision_threshold"": 0.6600000000000001, ""no_trade_band"": 0.0}"
2026-03-17T19:50:25.881494+00:00,LIVE,donchian_nylondon,EURUSD,no_upcoming_events,,calendar_empty_after_filter,"{""decision_threshold"": 0.6600000000000001, ""no_trade_band"": 0.0}"
2026-03-17T19:52:46.239868+00:00,LIVE,donchian_nylondon,EURUSD,calendar_refresh,,events=0,"{""decision_threshold"": 0.6600000000000001, ""no_trade_band"": 0.0}"
2026-03-17T19:52:46.243869+00:00,LIVE,donchian_nylondon,EURUSD,no_upcoming_events,,calendar_empty_after_filter,"{""decision_threshold"": 0.6600000000000001, ""no_trade_band"": 0.0}"
2026-03-17T19:55:06.073953+00:00,LIVE,donchian_nylondon,EURUSD,calendar_refresh,,events=0,"{""decision_threshold"": 0.6600000000000001, ""no_trade_band"": 0.0}"
2026-03-17T19:55:06.076959+00:00,LIVE,donchian_nylondon,EURUSD,no_upcoming_events,,calendar_empty_after_filter,"{""decision_threshold"": 0.6600000000000001, ""no_trade_band"": 0.0}"
2026-03-17T19:57:27.399809+00:00,LIVE,donchian_nylondon,EURUSD,calendar_refresh,,events=0,"{""decision_threshold"": 0.6600000000000001, ""no_trade_band"": 0.0}"
2026-03-17T19:57:27.402802+00:00,LIVE,donchian_nylondon,EURUSD,no_upcoming_events,,calendar_empty_after_filter,"{""decision_threshold"": 0.6600000000000001, ""no_trade_band"": 0.0}"
2026-03-17T19:59:47.353620+00:00,LIVE,donchian_nylondon,EURUSD,calendar_refresh,,events=0,"{""decision_threshold"": 0.6600000000000001, ""no_trade_band"": 0.0}"
2026-03-17T19:59:47.356612+00:00,LIVE,donchian_nylondon,EURUSD,no_upcoming_events,,calendar_empty_after_filter,"{""decision_threshold"": 0.6600000000000001, ""no_trade_band"": 0.0}"
2026-03-17T20:02:07.258900+00:00,LIVE,donchian_nylondon,EURUSD,calendar_refresh,,events=0,"{""decision_threshold"": 0.6600000000000001, ""no_trade_band"": 0.0}"
2026-03-17T20:02:07.261918+00:00,LIVE,donchian_nylondon,EURUSD,no_upcoming_events,,calendar_empty_after_filter,"{""decision_threshold"": 0.6600000000000001, ""no_trade_band"": 0.0}"
2026-03-17T20:04:28.882148+00:00,LIVE,donchian_nylondon,EURUSD,calendar_refresh,,events=0,"{""decision_threshold"": 0.6600000000000001, ""no_trade_band"": 0.0}"
2026-03-17T20:04:28.885159+00:00,LIVE,donchian_nylondon,EURUSD,no_upcoming_events,,calendar_empty_after_filter,"{""decision_threshold"": 0.6600000000000001, ""no_trade_band"": 0.0}"
2026-03-17T20:06:48.583503+00:00,LIVE,donchian_nylondon,EURUSD,calendar_refresh,,events=0,"{""decision_threshold"": 0.6600000000000001, ""no_trade_band"": 0.0}"
2026-03-17T20:06:48.586482+00:00,LIVE,donchian_nylondon,EURUSD,no_upcoming_events,,calendar_empty_after_filter,"{""decision_threshold"": 0.6600000000000001, ""no_trade_band"": 0.0}"
2026-03-17T20:09:08.025404+00:00,LIVE,donchian_nylondon,EURUSD,calendar_refresh,,events=0,"{""decision_threshold"": 0.6600000000000001, ""no_trade_band"": 0.0}"
2026-03-17T20:09:08.028412+00:00,LIVE,donchian_nylondon,EURUSD,no_upcoming_events,,calendar_empty_after_filter,"{""decision_threshold"": 0.6600000000000001, ""no_trade_band"": 0.0}"
2026-03-17T20:11:27.936870+00:00,LIVE,donchian_nylondon,EURUSD,calendar_refresh,,events=0,"{""decision_threshold"": 0.6600000000000001, ""no_trade_band"": 0.0}"
2026-03-17T20:11:27.939915+00:00,LIVE,donchian_nylondon,EURUSD,no_upcoming_events,,calendar_empty_after_filter,"{""decision_threshold"": 0.6600000000000001, ""no_trade_band"": 0.0}"
2026-03-17T20:13:48.190058+00:00,LIVE,donchian_nylondon,EURUSD,calendar_refresh,,events=0,"{""decision_threshold"": 0.6600000000000001, ""no_trade_band"": 0.0}"
2026-03-17T20:13:48.193623+00:00,LIVE,donchian_nylondon,EURUSD,no_upcoming_events,,calendar_empty_after_filter,"{""decision_threshold"": 0.6600000000000001, ""no_trade_band"": 0.0}"
2026-03-17T20:16:08.639528+00:00,LIVE,donchian_nylondon,EURUSD,calendar_refresh,,events=0,"{""decision_threshold"": 0.6600000000000001, ""no_trade_band"": 0.0}"
2026-03-17T20:16:08.642527+00:00,LIVE,donchian_nylondon,EURUSD,no_upcoming_events,,calendar_empty_after_filter,"{""decision_threshold"": 0.6600000000000001, ""no_trade_band"": 0.0}"
2026-03-17T20:18:28.983275+00:00,LIVE,donchian_nylondon,EURUSD,calendar_refresh,,events=0,"{""decision_threshold"": 0.6600000000000001, ""no_trade_band"": 0.0}"
2026-03-17T20:18:28.988269+00:00,LIVE,donchian_nylondon,EURUSD,no_upcoming_events,,calendar_empty_after_filter,"{""decision_threshold"": 0.6600000000000001, ""no_trade_band"": 0.0}"
2026-03-17T20:20:48.625080+00:00,LIVE,donchian_nylondon,EURUSD,calendar_refresh,,events=0,"{""decision_threshold"": 0.6600000000000001, ""no_trade_band"": 0.0}"
2026-03-17T20:20:48.628083+00:00,LIVE,donchian_nylondon,EURUSD,no_upcoming_events,,calendar_empty_after_filter,"{""decision_threshold"": 0.6600000000000001, ""no_trade_band"": 0.0}"
2026-03-17T20:23:07.603976+00:00,LIVE,donchian_nylondon,EURUSD,calendar_refresh,,events=0,"{""decision_threshold"": 0.6600000000000001, ""no_trade_band"": 0.0}"
2026-03-17T20:23:07.607983+00:00,LIVE,donchian_nylondon,EURUSD,no_upcoming_events,,calendar_empty_after_filter,"{""decision_threshold"": 0.6600000000000001, ""no_trade_band"": 0.0}"
2026-03-17T20:25:27.089825+00:00,LIVE,donchian_nylondon,EURUSD,calendar_refresh,,events=0,"{""decision_threshold"": 0.6600000000000001, ""no_trade_band"": 0.0}"
2026-03-17T20:25:27.092827+00:00,LIVE,donchian_nylondon,EURUSD,no_upcoming_events,,calendar_empty_after_filter,"{""decision_threshold"": 0.6600000000000001, ""no_trade_band"": 0.0}"
2026-03-17T20:27:47.737904+00:00,LIVE,donchian_nylondon,EURUSD,calendar_refresh,,events=0,"{""decision_threshold"": 0.6600000000000001, ""no_trade_band"": 0.0}"
2026-03-17T20:27:47.741940+00:00,LIVE,donchian_nylondon,EURUSD,no_upcoming_events,,calendar_empty_after_filter,"{""decision_threshold"": 0.6600000000000001, ""no_trade_band"": 0.0}"
2026-03-17T20:30:08.705786+00:00,LIVE,donchian_nylondon,EURUSD,calendar_refresh,,events=0,"{""decision_threshold"": 0.6600000000000001, ""no_trade_band"": 0.0}"
2026-03-17T20:30:08.708925+00:00,LIVE,donchian_nylondon,EURUSD,no_upcoming_events,,calendar_empty_after_filter,"{""decision_threshold"": 0.6600000000000001, ""no_trade_band"": 0.0}"
2026-03-17T20:32:28.571118+00:00,LIVE,donchian_nylondon,EURUSD,calendar_refresh,,events=0,"{""decision_threshold"": 0.6600000000000001, ""no_trade_band"": 0.0}"
2026-03-17T20:32:28.575178+00:00,LIVE,donchian_nylondon,EURUSD,no_upcoming_events,,calendar_empty_after_filter,"{""decision_threshold"": 0.6600000000000001, ""no_trade_band"": 0.0}"
2026-03-17T20:34:48.567381+00:00,LIVE,donchian_nylondon,EURUSD,calendar_refresh,,events=0,"{""decision_threshold"": 0.6600000000000001, ""no_trade_band"": 0.0}"
2026-03-17T20:34:48.571377+00:00,LIVE,donchian_nylondon,EURUSD,no_upcoming_events,,calendar_empty_after_filter,"{""decision_threshold"": 0.6600000000000001, ""no_trade_band"": 0.0}"
2026-03-17T20:37:08.991633+00:00,LIVE,donchian_nylondon,EURUSD,calendar_refresh,,events=0,"{""decision_threshold"": 0.6600000000000001, ""no_trade_band"": 0.0}"
2026-03-17T20:37:08.995014+00:00,LIVE,donchian_nylondon,EURUSD,no_upcoming_events,,calendar_empty_after_filter,"{""decision_threshold"": 0.6600000000000001, ""no_trade_band"": 0.0}"
2026-03-17T20:39:28.736029+00:00,LIVE,donchian_nylondon,EURUSD,calendar_refresh,,events=0,"{""decision_threshold"": 0.6600000000000001, ""no_trade_band"": 0.0}"
2026-03-17T20:39:28.739029+00:00,LIVE,donchian_nylondon,EURUSD,no_upcoming_events,,calendar_empty_after_filter,"{""decision_threshold"": 0.6600000000000001, ""no_trade_band"": 0.0}"
2026-03-17T20:41:48.943739+00:00,LIVE,donchian_nylondon,EURUSD,calendar_refresh,,events=0,"{""decision_threshold"": 0.6600000000000001, ""no_trade_band"": 0.0}"
2026-03-17T20:41:48.947742+00:00,LIVE,donchian_nylondon,EURUSD,no_upcoming_events,,calendar_empty_after_filter,"{""decision_threshold"": 0.6600000000000001, ""no_trade_band"": 0.0}"
2026-03-17T20:44:08.352031+00:00,LIVE,donchian_nylondon,EURUSD,calendar_refresh,,events=0,"{""decision_threshold"": 0.6600000000000001, ""no_trade_band"": 0.0}"
2026-03-17T20:44:08.356032+00:00,LIVE,donchian_nylondon,EURUSD,no_upcoming_events,,calendar_empty_after_filter,"{""decision_threshold"": 0.6600000000000001, ""no_trade_band"": 0.0}"
2026-03-17T20:46:29.200389+00:00,LIVE,donchian_nylondon,EURUSD,calendar_refresh,,events=0,"{""decision_threshold"": 0.6600000000000001, ""no_trade_band"": 0.0}"
2026-03-17T20:46:29.202389+00:00,LIVE,donchian_nylondon,EURUSD,no_upcoming_events,,calendar_empty_after_filter,"{""decision_threshold"": 0.6600000000000001, ""no_trade_band"": 0.0}"
2026-03-17T20:48:48.813815+00:00,LIVE,donchian_nylondon,EURUSD,calendar_refresh,,events=0,"{""decision_threshold"": 0.6600000000000001, ""no_trade_band"": 0.0}"
2026-03-17T20:48:48.817315+00:00,LIVE,donchian_nylondon,EURUSD,no_upcoming_events,,calendar_empty_after_filter,"{""decision_threshold"": 0.6600000000000001, ""no_trade_band"": 0.0}"
2026-03-17T20:51:09.973029+00:00,LIVE,donchian_nylondon,EURUSD,calendar_refresh,,events=0,"{""decision_threshold"": 0.6600000000000001, ""no_trade_band"": 0.0}"
2026-03-17T20:51:09.977043+00:00,LIVE,donchian_nylondon,EURUSD,no_upcoming_events,,calendar_empty_after_filter,"{""decision_threshold"": 0.6600000000000001, ""no_trade_band"": 0.0}"
2026-03-17T20:53:30.698512+00:00,LIVE,donchian_nylondon,EURUSD,calendar_refresh,,events=0,"{""decision_threshold"": 0.6600000000000001, ""no_trade_band"": 0.0}"
2026-03-17T20:53:30.701507+00:00,LIVE,donchian_nylondon,EURUSD,no_upcoming_events,,calendar_empty_after_filter,"{""decision_threshold"": 0.6600000000000001, ""no_trade_band"": 0.0}"
2026-03-17T20:55:50.595270+00:00,LIVE,donchian_nylondon,EURUSD,calendar_refresh,,events=0,"{""decision_threshold"": 0.6600000000000001, ""no_trade_band"": 0.0}"
2026-03-17T20:55:50.598570+00:00,LIVE,donchian_nylondon,EURUSD,no_upcoming_events,,calendar_empty_after_filter,"{""decision_threshold"": 0.6600000000000001, ""no_trade_band"": 0.0}"
2026-03-17T20:58:10.355393+00:00,LIVE,donchian_nylondon,EURUSD,calendar_refresh,,events=0,"{""decision_threshold"": 0.6600000000000001, ""no_trade_band"": 0.0}"
2026-03-17T20:58:10.359444+00:00,LIVE,donchian_nylondon,EURUSD,no_upcoming_events,,calendar_empty_after_filter,"{""decision_threshold"": 0.6600000000000001, ""no_trade_band"": 0.0}"
2026-03-17T21:00:30.088638+00:00,LIVE,donchian_nylondon,EURUSD,calendar_refresh,,events=0,"{""decision_threshold"": 0.6600000000000001, ""no_trade_band"": 0.0}"
2026-03-17T21:00:30.091637+00:00,LIVE,donchian_nylondon,EURUSD,no_upcoming_events,,calendar_empty_after_filter,"{""decision_threshold"": 0.6600000000000001, ""no_trade_band"": 0.0}"
2026-03-17T21:02:50.247661+00:00,LIVE,donchian_nylondon,EURUSD,calendar_refresh,,events=0,"{""decision_threshold"": 0.6600000000000001, ""no_trade_band"": 0.0}"
2026-03-17T21:02:50.250672+00:00,LIVE,donchian_nylondon,EURUSD,no_upcoming_events,,calendar_empty_after_filter,"{""decision_threshold"": 0.6600000000000001, ""no_trade_band"": 0.0}"
2026-03-17T21:05:11.627130+00:00,LIVE,donchian_nylondon,EURUSD,calendar_refresh,,events=0,"{""decision_threshold"": 0.6600000000000001, ""no_trade_band"": 0.0}"
2026-03-17T21:05:11.631132+00:00,LIVE,donchian_nylondon,EURUSD,no_upcoming_events,,calendar_empty_after_filter,"{""decision_threshold"": 0.6600000000000001, ""no_trade_band"": 0.0}"
2026-03-17T21:07:32.957140+00:00,LIVE,donchian_nylondon,EURUSD,calendar_refresh,,events=0,"{""decision_threshold"": 0.6600000000000001, ""no_trade_band"": 0.0}"
2026-03-17T21:07:32.961531+00:00,LIVE,donchian_nylondon,EURUSD,no_upcoming_events,,calendar_empty_after_filter,"{""decision_threshold"": 0.6600000000000001, ""no_trade_band"": 0.0}"
2026-03-17T21:09:52.472979+00:00,LIVE,donchian_nylondon,EURUSD,calendar_refresh,,events=0,"{""decision_threshold"": 0.6600000000000001, ""no_trade_band"": 0.0}"
2026-03-17T21:09:52.481820+00:00,LIVE,donchian_nylondon,EURUSD,no_upcoming_events,,calendar_empty_after_filter,"{""decision_threshold"": 0.6600000000000001, ""no_trade_band"": 0.0}"
2026-03-17T21:12:12.395330+00:00,LIVE,donchian_nylondon,EURUSD,calendar_refresh,,events=0,"{""decision_threshold"": 0.6600000000000001, ""no_trade_band"": 0.0}"
2026-03-17T21:12:12.400704+00:00,LIVE,donchian_nylondon,EURUSD,no_upcoming_events,,calendar_empty_after_filter,"{""decision_threshold"": 0.6600000000000001, ""no_trade_band"": 0.0}"
2026-03-17T21:14:32.592945+00:00,LIVE,donchian_nylondon,EURUSD,calendar_refresh,,events=0,"{""decision_threshold"": 0.6600000000000001, ""no_trade_band"": 0.0}"
2026-03-17T21:14:32.596489+00:00,LIVE,donchian_nylondon,EURUSD,no_upcoming_events,,calendar_empty_after_filter,"{""decision_threshold"": 0.6600000000000001, ""no_trade_band"": 0.0}"
2026-03-17T21:16:52.062947+00:00,LIVE,donchian_nylondon,EURUSD,calendar_refresh,,events=0,"{""decision_threshold"": 0.6600000000000001, ""no_trade_band"": 0.0}"
2026-03-17T21:16:52.065947+00:00,LIVE,donchian_nylondon,EURUSD,no_upcoming_events,,calendar_empty_after_filter,"{""decision_threshold"": 0.6600000000000001, ""no_trade_band"": 0.0}"
2026-03-17T21:19:11.454895+00:00,LIVE,donchian_nylondon,EURUSD,calendar_refresh,,events=0,"{""decision_threshold"": 0.6600000000000001, ""no_trade_band"": 0.0}"
2026-03-17T21:19:11.457930+00:00,LIVE,donchian_nylondon,EURUSD,no_upcoming_events,,calendar_empty_after_filter,"{""decision_threshold"": 0.6600000000000001, ""no_trade_band"": 0.0}"
2026-03-17T21:21:31.844864+00:00,LIVE,donchian_nylondon,EURUSD,calendar_refresh,,events=0,"{""decision_threshold"": 0.6600000000000001, ""no_trade_band"": 0.0}"
2026-03-17T21:21:31.848417+00:00,LIVE,donchian_nylondon,EURUSD,no_upcoming_events,,calendar_empty_after_filter,"{""decision_threshold"": 0.6600000000000001, ""no_trade_band"": 0.0}"
2026-03-17T21:23:51.597410+00:00,LIVE,donchian_nylondon,EURUSD,calendar_refresh,,events=0,"{""decision_threshold"": 0.6600000000000001, ""no_trade_band"": 0.0}"
2026-03-17T21:23:51.600419+00:00,LIVE,donchian_nylondon,EURUSD,no_upcoming_events,,calendar_empty_after_filter,"{""decision_threshold"": 0.6600000000000001, ""no_trade_band"": 0.0}"
2026-03-17T21:26:12.628914+00:00,LIVE,donchian_nylondon,EURUSD,calendar_refresh,,events=0,"{""decision_threshold"": 0.6600000000000001, ""no_trade_band"": 0.0}"
2026-03-17T21:26:12.632006+00:00,LIVE,donchian_nylondon,EURUSD,no_upcoming_events,,calendar_empty_after_filter,"{""decision_threshold"": 0.6600000000000001, ""no_trade_band"": 0.0}"
2026-03-17T21:28:31.582474+00:00,LIVE,donchian_nylondon,EURUSD,calendar_refresh,,events=0,"{""decision_threshold"": 0.6600000000000001, ""no_trade_band"": 0.0}"
2026-03-17T21:28:31.585365+00:00,LIVE,donchian_nylondon,EURUSD,no_upcoming_events,,calendar_empty_after_filter,"{""decision_threshold"": 0.6600000000000001, ""no_trade_band"": 0.0}"
2026-03-17T21:30:51.265641+00:00,LIVE,donchian_nylondon,EURUSD,calendar_refresh,,events=0,"{""decision_threshold"": 0.6600000000000001, ""no_trade_band"": 0.0}"
2026-03-17T21:30:51.268633+00:00,LIVE,donchian_nylondon,EURUSD,no_upcoming_events,,calendar_empty_after_filter,"{""decision_threshold"": 0.6600000000000001, ""no_trade_band"": 0.0}"
2026-03-17T21:33:11.285005+00:00,LIVE,donchian_nylondon,EURUSD,calendar_refresh,,events=0,"{""decision_threshold"": 0.6600000000000001, ""no_trade_band"": 0.0}"
2026-03-17T21:33:11.289034+00:00,LIVE,donchian_nylondon,EURUSD,no_upcoming_events,,calendar_empty_after_filter,"{""decision_threshold"": 0.6600000000000001, ""no_trade_band"": 0.0}"
2026-03-17T21:35:32.947223+00:00,LIVE,donchian_nylondon,EURUSD,calendar_refresh,,events=0,"{""decision_threshold"": 0.6600000000000001, ""no_trade_band"": 0.0}"
2026-03-17T21:35:32.950589+00:00,LIVE,donchian_nylondon,EURUSD,no_upcoming_events,,calendar_empty_after_filter,"{""decision_threshold"": 0.6600000000000001, ""no_trade_band"": 0.0}"
2026-03-17T21:37:52.049706+00:00,LIVE,donchian_nylondon,EURUSD,calendar_refresh,,events=0,"{""decision_threshold"": 0.6600000000000001, ""no_trade_band"": 0.0}"
2026-03-17T21:37:52.053294+00:00,LIVE,donchian_nylondon,EURUSD,no_upcoming_events,,calendar_empty_after_filter,"{""decision_threshold"": 0.6600000000000001, ""no_trade_band"": 0.0}"
2026-03-17T21:40:11.990436+00:00,LIVE,donchian_nylondon,EURUSD,calendar_refresh,,events=0,"{""decision_threshold"": 0.6600000000000001, ""no_trade_band"": 0.0}"
2026-03-17T21:40:11.993426+00:00,LIVE,donchian_nylondon,EURUSD,no_upcoming_events,,calendar_empty_after_filter,"{""decision_threshold"": 0.6600000000000001, ""no_trade_band"": 0.0}"
2026-03-17T21:42:32.807876+00:00,LIVE,donchian_nylondon,EURUSD,calendar_refresh,,events=0,"{""decision_threshold"": 0.6600000000000001, ""no_trade_band"": 0.0}"
2026-03-17T21:42:32.811064+00:00,LIVE,donchian_nylondon,EURUSD,no_upcoming_events,,calendar_empty_after_filter,"{""decision_threshold"": 0.6600000000000001, ""no_trade_band"": 0.0}"
2026-03-17T21:44:52.287605+00:00,LIVE,donchian_nylondon,EURUSD,calendar_refresh,,events=0,"{""decision_threshold"": 0.6600000000000001, ""no_trade_band"": 0.0}"
2026-03-17T21:44:52.291603+00:00,LIVE,donchian_nylondon,EURUSD,no_upcoming_events,,calendar_empty_after_filter,"{""decision_threshold"": 0.6600000000000001, ""no_trade_band"": 0.0}"
2026-03-17T21:47:12.081398+00:00,LIVE,donchian_nylondon,EURUSD,calendar_refresh,,events=0,"{""decision_threshold"": 0.6600000000000001, ""no_trade_band"": 0.0}"
2026-03-17T21:47:12.084408+00:00,LIVE,donchian_nylondon,EURUSD,no_upcoming_events,,calendar_empty_after_filter,"{""decision_threshold"": 0.6600000000000001, ""no_trade_band"": 0.0}"
2026-03-17T21:49:32.208566+00:00,LIVE,donchian_nylondon,EURUSD,calendar_refresh,,events=0,"{""decision_threshold"": 0.6600000000000001, ""no_trade_band"": 0.0}"
2026-03-17T21:49:32.211557+00:00,LIVE,donchian_nylondon,EURUSD,no_upcoming_events,,calendar_empty_after_filter,"{""decision_threshold"": 0.6600000000000001, ""no_trade_band"": 0.0}"
2026-03-17T21:51:51.805717+00:00,LIVE,donchian_nylondon,EURUSD,calendar_refresh,,events=0,"{""decision_threshold"": 0.6600000000000001, ""no_trade_band"": 0.0}"
2026-03-17T21:51:51.808713+00:00,LIVE,donchian_nylondon,EURUSD,no_upcoming_events,,calendar_empty_after_filter,"{""decision_threshold"": 0.6600000000000001, ""no_trade_band"": 0.0}"
2026-03-17T21:54:12.251601+00:00,LIVE,donchian_nylondon,EURUSD,calendar_refresh,,events=0,"{""decision_threshold"": 0.6600000000000001, ""no_trade_band"": 0.0}"
2026-03-17T21:54:12.254597+00:00,LIVE,donchian_nylondon,EURUSD,no_upcoming_events,,calendar_empty_after_filter,"{""decision_threshold"": 0.6600000000000001, ""no_trade_band"": 0.0}"
2026-03-17T21:56:31.844222+00:00,LIVE,donchian_nylondon,EURUSD,calendar_refresh,,events=0,"{""decision_threshold"": 0.6600000000000001, ""no_trade_band"": 0.0}"
2026-03-17T21:56:31.847222+00:00,LIVE,donchian_nylondon,EURUSD,no_upcoming_events,,calendar_empty_after_filter,"{""decision_threshold"": 0.6600000000000001, ""no_trade_band"": 0.0}"
2026-03-17T21:58:51.428434+00:00,LIVE,donchian_nylondon,EURUSD,calendar_refresh,,events=0,"{""decision_threshold"": 0.6600000000000001, ""no_trade_band"": 0.0}"
2026-03-17T21:58:51.432411+00:00,LIVE,donchian_nylondon,EURUSD,no_upcoming_events,,calendar_empty_after_filter,"{""decision_threshold"": 0.6600000000000001, ""no_trade_band"": 0.0}"
2026-03-17T22:01:11.110830+00:00,LIVE,donchian_nylondon,EURUSD,calendar_refresh,,events=0,"{""decision_threshold"": 0.6600000000000001, ""no_trade_band"": 0.0}"
2026-03-17T22:01:11.113821+00:00,LIVE,donchian_nylondon,EURUSD,no_upcoming_events,,calendar_empty_after_filter,"{""decision_threshold"": 0.6600000000000001, ""no_trade_band"": 0.0}"
2026-03-17T22:03:30.323284+00:00,LIVE,donchian_nylondon,EURUSD,calendar_refresh,,events=0,"{""decision_threshold"": 0.6600000000000001, ""no_trade_band"": 0.0}"
2026-03-17T22:03:30.326275+00:00,LIVE,donchian_nylondon,EURUSD,no_upcoming_events,,calendar_empty_after_filter,"{""decision_threshold"": 0.6600000000000001, ""no_trade_band"": 0.0}"
2026-03-17T22:05:50.698651+00:00,LIVE,donchian_nylondon,EURUSD,calendar_refresh,,events=0,"{""decision_threshold"": 0.6600000000000001, ""no_trade_band"": 0.0}"
2026-03-17T22:05:50.701637+00:00,LIVE,donchian_nylondon,EURUSD,no_upcoming_events,,calendar_empty_after_filter,"{""decision_threshold"": 0.6600000000000001, ""no_trade_band"": 0.0}"
2026-03-17T22:08:13.475387+00:00,LIVE,donchian_nylondon,EURUSD,calendar_refresh,,events=0,"{""decision_threshold"": 0.6600000000000001, ""no_trade_band"": 0.0}"
2026-03-17T22:08:13.479369+00:00,LIVE,donchian_nylondon,EURUSD,no_upcoming_events,,calendar_empty_after_filter,"{""decision_threshold"": 0.6600000000000001, ""no_trade_band"": 0.0}"
2026-03-17T22:10:32.542101+00:00,LIVE,donchian_nylondon,EURUSD,calendar_refresh,,events=0,"{""decision_threshold"": 0.6600000000000001, ""no_trade_band"": 0.0}"
2026-03-17T22:10:32.546093+00:00,LIVE,donchian_nylondon,EURUSD,no_upcoming_events,,calendar_empty_after_filter,"{""decision_threshold"": 0.6600000000000001, ""no_trade_band"": 0.0}"
2026-03-17T22:12:52.325713+00:00,LIVE,donchian_nylondon,EURUSD,calendar_refresh,,events=0,"{""decision_threshold"": 0.6600000000000001, ""no_trade_band"": 0.0}"
2026-03-17T22:12:52.330125+00:00,LIVE,donchian_nylondon,EURUSD,no_upcoming_events,,calendar_empty_after_filter,"{""decision_threshold"": 0.6600000000000001, ""no_trade_band"": 0.0}"
2026-03-17T22:15:12.169651+00:00,LIVE,donchian_nylondon,EURUSD,calendar_refresh,,events=0,"{""decision_threshold"": 0.6600000000000001, ""no_trade_band"": 0.0}"
2026-03-17T22:15:12.173073+00:00,LIVE,donchian_nylondon,EURUSD,no_upcoming_events,,calendar_empty_after_filter,"{""decision_threshold"": 0.6600000000000001, ""no_trade_band"": 0.0}"
2026-03-17T22:17:31.671380+00:00,LIVE,donchian_nylondon,EURUSD,calendar_refresh,,events=0,"{""decision_threshold"": 0.6600000000000001, ""no_trade_band"": 0.0}"
2026-03-17T22:17:31.674377+00:00,LIVE,donchian_nylondon,EURUSD,no_upcoming_events,,calendar_empty_after_filter,"{""decision_threshold"": 0.6600000000000001, ""no_trade_band"": 0.0}"
2026-03-17T22:19:50.822336+00:00,LIVE,donchian_nylondon,EURUSD,calendar_refresh,,events=0,"{""decision_threshold"": 0.6600000000000001, ""no_trade_band"": 0.0}"
2026-03-17T22:19:50.825748+00:00,LIVE,donchian_nylondon,EURUSD,no_upcoming_events,,calendar_empty_after_filter,"{""decision_threshold"": 0.6600000000000001, ""no_trade_band"": 0.0}"
2026-03-17T22:22:10.763107+00:00,LIVE,donchian_nylondon,EURUSD,calendar_refresh,,events=0,"{""decision_threshold"": 0.6600000000000001, ""no_trade_band"": 0.0}"
2026-03-17T22:22:10.766117+00:00,LIVE,donchian_nylondon,EURUSD,no_upcoming_events,,calendar_empty_after_filter,"{""decision_threshold"": 0.6600000000000001, ""no_trade_band"": 0.0}"
2026-03-17T22:24:30.205941+00:00,LIVE,donchian_nylondon,EURUSD,calendar_refresh,,events=0,"{""decision_threshold"": 0.6600000000000001, ""no_trade_band"": 0.0}"
2026-03-17T22:24:30.209996+00:00,LIVE,donchian_nylondon,EURUSD,no_upcoming_events,,calendar_empty_after_filter,"{""decision_threshold"": 0.6600000000000001, ""no_trade_band"": 0.0}"
2026-03-17T22:26:49.946005+00:00,LIVE,donchian_nylondon,EURUSD,calendar_refresh,,events=0,"{""decision_threshold"": 0.6600000000000001, ""no_trade_band"": 0.0}"
2026-03-17T22:26:49.950365+00:00,LIVE,donchian_nylondon,EURUSD,no_upcoming_events,,calendar_empty_after_filter,"{""decision_threshold"": 0.6600000000000001, ""no_trade_band"": 0.0}"
2026-03-17T22:29:09.651142+00:00,LIVE,donchian_nylondon,EURUSD,calendar_refresh,,events=0,"{""decision_threshold"": 0.6600000000000001, ""no_trade_band"": 0.0}"
2026-03-17T22:29:09.654148+00:00,LIVE,donchian_nylondon,EURUSD,no_upcoming_events,,calendar_empty_after_filter,"{""decision_threshold"": 0.6600000000000001, ""no_trade_band"": 0.0}"
2026-03-17T22:31:29.689229+00:00,LIVE,donchian_nylondon,EURUSD,calendar_refresh,,events=0,"{""decision_threshold"": 0.6600000000000001, ""no_trade_band"": 0.0}"
2026-03-17T22:31:29.693459+00:00,LIVE,donchian_nylondon,EURUSD,no_upcoming_events,,calendar_empty_after_filter,"{""decision_threshold"": 0.6600000000000001, ""no_trade_band"": 0.0}"
2026-03-17T22:33:49.079594+00:00,LIVE,donchian_nylondon,EURUSD,calendar_refresh,,events=0,"{""decision_threshold"": 0.6600000000000001, ""no_trade_band"": 0.0}"
2026-03-17T22:33:49.082598+00:00,LIVE,donchian_nylondon,EURUSD,no_upcoming_events,,calendar_empty_after_filter,"{""decision_threshold"": 0.6600000000000001, ""no_trade_band"": 0.0}"
2026-03-17T22:36:09.116371+00:00,LIVE,donchian_nylondon,EURUSD,calendar_refresh,,events=0,"{""decision_threshold"": 0.6600000000000001, ""no_trade_band"": 0.0}"
2026-03-17T22:36:09.119368+00:00,LIVE,donchian_nylondon,EURUSD,no_upcoming_events,,calendar_empty_after_filter,"{""decision_threshold"": 0.6600000000000001, ""no_trade_band"": 0.0}"
2026-03-17T22:38:28.775552+00:00,LIVE,donchian_nylondon,EURUSD,calendar_refresh,,events=0,"{""decision_threshold"": 0.6600000000000001, ""no_trade_band"": 0.0}"
2026-03-17T22:38:28.778791+00:00,LIVE,donchian_nylondon,EURUSD,no_upcoming_events,,calendar_empty_after_filter,"{""decision_threshold"": 0.6600000000000001, ""no_trade_band"": 0.0}"
2026-03-17T22:40:48.116815+00:00,LIVE,donchian_nylondon,EURUSD,calendar_refresh,,events=0,"{""decision_threshold"": 0.6600000000000001, ""no_trade_band"": 0.0}"
2026-03-17T22:40:48.120873+00:00,LIVE,donchian_nylondon,EURUSD,no_upcoming_events,,calendar_empty_after_filter,"{""decision_threshold"": 0.6600000000000001, ""no_trade_band"": 0.0}"
2026-03-17T22:43:07.614037+00:00,LIVE,donchian_nylondon,EURUSD,calendar_refresh,,events=0,"{""decision_threshold"": 0.6600000000000001, ""no_trade_band"": 0.0}"
2026-03-17T22:43:07.617930+00:00,LIVE,donchian_nylondon,EURUSD,no_upcoming_events,,calendar_empty_after_filter,"{""decision_threshold"": 0.6600000000000001, ""no_trade_band"": 0.0}"
2026-03-17T22:45:27.825306+00:00,LIVE,donchian_nylondon,EURUSD,calendar_refresh,,events=0,"{""decision_threshold"": 0.6600000000000001, ""no_trade_band"": 0.0}"
2026-03-17T22:45:27.837515+00:00,LIVE,donchian_nylondon,EURUSD,no_upcoming_events,,calendar_empty_after_filter,"{""decision_threshold"": 0.6600000000000001, ""no_trade_band"": 0.0}"
2026-03-17T22:47:47.386540+00:00,LIVE,donchian_nylondon,EURUSD,calendar_refresh,,events=0,"{""decision_threshold"": 0.6600000000000001, ""no_trade_band"": 0.0}"
2026-03-17T22:47:47.389757+00:00,LIVE,donchian_nylondon,EURUSD,no_upcoming_events,,calendar_empty_after_filter,"{""decision_threshold"": 0.6600000000000001, ""no_trade_band"": 0.0}"
2026-03-17T22:50:06.726729+00:00,LIVE,donchian_nylondon,EURUSD,calendar_refresh,,events=0,"{""decision_threshold"": 0.6600000000000001, ""no_trade_band"": 0.0}"
2026-03-17T22:50:06.729730+00:00,LIVE,donchian_nylondon,EURUSD,no_upcoming_events,,calendar_empty_after_filter,"{""decision_threshold"": 0.6600000000000001, ""no_trade_band"": 0.0}"
2026-03-17T22:52:25.609464+00:00,LIVE,donchian_nylondon,EURUSD,calendar_refresh,,events=0,"{""decision_threshold"": 0.6600000000000001, ""no_trade_band"": 0.0}"
2026-03-17T22:52:25.612144+00:00,LIVE,donchian_nylondon,EURUSD,no_upcoming_events,,calendar_empty_after_filter,"{""decision_threshold"": 0.6600000000000001, ""no_trade_band"": 0.0}"
2026-03-17T22:54:46.180849+00:00,LIVE,donchian_nylondon,EURUSD,calendar_refresh,,events=0,"{""decision_threshold"": 0.6600000000000001, ""no_trade_band"": 0.0}"
2026-03-17T22:54:46.183851+00:00,LIVE,donchian_nylondon,EURUSD,no_upcoming_events,,calendar_empty_after_filter,"{""decision_threshold"": 0.6600000000000001, ""no_trade_band"": 0.0}"
2026-03-17T22:57:05.931259+00:00,LIVE,donchian_nylondon,EURUSD,calendar_refresh,,events=0,"{""decision_threshold"": 0.6600000000000001, ""no_trade_band"": 0.0}"
2026-03-17T22:57:05.935253+00:00,LIVE,donchian_nylondon,EURUSD,no_upcoming_events,,calendar_empty_after_filter,"{""decision_threshold"": 0.6600000000000001, ""no_trade_band"": 0.0}"
2026-03-17T22:59:25.146832+00:00,LIVE,donchian_nylondon,EURUSD,calendar_refresh,,events=0,"{""decision_threshold"": 0.6600000000000001, ""no_trade_band"": 0.0}"
2026-03-17T22:59:25.150173+00:00,LIVE,donchian_nylondon,EURUSD,no_upcoming_events,,calendar_empty_after_filter,"{""decision_threshold"": 0.6600000000000001, ""no_trade_band"": 0.0}"
2026-03-17T23:01:44.500492+00:00,LIVE,donchian_nylondon,EURUSD,calendar_refresh,,events=0,"{""decision_threshold"": 0.6600000000000001, ""no_trade_band"": 0.0}"
2026-03-17T23:01:44.503496+00:00,LIVE,donchian_nylondon,EURUSD,no_upcoming_events,,calendar_empty_after_filter,"{""decision_threshold"": 0.6600000000000001, ""no_trade_band"": 0.0}"
2026-03-17T23:04:04.239024+00:00,LIVE,donchian_nylondon,EURUSD,calendar_refresh,,events=0,"{""decision_threshold"": 0.6600000000000001, ""no_trade_band"": 0.0}"
2026-03-17T23:04:04.243027+00:00,LIVE,donchian_nylondon,EURUSD,no_upcoming_events,,calendar_empty_after_filter,"{""decision_threshold"": 0.6600000000000001, ""no_trade_band"": 0.0}"
2026-03-17T23:06:23.713160+00:00,LIVE,donchian_nylondon,EURUSD,calendar_refresh,,events=0,"{""decision_threshold"": 0.6600000000000001, ""no_trade_band"": 0.0}"
2026-03-17T23:06:23.717691+00:00,LIVE,donchian_nylondon,EURUSD,no_upcoming_events,,calendar_empty_after_filter,"{""decision_threshold"": 0.6600000000000001, ""no_trade_band"": 0.0}"
2026-03-17T23:08:43.114529+00:00,LIVE,donchian_nylondon,EURUSD,calendar_refresh,,events=0,"{""decision_threshold"": 0.6600000000000001, ""no_trade_band"": 0.0}"
2026-03-17T23:08:43.119533+00:00,LIVE,donchian_nylondon,EURUSD,no_upcoming_events,,calendar_empty_after_filter,"{""decision_threshold"": 0.6600000000000001, ""no_trade_band"": 0.0}"
2026-03-17T23:11:02.332050+00:00,LIVE,donchian_nylondon,EURUSD,calendar_refresh,,events=0,"{""decision_threshold"": 0.6600000000000001, ""no_trade_band"": 0.0}"
2026-03-17T23:11:02.335119+00:00,LIVE,donchian_nylondon,EURUSD,no_upcoming_events,,calendar_empty_after_filter,"{""decision_threshold"": 0.6600000000000001, ""no_trade_band"": 0.0}"
2026-03-17T23:13:22.107928+00:00,LIVE,donchian_nylondon,EURUSD,calendar_refresh,,events=0,"{""decision_threshold"": 0.6600000000000001, ""no_trade_band"": 0.0}"
2026-03-17T23:13:22.111908+00:00,LIVE,donchian_nylondon,EURUSD,no_upcoming_events,,calendar_empty_after_filter,"{""decision_threshold"": 0.6600000000000001, ""no_trade_band"": 0.0}"
2026-03-17T23:15:41.874877+00:00,LIVE,donchian_nylondon,EURUSD,calendar_refresh,,events=0,"{""decision_threshold"": 0.6600000000000001, ""no_trade_band"": 0.0}"
2026-03-17T23:15:41.878881+00:00,LIVE,donchian_nylondon,EURUSD,no_upcoming_events,,calendar_empty_after_filter,"{""decision_threshold"": 0.6600000000000001, ""no_trade_band"": 0.0}"
2026-03-17T23:18:01.480853+00:00,LIVE,donchian_nylondon,EURUSD,calendar_refresh,,events=0,"{""decision_threshold"": 0.6600000000000001, ""no_trade_band"": 0.0}"
2026-03-17T23:18:01.483836+00:00,LIVE,donchian_nylondon,EURUSD,no_upcoming_events,,calendar_empty_after_filter,"{""decision_threshold"": 0.6600000000000001, ""no_trade_band"": 0.0}"
2026-03-17T23:20:21.667883+00:00,LIVE,donchian_nylondon,EURUSD,calendar_refresh,,events=0,"{""decision_threshold"": 0.6600000000000001, ""no_trade_band"": 0.0}"
2026-03-17T23:20:21.670923+00:00,LIVE,donchian_nylondon,EURUSD,no_upcoming_events,,calendar_empty_after_filter,"{""decision_threshold"": 0.6600000000000001, ""no_trade_band"": 0.0}"
2026-03-17T23:22:41.264967+00:00,LIVE,donchian_nylondon,EURUSD,calendar_refresh,,events=0,"{""decision_threshold"": 0.6600000000000001, ""no_trade_band"": 0.0}"
2026-03-17T23:22:41.267978+00:00,LIVE,donchian_nylondon,EURUSD,no_upcoming_events,,calendar_empty_after_filter,"{""decision_threshold"": 0.6600000000000001, ""no_trade_band"": 0.0}"
2026-03-17T23:25:01.028667+00:00,LIVE,donchian_nylondon,EURUSD,calendar_refresh,,events=0,"{""decision_threshold"": 0.6600000000000001, ""no_trade_band"": 0.0}"
2026-03-17T23:25:01.032663+00:00,LIVE,donchian_nylondon,EURUSD,no_upcoming_events,,calendar_empty_after_filter,"{""decision_threshold"": 0.6600000000000001, ""no_trade_band"": 0.0}"
2026-03-17T23:27:20.122194+00:00,LIVE,donchian_nylondon,EURUSD,calendar_refresh,,events=0,"{""decision_threshold"": 0.6600000000000001, ""no_trade_band"": 0.0}"
2026-03-17T23:27:20.126235+00:00,LIVE,donchian_nylondon,EURUSD,no_upcoming_events,,calendar_empty_after_filter,"{""decision_threshold"": 0.6600000000000001, ""no_trade_band"": 0.0}"
2026-03-17T23:29:39.425960+00:00,LIVE,donchian_nylondon,EURUSD,calendar_refresh,,events=0,"{""decision_threshold"": 0.6600000000000001, ""no_trade_band"": 0.0}"
2026-03-17T23:29:39.430007+00:00,LIVE,donchian_nylondon,EURUSD,no_upcoming_events,,calendar_empty_after_filter,"{""decision_threshold"": 0.6600000000000001, ""no_trade_band"": 0.0}"
2026-03-17T23:31:59.242966+00:00,LIVE,donchian_nylondon,EURUSD,calendar_refresh,,events=0,"{""decision_threshold"": 0.6600000000000001, ""no_trade_band"": 0.0}"
2026-03-17T23:31:59.245966+00:00,LIVE,donchian_nylondon,EURUSD,no_upcoming_events,,calendar_empty_after_filter,"{""decision_threshold"": 0.6600000000000001, ""no_trade_band"": 0.0}"
2026-03-17T23:34:19.411506+00:00,LIVE,donchian_nylondon,EURUSD,calendar_refresh,,events=0,"{""decision_threshold"": 0.6600000000000001, ""no_trade_band"": 0.0}"
2026-03-17T23:34:19.415955+00:00,LIVE,donchian_nylondon,EURUSD,no_upcoming_events,,calendar_empty_after_filter,"{""decision_threshold"": 0.6600000000000001, ""no_trade_band"": 0.0}"
2026-03-17T23:36:38.640778+00:00,LIVE,donchian_nylondon,EURUSD,calendar_refresh,,events=0,"{""decision_threshold"": 0.6600000000000001, ""no_trade_band"": 0.0}"
2026-03-17T23:36:38.643916+00:00,LIVE,donchian_nylondon,EURUSD,no_upcoming_events,,calendar_empty_after_filter,"{""decision_threshold"": 0.6600000000000001, ""no_trade_band"": 0.0}"
2026-03-17T23:38:58.092144+00:00,LIVE,donchian_nylondon,EURUSD,calendar_refresh,,events=0,"{""decision_threshold"": 0.6600000000000001, ""no_trade_band"": 0.0}"
2026-03-17T23:38:58.096122+00:00,LIVE,donchian_nylondon,EURUSD,no_upcoming_events,,calendar_empty_after_filter,"{""decision_threshold"": 0.6600000000000001, ""no_trade_band"": 0.0}"
2026-03-17T23:41:18.147403+00:00,LIVE,donchian_nylondon,EURUSD,calendar_refresh,,events=0,"{""decision_threshold"": 0.6600000000000001, ""no_trade_band"": 0.0}"
2026-03-17T23:41:18.150856+00:00,LIVE,donchian_nylondon,EURUSD,no_upcoming_events,,calendar_empty_after_filter,"{""decision_threshold"": 0.6600000000000001, ""no_trade_band"": 0.0}"
2026-03-17T23:43:37.684259+00:00,LIVE,donchian_nylondon,EURUSD,calendar_refresh,,events=0,"{""decision_threshold"": 0.6600000000000001, ""no_trade_band"": 0.0}"
2026-03-17T23:43:37.687739+00:00,LIVE,donchian_nylondon,EURUSD,no_upcoming_events,,calendar_empty_after_filter,"{""decision_threshold"": 0.6600000000000001, ""no_trade_band"": 0.0}"
2026-03-17T23:45:57.087142+00:00,LIVE,donchian_nylondon,EURUSD,calendar_refresh,,events=0,"{""decision_threshold"": 0.6600000000000001, ""no_trade_band"": 0.0}"
2026-03-17T23:45:57.091135+00:00,LIVE,donchian_nylondon,EURUSD,no_upcoming_events,,calendar_empty_after_filter,"{""decision_threshold"": 0.6600000000000001, ""no_trade_band"": 0.0}"
2026-03-17T23:48:16.605884+00:00,LIVE,donchian_nylondon,EURUSD,calendar_refresh,,events=0,"{""decision_threshold"": 0.6600000000000001, ""no_trade_band"": 0.0}"
2026-03-17T23:48:16.609367+00:00,LIVE,donchian_nylondon,EURUSD,no_upcoming_events,,calendar_empty_after_filter,"{""decision_threshold"": 0.6600000000000001, ""no_trade_band"": 0.0}"
2026-03-17T23:50:41.660830+00:00,LIVE,donchian_nylondon,EURUSD,calendar_refresh,,events=0,"{""decision_threshold"": 0.6600000000000001, ""no_trade_band"": 0.0}"
2026-03-17T23:50:41.684619+00:00,LIVE,donchian_nylondon,EURUSD,no_upcoming_events,,calendar_empty_after_filter,"{""decision_threshold"": 0.6600000000000001, ""no_trade_band"": 0.0}"
2026-03-17T23:53:12.568238+00:00,LIVE,donchian_nylondon,EURUSD,calendar_refresh,,events=0,"{""decision_threshold"": 0.6600000000000001, ""no_trade_band"": 0.0}"
2026-03-17T23:53:12.591580+00:00,LIVE,donchian_nylondon,EURUSD,no_upcoming_events,,calendar_empty_after_filter,"{""decision_threshold"": 0.6600000000000001, ""no_trade_band"": 0.0}"
2026-03-17T23:55:42.651307+00:00,LIVE,donchian_nylondon,EURUSD,calendar_refresh,,events=0,"{""decision_threshold"": 0.6600000000000001, ""no_trade_band"": 0.0}"
2026-03-17T23:55:42.664353+00:00,LIVE,donchian_nylondon,EURUSD,no_upcoming_events,,calendar_empty_after_filter,"{""decision_threshold"": 0.6600000000000001, ""no_trade_band"": 0.0}"
2026-03-17T23:58:12.851406+00:00,LIVE,donchian_nylondon,EURUSD,calendar_refresh,,events=0,"{""decision_threshold"": 0.6600000000000001, ""no_trade_band"": 0.0}"
2026-03-17T23:58:12.855373+00:00,LIVE,donchian_nylondon,EURUSD,no_upcoming_events,,calendar_empty_after_filter,"{""decision_threshold"": 0.6600000000000001, ""no_trade_band"": 0.0}"
2026-03-18T00:00:36.367233+00:00,LIVE,donchian_nylondon,EURUSD,calendar_refresh,,events=0,"{""decision_threshold"": 0.6600000000000001, ""no_trade_band"": 0.0}"
2026-03-18T00:00:36.374641+00:00,LIVE,donchian_nylondon,EURUSD,no_upcoming_events,,calendar_empty_after_filter,"{""decision_threshold"": 0.6600000000000001, ""no_trade_band"": 0.0}"
2026-03-18T00:03:00.698251+00:00,LIVE,donchian_nylondon,EURUSD,calendar_refresh,,events=0,"{""decision_threshold"": 0.6600000000000001, ""no_trade_band"": 0.0}"
2026-03-18T00:03:00.706106+00:00,LIVE,donchian_nylondon,EURUSD,no_upcoming_events,,calendar_empty_after_filter,"{""decision_threshold"": 0.6600000000000001, ""no_trade_band"": 0.0}"
2026-03-18T00:05:40.141310+00:00,LIVE,donchian_nylondon,EURUSD,calendar_refresh,,events=0,"{""decision_threshold"": 0.6600000000000001, ""no_trade_band"": 0.0}"
2026-03-18T00:05:40.159034+00:00,LIVE,donchian_nylondon,EURUSD,no_upcoming_events,,calendar_empty_after_filter,"{""decision_threshold"": 0.6600000000000001, ""no_trade_band"": 0.0}"
2026-03-18T00:08:02.626024+00:00,LIVE,donchian_nylondon,EURUSD,calendar_refresh,,events=0,"{""decision_threshold"": 0.6600000000000001, ""no_trade_band"": 0.0}"
2026-03-18T00:08:02.631203+00:00,LIVE,donchian_nylondon,EURUSD,no_upcoming_events,,calendar_empty_after_filter,"{""decision_threshold"": 0.6600000000000001, ""no_trade_band"": 0.0}"
2026-03-18T00:10:27.807922+00:00,LIVE,donchian_nylondon,EURUSD,calendar_refresh,,events=0,"{""decision_threshold"": 0.6600000000000001, ""no_trade_band"": 0.0}"
2026-03-18T00:10:27.814353+00:00,LIVE,donchian_nylondon,EURUSD,no_upcoming_events,,calendar_empty_after_filter,"{""decision_threshold"": 0.6600000000000001, ""no_trade_band"": 0.0}"
2026-03-18T00:12:50.461720+00:00,LIVE,donchian_nylondon,EURUSD,calendar_refresh,,events=0,"{""decision_threshold"": 0.6600000000000001, ""no_trade_band"": 0.0}"
2026-03-18T00:12:50.467540+00:00,LIVE,donchian_nylondon,EURUSD,no_upcoming_events,,calendar_empty_after_filter,"{""decision_threshold"": 0.6600000000000001, ""no_trade_band"": 0.0}"
2026-03-18T00:15:13.662909+00:00,LIVE,donchian_nylondon,EURUSD,calendar_refresh,,events=0,"{""decision_threshold"": 0.6600000000000001, ""no_trade_band"": 0.0}"
2026-03-18T00:15:13.668345+00:00,LIVE,donchian_nylondon,EURUSD,no_upcoming_events,,calendar_empty_after_filter,"{""decision_threshold"": 0.6600000000000001, ""no_trade_band"": 0.0}"
2026-03-18T00:17:37.294142+00:00,LIVE,donchian_nylondon,EURUSD,calendar_refresh,,events=0,"{""decision_threshold"": 0.6600000000000001, ""no_trade_band"": 0.0}"
2026-03-18T00:17:37.298121+00:00,LIVE,donchian_nylondon,EURUSD,no_upcoming_events,,calendar_empty_after_filter,"{""decision_threshold"": 0.6600000000000001, ""no_trade_band"": 0.0}"
2026-03-18T00:20:01.249381+00:00,LIVE,donchian_nylondon,EURUSD,calendar_refresh,,events=0,"{""decision_threshold"": 0.6600000000000001, ""no_trade_band"": 0.0}"
2026-03-18T00:20:01.252824+00:00,LIVE,donchian_nylondon,EURUSD,no_upcoming_events,,calendar_empty_after_filter,"{""decision_threshold"": 0.6600000000000001, ""no_trade_band"": 0.0}"
2026-03-18T00:22:20.344276+00:00,LIVE,donchian_nylondon,EURUSD,calendar_refresh,,events=0,"{""decision_threshold"": 0.6600000000000001, ""no_trade_band"": 0.0}"
2026-03-18T00:22:20.347283+00:00,LIVE,donchian_nylondon,EURUSD,no_upcoming_events,,calendar_empty_after_filter,"{""decision_threshold"": 0.6600000000000001, ""no_trade_band"": 0.0}"
2026-03-18T00:24:44.002622+00:00,LIVE,donchian_nylondon,EURUSD,calendar_refresh,,events=0,"{""decision_threshold"": 0.6600000000000001, ""no_trade_band"": 0.0}"
2026-03-18T00:24:44.006614+00:00,LIVE,donchian_nylondon,EURUSD,no_upcoming_events,,calendar_empty_after_filter,"{""decision_threshold"": 0.6600000000000001, ""no_trade_band"": 0.0}"
2026-03-18T00:27:05.444576+00:00,LIVE,donchian_nylondon,EURUSD,calendar_refresh,,events=0,"{""decision_threshold"": 0.6600000000000001, ""no_trade_band"": 0.0}"
2026-03-18T00:27:05.447576+00:00,LIVE,donchian_nylondon,EURUSD,no_upcoming_events,,calendar_empty_after_filter,"{""decision_threshold"": 0.6600000000000001, ""no_trade_band"": 0.0}"
2026-03-18T00:29:26.872928+00:00,LIVE,donchian_nylondon,EURUSD,calendar_refresh,,events=0,"{""decision_threshold"": 0.6600000000000001, ""no_trade_band"": 0.0}"
2026-03-18T00:29:26.875946+00:00,LIVE,donchian_nylondon,EURUSD,no_upcoming_events,,calendar_empty_after_filter,"{""decision_threshold"": 0.6600000000000001, ""no_trade_band"": 0.0}"
2026-03-18T00:31:08.079265+00:00,LIVE,donchian_nylondon,EURUSD,calendar_refresh,,events=0,"{""decision_threshold"": 0.6600000000000001, ""no_trade_band"": 0.0}"
2026-03-18T00:31:08.085963+00:00,LIVE,donchian_nylondon,EURUSD,no_upcoming_events,,calendar_empty_after_filter,"{""decision_threshold"": 0.6600000000000001, ""no_trade_band"": 0.0}"
2026-03-18T00:33:32.158444+00:00,LIVE,donchian_nylondon,EURUSD,calendar_refresh,,events=0,"{""decision_threshold"": 0.6600000000000001, ""no_trade_band"": 0.0}"
2026-03-18T00:33:32.162461+00:00,LIVE,donchian_nylondon,EURUSD,no_upcoming_events,,calendar_empty_after_filter,"{""decision_threshold"": 0.6600000000000001, ""no_trade_band"": 0.0}"
2026-03-18T00:35:52.393143+00:00,LIVE,donchian_nylondon,EURUSD,calendar_refresh,,events=0,"{""decision_threshold"": 0.6600000000000001, ""no_trade_band"": 0.0}"
2026-03-18T00:35:52.397148+00:00,LIVE,donchian_nylondon,EURUSD,no_upcoming_events,,calendar_empty_after_filter,"{""decision_threshold"": 0.6600000000000001, ""no_trade_band"": 0.0}"
2026-03-18T00:38:12.111572+00:00,LIVE,donchian_nylondon,EURUSD,calendar_refresh,,events=0,"{""decision_threshold"": 0.6600000000000001, ""no_trade_band"": 0.0}"
2026-03-18T00:38:12.115572+00:00,LIVE,donchian_nylondon,EURUSD,no_upcoming_events,,calendar_empty_after_filter,"{""decision_threshold"": 0.6600000000000001, ""no_trade_band"": 0.0}"
2026-03-18T00:40:30.783871+00:00,LIVE,donchian_nylondon,EURUSD,calendar_refresh,,events=0,"{""decision_threshold"": 0.6600000000000001, ""no_trade_band"": 0.0}"
2026-03-18T00:40:30.786870+00:00,LIVE,donchian_nylondon,EURUSD,no_upcoming_events,,calendar_empty_after_filter,"{""decision_threshold"": 0.6600000000000001, ""no_trade_band"": 0.0}"
2026-03-18T00:42:50.963353+00:00,LIVE,donchian_nylondon,EURUSD,calendar_refresh,,events=0,"{""decision_threshold"": 0.6600000000000001, ""no_trade_band"": 0.0}"
2026-03-18T00:42:50.967898+00:00,LIVE,donchian_nylondon,EURUSD,no_upcoming_events,,calendar_empty_after_filter,"{""decision_threshold"": 0.6600000000000001, ""no_trade_band"": 0.0}"
2026-03-18T00:45:12.284893+00:00,LIVE,donchian_nylondon,EURUSD,calendar_refresh,,events=0,"{""decision_threshold"": 0.6600000000000001, ""no_trade_band"": 0.0}"
2026-03-18T00:45:12.288899+00:00,LIVE,donchian_nylondon,EURUSD,no_upcoming_events,,calendar_empty_after_filter,"{""decision_threshold"": 0.6600000000000001, ""no_trade_band"": 0.0}"
2026-03-18T00:47:31.879377+00:00,LIVE,donchian_nylondon,EURUSD,calendar_refresh,,events=0,"{""decision_threshold"": 0.6600000000000001, ""no_trade_band"": 0.0}"
2026-03-18T00:47:31.883215+00:00,LIVE,donchian_nylondon,EURUSD,no_upcoming_events,,calendar_empty_after_filter,"{""decision_threshold"": 0.6600000000000001, ""no_trade_band"": 0.0}"
2026-03-18T00:49:52.283927+00:00,LIVE,donchian_nylondon,EURUSD,calendar_refresh,,events=0,"{""decision_threshold"": 0.6600000000000001, ""no_trade_band"": 0.0}"
2026-03-18T00:49:52.288685+00:00,LIVE,donchian_nylondon,EURUSD,no_upcoming_events,,calendar_empty_after_filter,"{""decision_threshold"": 0.6600000000000001, ""no_trade_band"": 0.0}"
2026-03-18T00:52:12.451428+00:00,LIVE,donchian_nylondon,EURUSD,calendar_refresh,,events=0,"{""decision_threshold"": 0.6600000000000001, ""no_trade_band"": 0.0}"
2026-03-18T00:52:12.458719+00:00,LIVE,donchian_nylondon,EURUSD,no_upcoming_events,,calendar_empty_after_filter,"{""decision_threshold"": 0.6600000000000001, ""no_trade_band"": 0.0}"
2026-03-18T00:54:32.434025+00:00,LIVE,donchian_nylondon,EURUSD,calendar_refresh,,events=0,"{""decision_threshold"": 0.6600000000000001, ""no_trade_band"": 0.0}"
2026-03-18T00:54:32.440091+00:00,LIVE,donchian_nylondon,EURUSD,no_upcoming_events,,calendar_empty_after_filter,"{""decision_threshold"": 0.6600000000000001, ""no_trade_band"": 0.0}"
2026-03-18T00:56:52.551919+00:00,LIVE,donchian_nylondon,EURUSD,calendar_refresh,,events=0,"{""decision_threshold"": 0.6600000000000001, ""no_trade_band"": 0.0}"
2026-03-18T00:56:52.554920+00:00,LIVE,donchian_nylondon,EURUSD,no_upcoming_events,,calendar_empty_after_filter,"{""decision_threshold"": 0.6600000000000001, ""no_trade_band"": 0.0}"
2026-03-18T00:59:12.596927+00:00,LIVE,donchian_nylondon,EURUSD,calendar_refresh,,events=0,"{""decision_threshold"": 0.6600000000000001, ""no_trade_band"": 0.0}"
2026-03-18T00:59:12.601822+00:00,LIVE,donchian_nylondon,EURUSD,no_upcoming_events,,calendar_empty_after_filter,"{""decision_threshold"": 0.6600000000000001, ""no_trade_band"": 0.0}"
2026-03-18T01:01:33.668987+00:00,LIVE,donchian_nylondon,EURUSD,calendar_refresh,,events=0,"{""decision_threshold"": 0.6600000000000001, ""no_trade_band"": 0.0}"
2026-03-18T01:01:33.673056+00:00,LIVE,donchian_nylondon,EURUSD,no_upcoming_events,,calendar_empty_after_filter,"{""decision_threshold"": 0.6600000000000001, ""no_trade_band"": 0.0}"
2026-03-18T01:03:53.623038+00:00,LIVE,donchian_nylondon,EURUSD,calendar_refresh,,events=0,"{""decision_threshold"": 0.6600000000000001, ""no_trade_band"": 0.0}"
2026-03-18T01:03:53.626925+00:00,LIVE,donchian_nylondon,EURUSD,no_upcoming_events,,calendar_empty_after_filter,"{""decision_threshold"": 0.6600000000000001, ""no_trade_band"": 0.0}"
2026-03-18T01:06:18.276496+00:00,LIVE,donchian_nylondon,EURUSD,calendar_refresh,,events=0,"{""decision_threshold"": 0.6600000000000001, ""no_trade_band"": 0.0}"
2026-03-18T01:06:18.280485+00:00,LIVE,donchian_nylondon,EURUSD,no_upcoming_events,,calendar_empty_after_filter,"{""decision_threshold"": 0.6600000000000001, ""no_trade_band"": 0.0}"
2026-03-18T01:08:55.633620+00:00,LIVE,donchian_nylondon,EURUSD,calendar_refresh,,events=0,"{""decision_threshold"": 0.6600000000000001, ""no_trade_band"": 0.0}"
2026-03-18T01:08:55.675119+00:00,LIVE,donchian_nylondon,EURUSD,no_upcoming_events,,calendar_empty_after_filter,"{""decision_threshold"": 0.6600000000000001, ""no_trade_band"": 0.0}"
2026-03-18T01:10:00.613389+00:00,LIVE,donchian_nylondon,EURUSD,calendar_refresh,,events=0,"{""decision_threshold"": 0.6600000000000001, ""no_trade_band"": 0.0}"
2026-03-18T01:10:00.628293+00:00,LIVE,donchian_nylondon,EURUSD,no_upcoming_events,,calendar_empty_after_filter,"{""decision_threshold"": 0.6600000000000001, ""no_trade_band"": 0.0}"
2026-03-18T01:12:31.666464+00:00,LIVE,donchian_nylondon,EURUSD,calendar_refresh,,events=0,"{""decision_threshold"": 0.6600000000000001, ""no_trade_band"": 0.0}"
2026-03-18T01:12:31.673677+00:00,LIVE,donchian_nylondon,EURUSD,no_upcoming_events,,calendar_empty_after_filter,"{""decision_threshold"": 0.6600000000000001, ""no_trade_band"": 0.0}"
2026-03-18T01:14:58.145047+00:00,LIVE,donchian_nylondon,EURUSD,calendar_refresh,,events=0,"{""decision_threshold"": 0.6600000000000001, ""no_trade_band"": 0.0}"
2026-03-18T01:14:58.151871+00:00,LIVE,donchian_nylondon,EURUSD,no_upcoming_events,,calendar_empty_after_filter,"{""decision_threshold"": 0.6600000000000001, ""no_trade_band"": 0.0}"
2026-03-18T01:17:22.724402+00:00,LIVE,donchian_nylondon,EURUSD,calendar_refresh,,events=0,"{""decision_threshold"": 0.6600000000000001, ""no_trade_band"": 0.0}"
2026-03-18T01:17:22.731738+00:00,LIVE,donchian_nylondon,EURUSD,no_upcoming_events,,calendar_empty_after_filter,"{""decision_threshold"": 0.6600000000000001, ""no_trade_band"": 0.0}"
2026-03-18T01:19:46.647103+00:00,LIVE,donchian_nylondon,EURUSD,calendar_refresh,,events=0,"{""decision_threshold"": 0.6600000000000001, ""no_trade_band"": 0.0}"
2026-03-18T01:19:46.650658+00:00,LIVE,donchian_nylondon,EURUSD,no_upcoming_events,,calendar_empty_after_filter,"{""decision_threshold"": 0.6600000000000001, ""no_trade_band"": 0.0}"
2026-03-18T01:22:11.831119+00:00,LIVE,donchian_nylondon,EURUSD,calendar_refresh,,events=0,"{""decision_threshold"": 0.6600000000000001, ""no_trade_band"": 0.0}"
2026-03-18T01:22:11.834422+00:00,LIVE,donchian_nylondon,EURUSD,no_upcoming_events,,calendar_empty_after_filter,"{""decision_threshold"": 0.6600000000000001, ""no_trade_band"": 0.0}"
2026-03-18T01:24:41.082182+00:00,LIVE,donchian_nylondon,EURUSD,calendar_refresh,,events=0,"{""decision_threshold"": 0.6600000000000001, ""no_trade_band"": 0.0}"
2026-03-18T01:24:41.088229+00:00,LIVE,donchian_nylondon,EURUSD,no_upcoming_events,,calendar_empty_after_filter,"{""decision_threshold"": 0.6600000000000001, ""no_trade_band"": 0.0}"
2026-03-18T01:27:05.338392+00:00,LIVE,donchian_nylondon,EURUSD,calendar_refresh,,events=0,"{""decision_threshold"": 0.6600000000000001, ""no_trade_band"": 0.0}"
2026-03-18T01:27:05.344568+00:00,LIVE,donchian_nylondon,EURUSD,no_upcoming_events,,calendar_empty_after_filter,"{""decision_threshold"": 0.6600000000000001, ""no_trade_band"": 0.0}"
2026-03-18T01:29:26.439920+00:00,LIVE,donchian_nylondon,EURUSD,calendar_refresh,,events=0,"{""decision_threshold"": 0.6600000000000001, ""no_trade_band"": 0.0}"
2026-03-18T01:29:26.442920+00:00,LIVE,donchian_nylondon,EURUSD,no_upcoming_events,,calendar_empty_after_filter,"{""decision_threshold"": 0.6600000000000001, ""no_trade_band"": 0.0}"
2026-03-18T01:31:47.256636+00:00,LIVE,donchian_nylondon,EURUSD,calendar_refresh,,events=0,"{""decision_threshold"": 0.6600000000000001, ""no_trade_band"": 0.0}"
2026-03-18T01:31:47.260150+00:00,LIVE,donchian_nylondon,EURUSD,no_upcoming_events,,calendar_empty_after_filter,"{""decision_threshold"": 0.6600000000000001, ""no_trade_band"": 0.0}"
2026-03-18T01:34:08.615936+00:00,LIVE,donchian_nylondon,EURUSD,calendar_refresh,,events=0,"{""decision_threshold"": 0.6600000000000001, ""no_trade_band"": 0.0}"
2026-03-18T01:34:08.621163+00:00,LIVE,donchian_nylondon,EURUSD,no_upcoming_events,,calendar_empty_after_filter,"{""decision_threshold"": 0.6600000000000001, ""no_trade_band"": 0.0}"
2026-03-18T01:36:30.430536+00:00,LIVE,donchian_nylondon,EURUSD,calendar_refresh,,events=0,"{""decision_threshold"": 0.6600000000000001, ""no_trade_band"": 0.0}"
2026-03-18T01:36:30.436333+00:00,LIVE,donchian_nylondon,EURUSD,no_upcoming_events,,calendar_empty_after_filter,"{""decision_threshold"": 0.6600000000000001, ""no_trade_band"": 0.0}"
2026-03-18T01:38:51.939009+00:00,LIVE,donchian_nylondon,EURUSD,calendar_refresh,,events=0,"{""decision_threshold"": 0.6600000000000001, ""no_trade_band"": 0.0}"
2026-03-18T01:38:51.943922+00:00,LIVE,donchian_nylondon,EURUSD,no_upcoming_events,,calendar_empty_after_filter,"{""decision_threshold"": 0.6600000000000001, ""no_trade_band"": 0.0}"
2026-03-18T01:41:14.608604+00:00,LIVE,donchian_nylondon,EURUSD,calendar_refresh,,events=0,"{""decision_threshold"": 0.6600000000000001, ""no_trade_band"": 0.0}"
2026-03-18T01:41:14.613395+00:00,LIVE,donchian_nylondon,EURUSD,no_upcoming_events,,calendar_empty_after_filter,"{""decision_threshold"": 0.6600000000000001, ""no_trade_band"": 0.0}"
2026-03-18T01:43:36.642601+00:00,LIVE,donchian_nylondon,EURUSD,calendar_refresh,,events=0,"{""decision_threshold"": 0.6600000000000001, ""no_trade_band"": 0.0}"
2026-03-18T01:43:36.646164+00:00,LIVE,donchian_nylondon,EURUSD,no_upcoming_events,,calendar_empty_after_filter,"{""decision_threshold"": 0.6600000000000001, ""no_trade_band"": 0.0}"
2026-03-18T01:45:58.087828+00:00,LIVE,donchian_nylondon,EURUSD,calendar_refresh,,events=0,"{""decision_threshold"": 0.6600000000000001, ""no_trade_band"": 0.0}"
2026-03-18T01:45:58.094849+00:00,LIVE,donchian_nylondon,EURUSD,no_upcoming_events,,calendar_empty_after_filter,"{""decision_threshold"": 0.6600000000000001, ""no_trade_band"": 0.0}"
2026-03-18T01:48:36.096831+00:00,LIVE,donchian_nylondon,EURUSD,calendar_refresh,,events=0,"{""decision_threshold"": 0.6600000000000001, ""no_trade_band"": 0.0}"
2026-03-18T01:48:36.117312+00:00,LIVE,donchian_nylondon,EURUSD,no_upcoming_events,,calendar_empty_after_filter,"{""decision_threshold"": 0.6600000000000001, ""no_trade_band"": 0.0}"
2026-03-18T01:51:01.862599+00:00,LIVE,donchian_nylondon,EURUSD,calendar_refresh,,events=0,"{""decision_threshold"": 0.6600000000000001, ""no_trade_band"": 0.0}"
2026-03-18T01:51:01.875661+00:00,LIVE,donchian_nylondon,EURUSD,no_upcoming_events,,calendar_empty_after_filter,"{""decision_threshold"": 0.6600000000000001, ""no_trade_band"": 0.0}"
2026-03-18T01:53:25.751655+00:00,LIVE,donchian_nylondon,EURUSD,calendar_refresh,,events=0,"{""decision_threshold"": 0.6600000000000001, ""no_trade_band"": 0.0}"
2026-03-18T01:53:25.758797+00:00,LIVE,donchian_nylondon,EURUSD,no_upcoming_events,,calendar_empty_after_filter,"{""decision_threshold"": 0.6600000000000001, ""no_trade_band"": 0.0}"
2026-03-18T01:55:46.952427+00:00,LIVE,donchian_nylondon,EURUSD,calendar_refresh,,events=0,"{""decision_threshold"": 0.6600000000000001, ""no_trade_band"": 0.0}"
2026-03-18T01:55:46.955794+00:00,LIVE,donchian_nylondon,EURUSD,no_upcoming_events,,calendar_empty_after_filter,"{""decision_threshold"": 0.6600000000000001, ""no_trade_band"": 0.0}"
2026-03-18T01:58:08.205145+00:00,LIVE,donchian_nylondon,EURUSD,calendar_refresh,,events=0,"{""decision_threshold"": 0.6600000000000001, ""no_trade_band"": 0.0}"
2026-03-18T01:58:08.208181+00:00,LIVE,donchian_nylondon,EURUSD,no_upcoming_events,,calendar_empty_after_filter,"{""decision_threshold"": 0.6600000000000001, ""no_trade_band"": 0.0}"
2026-03-18T02:00:28.397415+00:00,LIVE,donchian_nylondon,EURUSD,calendar_refresh,,events=0,"{""decision_threshold"": 0.6600000000000001, ""no_trade_band"": 0.0}"
2026-03-18T02:00:28.400473+00:00,LIVE,donchian_nylondon,EURUSD,no_upcoming_events,,calendar_empty_after_filter,"{""decision_threshold"": 0.6600000000000001, ""no_trade_band"": 0.0}"
2026-03-18T12:24:26.397152+00:00,LIVE,donchian_nylondon,EURUSD,calendar_refresh,,events=0,"{""decision_threshold"": 0.6600000000000001, ""no_trade_band"": 0.0}"
2026-03-18T12:24:26.405144+00:00,LIVE,donchian_nylondon,EURUSD,no_upcoming_events,,calendar_empty_after_filter,"{""decision_threshold"": 0.6600000000000001, ""no_trade_band"": 0.0}"
2026-03-18T12:26:48.247044+00:00,LIVE,donchian_nylondon,EURUSD,calendar_refresh,,events=0,"{""decision_threshold"": 0.6600000000000001, ""no_trade_band"": 0.0}"
2026-03-18T12:26:48.250207+00:00,LIVE,donchian_nylondon,EURUSD,no_upcoming_events,,calendar_empty_after_filter,"{""decision_threshold"": 0.6600000000000001, ""no_trade_band"": 0.0}"
2026-03-18T12:29:09.334099+00:00,LIVE,donchian_nylondon,EURUSD,calendar_refresh,,events=0,"{""decision_threshold"": 0.6600000000000001, ""no_trade_band"": 0.0}"
2026-03-18T12:29:09.339114+00:00,LIVE,donchian_nylondon,EURUSD,no_upcoming_events,,calendar_empty_after_filter,"{""decision_threshold"": 0.6600000000000001, ""no_trade_band"": 0.0}"
2026-03-18T12:31:27.782818+00:00,LIVE,donchian_nylondon,EURUSD,calendar_refresh,,events=0,"{""decision_threshold"": 0.6600000000000001, ""no_trade_band"": 0.0}"
2026-03-18T12:31:27.786797+00:00,LIVE,donchian_nylondon,EURUSD,no_upcoming_events,,calendar_empty_after_filter,"{""decision_threshold"": 0.6600000000000001, ""no_trade_band"": 0.0}"
2026-03-18T12:33:47.178639+00:00,LIVE,donchian_nylondon,EURUSD,calendar_refresh,,events=0,"{""decision_threshold"": 0.6600000000000001, ""no_trade_band"": 0.0}"
2026-03-18T12:33:47.182939+00:00,LIVE,donchian_nylondon,EURUSD,no_upcoming_events,,calendar_empty_after_filter,"{""decision_threshold"": 0.6600000000000001, ""no_trade_band"": 0.0}"
2026-03-18T12:36:07.363286+00:00,LIVE,donchian_nylondon,EURUSD,calendar_refresh,,events=0,"{""decision_threshold"": 0.6600000000000001, ""no_trade_band"": 0.0}"
2026-03-18T12:36:07.369861+00:00,LIVE,donchian_nylondon,EURUSD,no_upcoming_events,,calendar_empty_after_filter,"{""decision_threshold"": 0.6600000000000001, ""no_trade_band"": 0.0}"
2026-03-18T12:38:29.657604+00:00,LIVE,donchian_nylondon,EURUSD,calendar_refresh,,events=0,"{""decision_threshold"": 0.6600000000000001, ""no_trade_band"": 0.0}"
2026-03-18T12:38:29.661615+00:00,LIVE,donchian_nylondon,EURUSD,no_upcoming_events,,calendar_empty_after_filter,"{""decision_threshold"": 0.6600000000000001, ""no_trade_band"": 0.0}"
2026-03-18T12:40:51.525277+00:00,LIVE,donchian_nylondon,EURUSD,calendar_refresh,,events=0,"{""decision_threshold"": 0.6600000000000001, ""no_trade_band"": 0.0}"
2026-03-18T12:40:51.528279+00:00,LIVE,donchian_nylondon,EURUSD,no_upcoming_events,,calendar_empty_after_filter,"{""decision_threshold"": 0.6600000000000001, ""no_trade_band"": 0.0}"
2026-03-18T12:43:13.388303+00:00,LIVE,donchian_nylondon,EURUSD,calendar_refresh,,events=0,"{""decision_threshold"": 0.6600000000000001, ""no_trade_band"": 0.0}"
2026-03-18T12:43:13.392754+00:00,LIVE,donchian_nylondon,EURUSD,no_upcoming_events,,calendar_empty_after_filter,"{""decision_threshold"": 0.6600000000000001, ""no_trade_band"": 0.0}"
2026-03-18T12:45:34.612618+00:00,LIVE,donchian_nylondon,EURUSD,calendar_refresh,,events=0,"{""decision_threshold"": 0.6600000000000001, ""no_trade_band"": 0.0}"
2026-03-18T12:45:34.618174+00:00,LIVE,donchian_nylondon,EURUSD,no_upcoming_events,,calendar_empty_after_filter,"{""decision_threshold"": 0.6600000000000001, ""no_trade_band"": 0.0}"
2026-03-18T12:47:54.408334+00:00,LIVE,donchian_nylondon,EURUSD,calendar_refresh,,events=0,"{""decision_threshold"": 0.6600000000000001, ""no_trade_band"": 0.0}"
2026-03-18T12:47:54.412787+00:00,LIVE,donchian_nylondon,EURUSD,no_upcoming_events,,calendar_empty_after_filter,"{""decision_threshold"": 0.6600000000000001, ""no_trade_band"": 0.0}"
2026-03-18T12:50:13.549568+00:00,LIVE,donchian_nylondon,EURUSD,calendar_refresh,,events=0,"{""decision_threshold"": 0.6600000000000001, ""no_trade_band"": 0.0}"
2026-03-18T12:50:13.553528+00:00,LIVE,donchian_nylondon,EURUSD,no_upcoming_events,,calendar_empty_after_filter,"{""decision_threshold"": 0.6600000000000001, ""no_trade_band"": 0.0}"
2026-03-18T12:52:39.374769+00:00,LIVE,donchian_nylondon,EURUSD,calendar_refresh,,events=0,"{""decision_threshold"": 0.6600000000000001, ""no_trade_band"": 0.0}"
2026-03-18T12:52:39.386703+00:00,LIVE,donchian_nylondon,EURUSD,no_upcoming_events,,calendar_empty_after_filter,"{""decision_threshold"": 0.6600000000000001, ""no_trade_band"": 0.0}"
2026-03-18T12:55:00.836766+00:00,LIVE,donchian_nylondon,EURUSD,calendar_refresh,,events=0,"{""decision_threshold"": 0.6600000000000001, ""no_trade_band"": 0.0}"
2026-03-18T12:55:00.841355+00:00,LIVE,donchian_nylondon,EURUSD,no_upcoming_events,,calendar_empty_after_filter,"{""decision_threshold"": 0.6600000000000001, ""no_trade_band"": 0.0}"
2026-03-18T12:57:19.944815+00:00,LIVE,donchian_nylondon,EURUSD,calendar_refresh,,events=0,"{""decision_threshold"": 0.6600000000000001, ""no_trade_band"": 0.0}"
2026-03-18T12:57:19.948827+00:00,LIVE,donchian_nylondon,EURUSD,no_upcoming_events,,calendar_empty_after_filter,"{""decision_threshold"": 0.6600000000000001, ""no_trade_band"": 0.0}"
2026-03-18T12:59:40.738100+00:00,LIVE,donchian_nylondon,EURUSD,calendar_refresh,,events=0,"{""decision_threshold"": 0.6600000000000001, ""no_trade_band"": 0.0}"
2026-03-18T12:59:40.742100+00:00,LIVE,donchian_nylondon,EURUSD,no_upcoming_events,,calendar_empty_after_filter,"{""decision_threshold"": 0.6600000000000001, ""no_trade_band"": 0.0}"
2026-03-18T13:02:02.030926+00:00,LIVE,donchian_nylondon,EURUSD,calendar_refresh,,events=0,"{""decision_threshold"": 0.6600000000000001, ""no_trade_band"": 0.0}"
2026-03-18T13:02:02.054593+00:00,LIVE,donchian_nylondon,EURUSD,no_upcoming_events,,calendar_empty_after_filter,"{""decision_threshold"": 0.6600000000000001, ""no_trade_band"": 0.0}"
2026-03-18T13:04:23.373563+00:00,LIVE,donchian_nylondon,EURUSD,calendar_refresh,,events=0,"{""decision_threshold"": 0.6600000000000001, ""no_trade_band"": 0.0}"
2026-03-18T13:04:23.378653+00:00,LIVE,donchian_nylondon,EURUSD,no_upcoming_events,,calendar_empty_after_filter,"{""decision_threshold"": 0.6600000000000001, ""no_trade_band"": 0.0}"
2026-03-18T13:06:42.269595+00:00,LIVE,donchian_nylondon,EURUSD,calendar_refresh,,events=0,"{""decision_threshold"": 0.6600000000000001, ""no_trade_band"": 0.0}"
2026-03-18T13:06:42.272598+00:00,LIVE,donchian_nylondon,EURUSD,no_upcoming_events,,calendar_empty_after_filter,"{""decision_threshold"": 0.6600000000000001, ""no_trade_band"": 0.0}"
2026-03-18T13:09:01.744842+00:00,LIVE,donchian_nylondon,EURUSD,calendar_refresh,,events=0,"{""decision_threshold"": 0.6600000000000001, ""no_trade_band"": 0.0}"
2026-03-18T13:09:01.748855+00:00,LIVE,donchian_nylondon,EURUSD,no_upcoming_events,,calendar_empty_after_filter,"{""decision_threshold"": 0.6600000000000001, ""no_trade_band"": 0.0}"
2026-03-18T13:11:22.670289+00:00,LIVE,donchian_nylondon,EURUSD,calendar_refresh,,events=0,"{""decision_threshold"": 0.6600000000000001, ""no_trade_band"": 0.0}"
2026-03-18T13:11:22.673948+00:00,LIVE,donchian_nylondon,EURUSD,no_upcoming_events,,calendar_empty_after_filter,"{""decision_threshold"": 0.6600000000000001, ""no_trade_band"": 0.0}"
2026-03-18T13:13:45.364184+00:00,LIVE,donchian_nylondon,EURUSD,calendar_refresh,,events=0,"{""decision_threshold"": 0.6600000000000001, ""no_trade_band"": 0.0}"
2026-03-18T13:13:45.368850+00:00,LIVE,donchian_nylondon,EURUSD,no_upcoming_events,,calendar_empty_after_filter,"{""decision_threshold"": 0.6600000000000001, ""no_trade_band"": 0.0}"
2026-03-18T13:16:05.817328+00:00,LIVE,donchian_nylondon,EURUSD,calendar_refresh,,events=0,"{""decision_threshold"": 0.6600000000000001, ""no_trade_band"": 0.0}"
2026-03-18T13:16:05.821348+00:00,LIVE,donchian_nylondon,EURUSD,no_upcoming_events,,calendar_empty_after_filter,"{""decision_threshold"": 0.6600000000000001, ""no_trade_band"": 0.0}"
2026-03-18T13:18:28.706763+00:00,LIVE,donchian_nylondon,EURUSD,calendar_refresh,,events=0,"{""decision_threshold"": 0.6600000000000001, ""no_trade_band"": 0.0}"
2026-03-18T13:18:28.710141+00:00,LIVE,donchian_nylondon,EURUSD,no_upcoming_events,,calendar_empty_after_filter,"{""decision_threshold"": 0.6600000000000001, ""no_trade_band"": 0.0}"
2026-03-18T13:20:49.714237+00:00,LIVE,donchian_nylondon,EURUSD,calendar_refresh,,events=0,"{""decision_threshold"": 0.6600000000000001, ""no_trade_band"": 0.0}"
2026-03-18T13:20:49.717218+00:00,LIVE,donchian_nylondon,EURUSD,no_upcoming_events,,calendar_empty_after_filter,"{""decision_threshold"": 0.6600000000000001, ""no_trade_band"": 0.0}"
2026-03-18T13:23:14.462179+00:00,LIVE,donchian_nylondon,EURUSD,calendar_refresh,,events=0,"{""decision_threshold"": 0.6600000000000001, ""no_trade_band"": 0.0}"
2026-03-18T13:23:14.466208+00:00,LIVE,donchian_nylondon,EURUSD,no_upcoming_events,,calendar_empty_after_filter,"{""decision_threshold"": 0.6600000000000001, ""no_trade_band"": 0.0}"
2026-03-18T13:25:34.282189+00:00,LIVE,donchian_nylondon,EURUSD,calendar_refresh,,events=0,"{""decision_threshold"": 0.6600000000000001, ""no_trade_band"": 0.0}"
2026-03-18T13:25:34.285898+00:00,LIVE,donchian_nylondon,EURUSD,no_upcoming_events,,calendar_empty_after_filter,"{""decision_threshold"": 0.6600000000000001, ""no_trade_band"": 0.0}"
2026-03-18T13:27:52.983761+00:00,LIVE,donchian_nylondon,EURUSD,calendar_refresh,,events=0,"{""decision_threshold"": 0.6600000000000001, ""no_trade_band"": 0.0}"
2026-03-18T13:27:52.988750+00:00,LIVE,donchian_nylondon,EURUSD,no_upcoming_events,,calendar_empty_after_filter,"{""decision_threshold"": 0.6600000000000001, ""no_trade_band"": 0.0}"
2026-03-18T13:30:15.813485+00:00,LIVE,donchian_nylondon,EURUSD,calendar_refresh,,events=0,"{""decision_threshold"": 0.6600000000000001, ""no_trade_band"": 0.0}"
2026-03-18T13:30:15.821555+00:00,LIVE,donchian_nylondon,EURUSD,no_upcoming_events,,calendar_empty_after_filter,"{""decision_threshold"": 0.6600000000000001, ""no_trade_band"": 0.0}"
2026-03-18T13:32:38.749295+00:00,LIVE,donchian_nylondon,EURUSD,calendar_refresh,,events=0,"{""decision_threshold"": 0.6600000000000001, ""no_trade_band"": 0.0}"
2026-03-18T13:32:38.758067+00:00,LIVE,donchian_nylondon,EURUSD,no_upcoming_events,,calendar_empty_after_filter,"{""decision_threshold"": 0.6600000000000001, ""no_trade_band"": 0.0}"
2026-03-18T13:35:19.228617+00:00,LIVE,agentic_hybrid,EURUSD,calendar_refresh,,events=2347,"{""decision_threshold"": 0.6600000000000001, ""no_trade_band"": 0.0}"
2026-03-18T13:35:19.724490+00:00,LIVE,agentic_hybrid,EURUSD,eventless_no_decision,,strategy_returned_none,"{""decision_threshold"": 0.6600000000000001, ""no_trade_band"": 0.0}"
2026-03-18T13:35:39.749065+00:00,LIVE,agentic_hybrid,EURUSD,eventless_no_decision,,strategy_returned_none,"{""decision_threshold"": 0.6600000000000001, ""no_trade_band"": 0.0}"
2026-03-18T13:36:00.135567+00:00,LIVE,agentic_hybrid,EURUSD,order_sent_eventless,eventless_1773840959,"side=BUY,confidence=0.8106","{""decision_threshold"": 0.6600000000000001, ""no_trade_band"": 0.0}"
2026-03-18T13:36:19.869716+00:00,LIVE,agentic_hybrid,EURUSD,skip_max_open_positions,eventless_1773840979,open_positions=1,"{""decision_threshold"": 0.6600000000000001, ""no_trade_band"": 0.0}"
2026-03-18T13:36:39.894794+00:00,LIVE,agentic_hybrid,EURUSD,skip_max_open_positions,eventless_1773840999,open_positions=1,"{""decision_threshold"": 0.6600000000000001, ""no_trade_band"": 0.0}"
2026-03-18T13:36:59.923011+00:00,LIVE,agentic_hybrid,EURUSD,skip_max_open_positions,eventless_1773841019,open_positions=1,"{""decision_threshold"": 0.6600000000000001, ""no_trade_band"": 0.0}"
2026-03-18T13:37:41.371062+00:00,LIVE,agentic_hybrid,EURUSD,calendar_refresh,,events=2506,"{""decision_threshold"": 0.6600000000000001, ""no_trade_band"": 0.0}"
2026-03-18T13:37:42.386541+00:00,LIVE,agentic_hybrid,EURUSD,skip_max_open_positions,eventless_1773841062,open_positions=1,"{""decision_threshold"": 0.6600000000000001, ""no_trade_band"": 0.0}"
2026-03-18T13:38:02.759500+00:00,LIVE,agentic_hybrid,EURUSD,eventless_no_decision,,strategy_returned_none,"{""decision_threshold"": 0.6600000000000001, ""no_trade_band"": 0.0}"
2026-03-18T13:38:23.084649+00:00,LIVE,agentic_hybrid,EURUSD,eventless_no_decision,,strategy_returned_none,"{""decision_threshold"": 0.6600000000000001, ""no_trade_band"": 0.0}"
2026-03-18T13:38:44.355563+00:00,LIVE,agentic_hybrid,EURUSD,eventless_no_decision,,strategy_returned_none,"{""decision_threshold"": 0.6600000000000001, ""no_trade_band"": 0.0}"
2026-03-18T13:39:12.464246+00:00,LIVE,agentic_hybrid,EURUSD,skip_max_open_positions,eventless_1773841152,open_positions=1,"{""decision_threshold"": 0.6600000000000001, ""no_trade_band"": 0.0}"
2026-03-18T13:39:41.375981+00:00,LIVE,agentic_hybrid,EURUSD,calendar_refresh,,events=2506,"{""decision_threshold"": 0.6600000000000001, ""no_trade_band"": 0.0}"
2026-03-18T13:39:42.387152+00:00,LIVE,agentic_hybrid,EURUSD,eventless_no_decision,,strategy_returned_none,"{""decision_threshold"": 0.6600000000000001, ""no_trade_band"": 0.0}"
2026-03-18T13:40:02.416919+00:00,LIVE,agentic_hybrid,EURUSD,skip_max_open_positions,eventless_1773841202,open_positions=1,"{""decision_threshold"": 0.6600000000000001, ""no_trade_band"": 0.0}"
2026-03-18T13:40:22.441851+00:00,LIVE,agentic_hybrid,EURUSD,skip_max_open_positions,eventless_1773841222,open_positions=1,"{""decision_threshold"": 0.6600000000000001, ""no_trade_band"": 0.0}"
2026-03-18T13:40:42.466033+00:00,LIVE,agentic_hybrid,EURUSD,skip_max_open_positions,eventless_1773841242,open_positions=1,"{""decision_threshold"": 0.6600000000000001, ""no_trade_band"": 0.0}"
2026-03-18T13:41:02.494875+00:00,LIVE,agentic_hybrid,EURUSD,eventless_no_decision,,strategy_returned_none,"{""decision_threshold"": 0.6600000000000001, ""no_trade_band"": 0.0}"
2026-03-18T13:41:42.322357+00:00,LIVE,agentic_hybrid,EURUSD,calendar_refresh,,events=2506,"{""decision_threshold"": 0.6600000000000001, ""no_trade_band"": 0.0}"
2026-03-18T13:41:43.353976+00:00,LIVE,agentic_hybrid,EURUSD,eventless_no_decision,,strategy_returned_none,"{""decision_threshold"": 0.6600000000000001, ""no_trade_band"": 0.0}"
2026-03-18T13:42:03.385960+00:00,LIVE,agentic_hybrid,EURUSD,skip_max_open_positions,eventless_1773841323,open_positions=1,"{""decision_threshold"": 0.6600000000000001, ""no_trade_band"": 0.0}"
2026-03-18T13:42:23.413707+00:00,LIVE,agentic_hybrid,EURUSD,skip_max_open_positions,eventless_1773841343,open_positions=1,"{""decision_threshold"": 0.6600000000000001, ""no_trade_band"": 0.0}"
2026-03-18T13:42:43.441014+00:00,LIVE,agentic_hybrid,EURUSD,skip_max_open_positions,eventless_1773841363,open_positions=1,"{""decision_threshold"": 0.6600000000000001, ""no_trade_band"": 0.0}"
2026-03-18T13:43:03.473885+00:00,LIVE,agentic_hybrid,EURUSD,skip_max_open_positions,eventless_1773841383,open_positions=1,"{""decision_threshold"": 0.6600000000000001, ""no_trade_band"": 0.0}"
2026-03-18T13:43:46.748770+00:00,LIVE,agentic_hybrid,EURUSD,calendar_refresh,,events=2544,"{""decision_threshold"": 0.6600000000000001, ""no_trade_band"": 0.0}"
2026-03-18T13:43:47.766836+00:00,LIVE,agentic_hybrid,EURUSD,skip_max_open_positions,eventless_1773841427,open_positions=1,"{""decision_threshold"": 0.6600000000000001, ""no_trade_band"": 0.0}"
2026-03-18T13:44:08.138797+00:00,LIVE,agentic_hybrid,EURUSD,order_sent_eventless,eventless_1773841447,"side=BUY,confidence=0.9000","{""decision_threshold"": 0.6600000000000001, ""no_trade_band"": 0.0}"
2026-03-18T13:44:27.870394+00:00,LIVE,agentic_hybrid,EURUSD,skip_max_open_positions,eventless_1773841467,open_positions=1,"{""decision_threshold"": 0.6600000000000001, ""no_trade_band"": 0.0}"
2026-03-18T13:44:47.903563+00:00,LIVE,agentic_hybrid,EURUSD,skip_max_open_positions,eventless_1773841487,open_positions=1,"{""decision_threshold"": 0.6600000000000001, ""no_trade_band"": 0.0}"
2026-03-18T13:45:09.534264+00:00,LIVE,agentic_hybrid,EURUSD,skip_max_open_positions,eventless_1773841509,open_positions=1,"{""decision_threshold"": 0.6600000000000001, ""no_trade_band"": 0.0}"
2026-03-18T13:45:41.728646+00:00,LIVE,agentic_hybrid,EURUSD,calendar_refresh,,events=2521,"{""decision_threshold"": 0.6600000000000001, ""no_trade_band"": 0.0}"
2026-03-18T13:45:42.743219+00:00,LIVE,agentic_hybrid,EURUSD,skip_max_open_positions,eventless_1773841542,open_positions=1,"{""decision_threshold"": 0.6600000000000001, ""no_trade_band"": 0.0}"
2026-03-18T13:46:02.799624+00:00,LIVE,agentic_hybrid,EURUSD,skip_max_open_positions,eventless_1773841562,open_positions=1,"{""decision_threshold"": 0.6600000000000001, ""no_trade_band"": 0.0}"
2026-03-18T13:46:23.508760+00:00,LIVE,agentic_hybrid,EURUSD,skip_max_open_positions,eventless_1773841583,open_positions=1,"{""decision_threshold"": 0.6600000000000001, ""no_trade_band"": 0.0}"
2026-03-18T13:46:43.536344+00:00,LIVE,agentic_hybrid,EURUSD,skip_max_open_positions,eventless_1773841603,open_positions=1,"{""decision_threshold"": 0.6600000000000001, ""no_trade_band"": 0.0}"
2026-03-18T13:47:04.843520+00:00,LIVE,agentic_hybrid,EURUSD,skip_max_open_positions,eventless_1773841624,open_positions=1,"{""decision_threshold"": 0.6600000000000001, ""no_trade_band"": 0.0}"
2026-03-18T13:47:46.746778+00:00,LIVE,agentic_hybrid,EURUSD,calendar_refresh,,events=2506,"{""decision_threshold"": 0.6600000000000001, ""no_trade_band"": 0.0}"
2026-03-18T13:47:49.505403+00:00,LIVE,agentic_hybrid,EURUSD,skip_max_open_positions,eventless_1773841668,open_positions=1,"{""decision_threshold"": 0.6600000000000001, ""no_trade_band"": 0.0}"
2026-03-18T13:48:08.871605+00:00,LIVE,agentic_hybrid,EURUSD,skip_max_open_positions,eventless_1773841688,open_positions=1,"{""decision_threshold"": 0.6600000000000001, ""no_trade_band"": 0.0}"
2026-03-18T13:48:28.894799+00:00,LIVE,agentic_hybrid,EURUSD,skip_max_open_positions,eventless_1773841708,open_positions=1,"{""decision_threshold"": 0.6600000000000001, ""no_trade_band"": 0.0}"
2026-03-18T13:48:48.923519+00:00,LIVE,agentic_hybrid,EURUSD,skip_max_open_positions,eventless_1773841728,open_positions=1,"{""decision_threshold"": 0.6600000000000001, ""no_trade_band"": 0.0}"
2026-03-18T13:49:08.954484+00:00,LIVE,agentic_hybrid,EURUSD,skip_max_open_positions,eventless_1773841748,open_positions=1,"{""decision_threshold"": 0.6600000000000001, ""no_trade_band"": 0.0}"
2026-03-18T13:49:46.099586+00:00,LIVE,agentic_hybrid,EURUSD,calendar_refresh,,events=2506,"{""decision_threshold"": 0.6600000000000001, ""no_trade_band"": 0.0}"
2026-03-18T13:49:47.121061+00:00,LIVE,agentic_hybrid,EURUSD,skip_max_open_positions,eventless_1773841787,open_positions=1,"{""decision_threshold"": 0.6600000000000001, ""no_trade_band"": 0.0}"
2026-03-18T13:50:07.149244+00:00,LIVE,agentic_hybrid,EURUSD,skip_max_open_positions,eventless_1773841807,open_positions=1,"{""decision_threshold"": 0.6600000000000001, ""no_trade_band"": 0.0}"
2026-03-18T13:50:27.175550+00:00,LIVE,agentic_hybrid,EURUSD,skip_max_open_positions,eventless_1773841827,open_positions=1,"{""decision_threshold"": 0.6600000000000001, ""no_trade_band"": 0.0}"
2026-03-18T13:50:47.201638+00:00,LIVE,agentic_hybrid,EURUSD,skip_max_open_positions,eventless_1773841847,open_positions=1,"{""decision_threshold"": 0.6600000000000001, ""no_trade_band"": 0.0}"
2026-03-18T13:51:07.232587+00:00,LIVE,agentic_hybrid,EURUSD,skip_max_open_positions,eventless_1773841867,open_positions=1,"{""decision_threshold"": 0.6600000000000001, ""no_trade_band"": 0.0}"
2026-03-18T13:51:46.061038+00:00,LIVE,agentic_hybrid,EURUSD,calendar_refresh,,events=2506,"{""decision_threshold"": 0.6600000000000001, ""no_trade_band"": 0.0}"
2026-03-18T13:51:47.077304+00:00,LIVE,agentic_hybrid,EURUSD,skip_max_open_positions,eventless_1773841907,open_positions=1,"{""decision_threshold"": 0.6600000000000001, ""no_trade_band"": 0.0}"
2026-03-18T13:52:07.110868+00:00,LIVE,agentic_hybrid,EURUSD,skip_max_open_positions,eventless_1773841927,open_positions=1,"{""decision_threshold"": 0.6600000000000001, ""no_trade_band"": 0.0}"
2026-03-18T13:52:27.145963+00:00,LIVE,agentic_hybrid,EURUSD,skip_max_open_positions,eventless_1773841947,open_positions=1,"{""decision_threshold"": 0.6600000000000001, ""no_trade_band"": 0.0}"
2026-03-18T13:52:47.838463+00:00,LIVE,agentic_hybrid,EURUSD,order_sent_eventless,eventless_1773841967,"side=SELL,confidence=0.9000","{""decision_threshold"": 0.6600000000000001, ""no_trade_band"": 0.0}"
2026-03-18T13:53:07.479582+00:00,LIVE,agentic_hybrid,EURUSD,skip_max_open_positions,eventless_1773841987,open_positions=1,"{""decision_threshold"": 0.6600000000000001, ""no_trade_band"": 0.0}"
2026-03-18T13:53:44.050080+00:00,LIVE,agentic_hybrid,EURUSD,calendar_refresh,,events=2506,"{""decision_threshold"": 0.6600000000000001, ""no_trade_band"": 0.0}"
2026-03-18T13:53:45.066258+00:00,LIVE,agentic_hybrid,EURUSD,skip_max_open_positions,eventless_1773842025,open_positions=1,"{""decision_threshold"": 0.6600000000000001, ""no_trade_band"": 0.0}"
2026-03-18T13:54:05.095344+00:00,LIVE,agentic_hybrid,EURUSD,skip_max_open_positions,eventless_1773842045,open_positions=1,"{""decision_threshold"": 0.6600000000000001, ""no_trade_band"": 0.0}"
2026-03-18T13:54:25.138329+00:00,LIVE,agentic_hybrid,EURUSD,skip_max_open_positions,eventless_1773842065,open_positions=1,"{""decision_threshold"": 0.6600000000000001, ""no_trade_band"": 0.0}"
2026-03-18T13:54:45.162306+00:00,LIVE,agentic_hybrid,EURUSD,skip_max_open_positions,eventless_1773842085,open_positions=1,"{""decision_threshold"": 0.6600000000000001, ""no_trade_band"": 0.0}"
2026-03-18T13:55:05.190840+00:00,LIVE,agentic_hybrid,EURUSD,skip_max_open_positions,eventless_1773842105,open_positions=1,"{""decision_threshold"": 0.6600000000000001, ""no_trade_band"": 0.0}"
2026-03-18T13:55:43.342715+00:00,LIVE,agentic_hybrid,EURUSD,calendar_refresh,,events=2506,"{""decision_threshold"": 0.6600000000000001, ""no_trade_band"": 0.0}"
2026-03-18T13:55:44.359727+00:00,LIVE,agentic_hybrid,EURUSD,eventless_no_decision,,strategy_returned_none,"{""decision_threshold"": 0.6600000000000001, ""no_trade_band"": 0.0}"
2026-03-18T13:56:04.385423+00:00,LIVE,agentic_hybrid,EURUSD,eventless_no_decision,,strategy_returned_none,"{""decision_threshold"": 0.6600000000000001, ""no_trade_band"": 0.0}"
2026-03-18T13:56:24.409743+00:00,LIVE,agentic_hybrid,EURUSD,eventless_no_decision,,strategy_returned_none,"{""decision_threshold"": 0.6600000000000001, ""no_trade_band"": 0.0}"
2026-03-18T13:56:44.433335+00:00,LIVE,agentic_hybrid,EURUSD,eventless_no_decision,,strategy_returned_none,"{""decision_threshold"": 0.6600000000000001, ""no_trade_band"": 0.0}"
2026-03-18T13:57:04.455201+00:00,LIVE,agentic_hybrid,EURUSD,eventless_no_decision,,strategy_returned_none,"{""decision_threshold"": 0.6600000000000001, ""no_trade_band"": 0.0}"
2026-03-18T13:57:48.093731+00:00,LIVE,agentic_hybrid,EURUSD,calendar_refresh,,events=2506,"{""decision_threshold"": 0.6600000000000001, ""no_trade_band"": 0.0}"
2026-03-18T13:57:48.110119+00:00,LIVE,agentic_hybrid,EURUSD,eventless_no_decision,,strategy_returned_none,"{""decision_threshold"": 0.6600000000000001, ""no_trade_band"": 0.0}"
2026-03-18T13:57:49.122019+00:00,LIVE,agentic_hybrid,EURUSD,eventless_no_decision,,strategy_returned_none,"{""decision_threshold"": 0.6600000000000001, ""no_trade_band"": 0.0}"
2026-03-18T13:58:09.151971+00:00,LIVE,agentic_hybrid,EURUSD,eventless_no_decision,,strategy_returned_none,"{""decision_threshold"": 0.6600000000000001, ""no_trade_band"": 0.0}"
2026-03-18T13:58:29.176319+00:00,LIVE,agentic_hybrid,EURUSD,skip_max_open_positions,eventless_1773842309,open_positions=1,"{""decision_threshold"": 0.6600000000000001, ""no_trade_band"": 0.0}"
2026-03-18T13:58:49.204538+00:00,LIVE,agentic_hybrid,EURUSD,skip_max_open_positions,eventless_1773842329,open_positions=1,"{""decision_threshold"": 0.6600000000000001, ""no_trade_band"": 0.0}"
2026-03-18T13:59:09.230687+00:00,LIVE,agentic_hybrid,EURUSD,skip_max_open_positions,eventless_1773842349,open_positions=1,"{""decision_threshold"": 0.6600000000000001, ""no_trade_band"": 0.0}"
2026-03-18T13:59:46.618570+00:00,LIVE,agentic_hybrid,EURUSD,calendar_refresh,,events=2506,"{""decision_threshold"": 0.6600000000000001, ""no_trade_band"": 0.0}"
2026-03-18T13:59:47.633258+00:00,LIVE,agentic_hybrid,EURUSD,eventless_no_decision,,strategy_returned_none,"{""decision_threshold"": 0.6600000000000001, ""no_trade_band"": 0.0}"
2026-03-18T14:00:07.662039+00:00,LIVE,agentic_hybrid,EURUSD,eventless_no_decision,,strategy_returned_none,"{""decision_threshold"": 0.6600000000000001, ""no_trade_band"": 0.0}"
2026-03-18T14:00:28.462891+00:00,LIVE,agentic_hybrid,EURUSD,order_sent_eventless,eventless_1773842427,"side=BUY,confidence=0.8448","{""decision_threshold"": 0.6600000000000001, ""no_trade_band"": 0.0}"
2026-03-18T14:00:47.807408+00:00,LIVE,agentic_hybrid,EURUSD,skip_max_open_positions,eventless_1773842447,open_positions=1,"{""decision_threshold"": 0.6600000000000001, ""no_trade_band"": 0.0}"
2026-03-18T14:01:07.834051+00:00,LIVE,agentic_hybrid,EURUSD,skip_max_open_positions,eventless_1773842467,open_positions=1,"{""decision_threshold"": 0.6600000000000001, ""no_trade_band"": 0.0}"
2026-03-18T14:01:47.894767+00:00,LIVE,agentic_hybrid,EURUSD,calendar_refresh,,events=2506,"{""decision_threshold"": 0.6600000000000001, ""no_trade_band"": 0.0}"
2026-03-18T14:01:49.607786+00:00,LIVE,agentic_hybrid,EURUSD,skip_max_open_positions,eventless_1773842509,open_positions=1,"{""decision_threshold"": 0.6600000000000001, ""no_trade_band"": 0.0}"
2026-03-18T14:02:09.288507+00:00,LIVE,agentic_hybrid,EURUSD,skip_max_open_positions,eventless_1773842529,open_positions=1,"{""decision_threshold"": 0.6600000000000001, ""no_trade_band"": 0.0}"
2026-03-18T14:02:31.443187+00:00,LIVE,agentic_hybrid,EURUSD,skip_max_open_positions,eventless_1773842550,open_positions=1,"{""decision_threshold"": 0.6600000000000001, ""no_trade_band"": 0.0}"
2026-03-18T14:02:50.592172+00:00,LIVE,agentic_hybrid,EURUSD,skip_max_open_positions,eventless_1773842570,open_positions=1,"{""decision_threshold"": 0.6600000000000001, ""no_trade_band"": 0.0}"
2026-03-18T14:03:10.621728+00:00,LIVE,agentic_hybrid,EURUSD,skip_max_open_positions,eventless_1773842590,open_positions=1,"{""decision_threshold"": 0.6600000000000001, ""no_trade_band"": 0.0}"
2026-03-18T14:03:51.042094+00:00,LIVE,agentic_hybrid,EURUSD,calendar_refresh,,events=2506,"{""decision_threshold"": 0.6600000000000001, ""no_trade_band"": 0.0}"
2026-03-18T14:03:52.061551+00:00,LIVE,agentic_hybrid,EURUSD,skip_max_open_positions,eventless_1773842632,open_positions=1,"{""decision_threshold"": 0.6600000000000001, ""no_trade_band"": 0.0}"
2026-03-18T14:04:12.371929+00:00,LIVE,agentic_hybrid,EURUSD,skip_max_open_positions,eventless_1773842652,open_positions=1,"{""decision_threshold"": 0.6600000000000001, ""no_trade_band"": 0.0}"
2026-03-18T14:04:32.903200+00:00,LIVE,agentic_hybrid,EURUSD,skip_max_open_positions,eventless_1773842672,open_positions=1,"{""decision_threshold"": 0.6600000000000001, ""no_trade_band"": 0.0}"
2026-03-18T14:04:53.925400+00:00,LIVE,agentic_hybrid,EURUSD,skip_max_open_positions,eventless_1773842693,open_positions=1,"{""decision_threshold"": 0.6600000000000001, ""no_trade_band"": 0.0}"
2026-03-18T14:05:14.326950+00:00,LIVE,agentic_hybrid,EURUSD,skip_max_open_positions,eventless_1773842713,open_positions=1,"{""decision_threshold"": 0.6600000000000001, ""no_trade_band"": 0.0}"
2026-03-18T14:05:49.750237+00:00,LIVE,agentic_hybrid,EURUSD,calendar_refresh,,events=2506,"{""decision_threshold"": 0.6600000000000001, ""no_trade_band"": 0.0}"
2026-03-18T14:06:00.730549+00:00,LIVE,agentic_hybrid,EURUSD,skip_max_open_positions,eventless_1773842760,open_positions=1,"{""decision_threshold"": 0.6600000000000001, ""no_trade_band"": 0.0}"
2026-03-18T14:06:20.757695+00:00,LIVE,agentic_hybrid,EURUSD,eventless_no_decision,,strategy_returned_none,"{""decision_threshold"": 0.6600000000000001, ""no_trade_band"": 0.0}"
2026-03-18T14:06:40.782434+00:00,LIVE,agentic_hybrid,EURUSD,eventless_no_decision,,strategy_returned_none,"{""decision_threshold"": 0.6600000000000001, ""no_trade_band"": 0.0}"
2026-03-18T14:07:00.826235+00:00,LIVE,agentic_hybrid,EURUSD,eventless_no_decision,,strategy_returned_none,"{""decision_threshold"": 0.6600000000000001, ""no_trade_band"": 0.0}"
2026-03-18T14:07:20.868270+00:00,LIVE,agentic_hybrid,EURUSD,eventless_no_decision,,strategy_returned_none,"{""decision_threshold"": 0.6600000000000001, ""no_trade_band"": 0.0}"
2026-03-18T14:07:50.643540+00:00,LIVE,agentic_hybrid,EURUSD,calendar_refresh,,events=2506,"{""decision_threshold"": 0.6600000000000001, ""no_trade_band"": 0.0}"
2026-03-18T14:08:22.001910+00:00,LIVE,agentic_hybrid,EURUSD,order_sent_eventless,eventless_1773842871,"side=BUY,confidence=0.7958","{""decision_threshold"": 0.6600000000000001, ""no_trade_band"": 0.0}"
2026-03-18T14:08:23.358123+00:00,LIVE,agentic_hybrid,EURUSD,skip_max_open_positions,eventless_1773842903,open_positions=1,"{""decision_threshold"": 0.6600000000000001, ""no_trade_band"": 0.0}"
2026-03-18T14:08:44.420516+00:00,LIVE,agentic_hybrid,EURUSD,skip_max_open_positions,eventless_1773842924,open_positions=1,"{""decision_threshold"": 0.6600000000000001, ""no_trade_band"": 0.0}"
2026-03-18T14:09:04.477637+00:00,LIVE,agentic_hybrid,EURUSD,skip_max_open_positions,eventless_1773842944,open_positions=1,"{""decision_threshold"": 0.6600000000000001, ""no_trade_band"": 0.0}"
2026-03-18T14:09:24.520382+00:00,LIVE,agentic_hybrid,EURUSD,eventless_no_decision,,strategy_returned_none,"{""decision_threshold"": 0.6600000000000001, ""no_trade_band"": 0.0}"
2026-03-18T14:09:51.701944+00:00,LIVE,agentic_hybrid,EURUSD,calendar_refresh,,events=2506,"{""decision_threshold"": 0.6600000000000001, ""no_trade_band"": 0.0}"
2026-03-18T14:09:52.719270+00:00,LIVE,agentic_hybrid,EURUSD,skip_max_open_positions,eventless_1773842992,open_positions=1,"{""decision_threshold"": 0.6600000000000001, ""no_trade_band"": 0.0}"
2026-03-18T14:10:12.747288+00:00,LIVE,agentic_hybrid,EURUSD,skip_max_open_positions,eventless_1773843012,open_positions=1,"{""decision_threshold"": 0.6600000000000001, ""no_trade_band"": 0.0}"
2026-03-18T14:10:33.126501+00:00,LIVE,agentic_hybrid,EURUSD,order_sent_eventless,eventless_1773843032,"side=BUY,confidence=0.9000","{""decision_threshold"": 0.6600000000000001, ""no_trade_band"": 0.0}"
2026-03-18T14:10:53.182781+00:00,LIVE,agentic_hybrid,EURUSD,skip_max_open_positions,eventless_1773843053,open_positions=1,"{""decision_threshold"": 0.6600000000000001, ""no_trade_band"": 0.0}"
2026-03-18T14:11:13.228142+00:00,LIVE,agentic_hybrid,EURUSD,skip_max_open_positions,eventless_1773843073,open_positions=1,"{""decision_threshold"": 0.6600000000000001, ""no_trade_band"": 0.0}"
2026-03-18T14:11:52.326447+00:00,LIVE,agentic_hybrid,EURUSD,calendar_refresh,,events=2506,"{""decision_threshold"": 0.6600000000000001, ""no_trade_band"": 0.0}"
2026-03-18T14:11:53.345623+00:00,LIVE,agentic_hybrid,EURUSD,skip_max_open_positions,eventless_1773843113,open_positions=1,"{""decision_threshold"": 0.6600000000000001, ""no_trade_band"": 0.0}"
2026-03-18T14:12:13.376872+00:00,LIVE,agentic_hybrid,EURUSD,skip_max_open_positions,eventless_1773843133,open_positions=1,"{""decision_threshold"": 0.6600000000000001, ""no_trade_band"": 0.0}"
2026-03-18T14:12:33.417160+00:00,LIVE,agentic_hybrid,EURUSD,skip_max_open_positions,eventless_1773843153,open_positions=1,"{""decision_threshold"": 0.6600000000000001, ""no_trade_band"": 0.0}"
2026-03-18T14:12:53.460397+00:00,LIVE,agentic_hybrid,EURUSD,eventless_no_decision,,strategy_returned_none,"{""decision_threshold"": 0.6600000000000001, ""no_trade_band"": 0.0}"
2026-03-18T14:13:13.490312+00:00,LIVE,agentic_hybrid,EURUSD,eventless_no_decision,,strategy_returned_none,"{""decision_threshold"": 0.6600000000000001, ""no_trade_band"": 0.0}"
2026-03-18T14:13:55.258256+00:00,LIVE,agentic_hybrid,EURUSD,calendar_refresh,,events=2506,"{""decision_threshold"": 0.6600000000000001, ""no_trade_band"": 0.0}"
2026-03-18T14:13:56.277982+00:00,LIVE,agentic_hybrid,EURUSD,skip_max_open_positions,eventless_1773843236,open_positions=1,"{""decision_threshold"": 0.6600000000000001, ""no_trade_band"": 0.0}"
2026-03-18T14:14:16.301601+00:00,LIVE,agentic_hybrid,EURUSD,skip_max_open_positions,eventless_1773843256,open_positions=1,"{""decision_threshold"": 0.6600000000000001, ""no_trade_band"": 0.0}"
2026-03-18T14:14:36.332270+00:00,LIVE,agentic_hybrid,EURUSD,skip_max_open_positions,eventless_1773843276,open_positions=1,"{""decision_threshold"": 0.6600000000000001, ""no_trade_band"": 0.0}"
2026-03-18T14:14:56.363245+00:00,LIVE,agentic_hybrid,EURUSD,skip_max_open_positions,eventless_1773843296,open_positions=1,"{""decision_threshold"": 0.6600000000000001, ""no_trade_band"": 0.0}"
2026-03-18T14:15:16.394781+00:00,LIVE,agentic_hybrid,EURUSD,skip_max_open_positions,eventless_1773843316,open_positions=1,"{""decision_threshold"": 0.6600000000000001, ""no_trade_band"": 0.0}"
2026-03-18T14:15:56.719118+00:00,LIVE,agentic_hybrid,EURUSD,calendar_refresh,,events=2506,"{""decision_threshold"": 0.6600000000000001, ""no_trade_band"": 0.0}"
2026-03-18T14:15:57.735938+00:00,LIVE,agentic_hybrid,EURUSD,skip_max_open_positions,eventless_1773843357,open_positions=1,"{""decision_threshold"": 0.6600000000000001, ""no_trade_band"": 0.0}"
2026-03-18T14:16:17.764011+00:00,LIVE,agentic_hybrid,EURUSD,skip_max_open_positions,eventless_1773843377,open_positions=1,"{""decision_threshold"": 0.6600000000000001, ""no_trade_band"": 0.0}"
2026-03-18T14:16:37.785563+00:00,LIVE,agentic_hybrid,EURUSD,skip_max_open_positions,eventless_1773843397,open_positions=1,"{""decision_threshold"": 0.6600000000000001, ""no_trade_band"": 0.0}"
2026-03-18T14:16:57.816727+00:00,LIVE,agentic_hybrid,EURUSD,skip_max_open_positions,eventless_1773843417,open_positions=1,"{""decision_threshold"": 0.6600000000000001, ""no_trade_band"": 0.0}"
2026-03-18T14:17:17.843713+00:00,LIVE,agentic_hybrid,EURUSD,skip_max_open_positions,eventless_1773843437,open_positions=1,"{""decision_threshold"": 0.6600000000000001, ""no_trade_band"": 0.0}"
2026-03-18T14:17:55.821680+00:00,LIVE,agentic_hybrid,EURUSD,calendar_refresh,,events=2506,"{""decision_threshold"": 0.6600000000000001, ""no_trade_band"": 0.0}"
2026-03-18T14:17:56.838338+00:00,LIVE,agentic_hybrid,EURUSD,skip_max_open_positions,eventless_1773843476,open_positions=1,"{""decision_threshold"": 0.6600000000000001, ""no_trade_band"": 0.0}"
2026-03-18T14:18:16.883762+00:00,LIVE,agentic_hybrid,EURUSD,skip_max_open_positions,eventless_1773843496,open_positions=1,"{""decision_threshold"": 0.6600000000000001, ""no_trade_band"": 0.0}"
2026-03-18T14:18:36.907852+00:00,LIVE,agentic_hybrid,EURUSD,skip_max_open_positions,eventless_1773843516,open_positions=1,"{""decision_threshold"": 0.6600000000000001, ""no_trade_band"": 0.0}"
2026-03-18T14:18:56.939623+00:00,LIVE,agentic_hybrid,EURUSD,skip_max_open_positions,eventless_1773843536,open_positions=1,"{""decision_threshold"": 0.6600000000000001, ""no_trade_band"": 0.0}"
2026-03-18T14:19:16.966978+00:00,LIVE,agentic_hybrid,EURUSD,skip_max_open_positions,eventless_1773843556,open_positions=1,"{""decision_threshold"": 0.6600000000000001, ""no_trade_band"": 0.0}"
2026-03-18T14:19:54.458159+00:00,LIVE,agentic_hybrid,EURUSD,calendar_refresh,,events=2506,"{""decision_threshold"": 0.6600000000000001, ""no_trade_band"": 0.0}"
2026-03-18T14:19:55.473975+00:00,LIVE,agentic_hybrid,EURUSD,skip_max_open_positions,eventless_1773843595,open_positions=1,"{""decision_threshold"": 0.6600000000000001, ""no_trade_band"": 0.0}"
2026-03-18T14:20:15.503497+00:00,LIVE,agentic_hybrid,EURUSD,skip_max_open_positions,eventless_1773843615,open_positions=1,"{""decision_threshold"": 0.6600000000000001, ""no_trade_band"": 0.0}"
2026-03-18T14:20:35.532790+00:00,LIVE,agentic_hybrid,EURUSD,skip_max_open_positions,eventless_1773843635,open_positions=1,"{""decision_threshold"": 0.6600000000000001, ""no_trade_band"": 0.0}"
2026-03-18T14:20:55.567632+00:00,LIVE,agentic_hybrid,EURUSD,eventless_no_decision,,strategy_returned_none,"{""decision_threshold"": 0.6600000000000001, ""no_trade_band"": 0.0}"
2026-03-18T14:21:15.605483+00:00,LIVE,agentic_hybrid,EURUSD,skip_max_open_positions,eventless_1773843675,open_positions=1,"{""decision_threshold"": 0.6600000000000001, ""no_trade_band"": 0.0}"
2026-03-18T14:22:06.658049+00:00,LIVE,agentic_hybrid,EURUSD,calendar_refresh,,events=2506,"{""decision_threshold"": 0.6600000000000001, ""no_trade_band"": 0.0}"
2026-03-18T14:22:07.676409+00:00,LIVE,agentic_hybrid,EURUSD,skip_max_open_positions,eventless_1773843727,open_positions=1,"{""decision_threshold"": 0.6600000000000001, ""no_trade_band"": 0.0}"
2026-03-18T14:22:27.719179+00:00,LIVE,agentic_hybrid,EURUSD,skip_max_open_positions,eventless_1773843747,open_positions=1,"{""decision_threshold"": 0.6600000000000001, ""no_trade_band"": 0.0}"
2026-03-18T14:22:47.748603+00:00,LIVE,agentic_hybrid,EURUSD,eventless_no_decision,,strategy_returned_none,"{""decision_threshold"": 0.6600000000000001, ""no_trade_band"": 0.0}"
2026-03-18T14:23:07.781508+00:00,LIVE,agentic_hybrid,EURUSD,eventless_no_decision,,strategy_returned_none,"{""decision_threshold"": 0.6600000000000001, ""no_trade_band"": 0.0}"
2026-03-18T14:23:27.826169+00:00,LIVE,agentic_hybrid,EURUSD,eventless_no_decision,,strategy_returned_none,"{""decision_threshold"": 0.6600000000000001, ""no_trade_band"": 0.0}"
2026-03-18T14:23:56.903431+00:00,LIVE,agentic_hybrid,EURUSD,calendar_refresh,,events=2506,"{""decision_threshold"": 0.6600000000000001, ""no_trade_band"": 0.0}"
2026-03-18T14:23:57.916985+00:00,LIVE,agentic_hybrid,EURUSD,eventless_no_decision,,strategy_returned_none,"{""decision_threshold"": 0.6600000000000001, ""no_trade_band"": 0.0}"
2026-03-18T14:24:17.940961+00:00,LIVE,agentic_hybrid,EURUSD,eventless_no_decision,,strategy_returned_none,"{""decision_threshold"": 0.6600000000000001, ""no_trade_band"": 0.0}"
2026-03-18T14:24:37.979806+00:00,LIVE,agentic_hybrid,EURUSD,skip_max_open_positions,eventless_1773843877,open_positions=1,"{""decision_threshold"": 0.6600000000000001, ""no_trade_band"": 0.0}"
2026-03-18T14:24:58.006762+00:00,LIVE,agentic_hybrid,EURUSD,skip_max_open_positions,eventless_1773843897,open_positions=1,"{""decision_threshold"": 0.6600000000000001, ""no_trade_band"": 0.0}"
2026-03-18T14:25:18.032461+00:00,LIVE,agentic_hybrid,EURUSD,skip_max_open_positions,eventless_1773843918,open_positions=1,"{""decision_threshold"": 0.6600000000000001, ""no_trade_band"": 0.0}"
2026-03-18T14:25:55.542473+00:00,LIVE,agentic_hybrid,EURUSD,calendar_refresh,,events=2506,"{""decision_threshold"": 0.6600000000000001, ""no_trade_band"": 0.0}"
2026-03-18T14:25:56.559944+00:00,LIVE,agentic_hybrid,EURUSD,skip_max_open_positions,eventless_1773843956,open_positions=1,"{""decision_threshold"": 0.6600000000000001, ""no_trade_band"": 0.0}"
2026-03-18T14:26:16.941089+00:00,LIVE,agentic_hybrid,EURUSD,order_sent_eventless,eventless_1773843976,"side=SELL,confidence=0.7691","{""decision_threshold"": 0.6600000000000001, ""no_trade_band"": 0.0}"
2026-03-18T14:26:37.027476+00:00,LIVE,agentic_hybrid,EURUSD,skip_max_open_positions,eventless_1773843997,open_positions=1,"{""decision_threshold"": 0.6600000000000001, ""no_trade_band"": 0.0}"
2026-03-18T14:26:57.299897+00:00,LIVE,agentic_hybrid,EURUSD,skip_max_open_positions,eventless_1773844017,open_positions=1,"{""decision_threshold"": 0.6600000000000001, ""no_trade_band"": 0.0}"
2026-03-18T14:27:17.346236+00:00,LIVE,agentic_hybrid,EURUSD,skip_max_open_positions,eventless_1773844037,open_positions=1,"{""decision_threshold"": 0.6600000000000001, ""no_trade_band"": 0.0}"
2026-03-18T14:27:55.230155+00:00,LIVE,agentic_hybrid,EURUSD,calendar_refresh,,events=2506,"{""decision_threshold"": 0.6600000000000001, ""no_trade_band"": 0.0}"
2026-03-18T14:27:56.248173+00:00,LIVE,agentic_hybrid,EURUSD,skip_max_open_positions,eventless_1773844076,open_positions=1,"{""decision_threshold"": 0.6600000000000001, ""no_trade_band"": 0.0}"
2026-03-18T14:28:16.292209+00:00,LIVE,agentic_hybrid,EURUSD,skip_max_open_positions,eventless_1773844096,open_positions=1,"{""decision_threshold"": 0.6600000000000001, ""no_trade_band"": 0.0}"
2026-03-18T14:28:36.333713+00:00,LIVE,agentic_hybrid,EURUSD,skip_max_open_positions,eventless_1773844116,open_positions=1,"{""decision_threshold"": 0.6600000000000001, ""no_trade_band"": 0.0}"
2026-03-18T14:28:56.375635+00:00,LIVE,agentic_hybrid,EURUSD,skip_max_open_positions,eventless_1773844136,open_positions=1,"{""decision_threshold"": 0.6600000000000001, ""no_trade_band"": 0.0}"
2026-03-18T14:29:16.408951+00:00,LIVE,agentic_hybrid,EURUSD,skip_max_open_positions,eventless_1773844156,open_positions=1,"{""decision_threshold"": 0.6600000000000001, ""no_trade_band"": 0.0}"
2026-03-18T14:29:57.703291+00:00,LIVE,agentic_hybrid,EURUSD,calendar_refresh,,events=2506,"{""decision_threshold"": 0.6600000000000001, ""no_trade_band"": 0.0}"
2026-03-18T14:29:58.723667+00:00,LIVE,agentic_hybrid,EURUSD,skip_max_open_positions,eventless_1773844198,open_positions=1,"{""decision_threshold"": 0.6600000000000001, ""no_trade_band"": 0.0}"
2026-03-18T14:30:18.759157+00:00,LIVE,agentic_hybrid,EURUSD,skip_max_open_positions,eventless_1773844218,open_positions=1,"{""decision_threshold"": 0.6600000000000001, ""no_trade_band"": 0.0}"
2026-03-18T14:30:38.786052+00:00,LIVE,agentic_hybrid,EURUSD,eventless_no_decision,,strategy_returned_none,"{""decision_threshold"": 0.6600000000000001, ""no_trade_band"": 0.0}"
2026-03-18T14:30:58.821699+00:00,LIVE,agentic_hybrid,EURUSD,eventless_no_decision,,strategy_returned_none,"{""decision_threshold"": 0.6600000000000001, ""no_trade_band"": 0.0}"
2026-03-18T14:31:18.854182+00:00,LIVE,agentic_hybrid,EURUSD,skip_max_open_positions,eventless_1773844278,open_positions=1,"{""decision_threshold"": 0.6600000000000001, ""no_trade_band"": 0.0}"
2026-03-18T14:31:57.035034+00:00,LIVE,agentic_hybrid,EURUSD,calendar_refresh,,events=2506,"{""decision_threshold"": 0.6600000000000001, ""no_trade_band"": 0.0}"
2026-03-18T14:31:58.049978+00:00,LIVE,agentic_hybrid,EURUSD,eventless_no_decision,,strategy_returned_none,"{""decision_threshold"": 0.6600000000000001, ""no_trade_band"": 0.0}"
2026-03-18T14:32:18.084141+00:00,LIVE,agentic_hybrid,EURUSD,eventless_no_decision,,strategy_returned_none,"{""decision_threshold"": 0.6600000000000001, ""no_trade_band"": 0.0}"
2026-03-18T14:32:43.458995+00:00,LIVE,agentic_hybrid,EURUSD,order_sent_eventless,eventless_1773844358,"side=BUY,confidence=0.8797","{""decision_threshold"": 0.6600000000000001, ""no_trade_band"": 0.0}"
2026-03-18T14:32:58.261721+00:00,LIVE,agentic_hybrid,EURUSD,skip_max_open_positions,eventless_1773844378,open_positions=1,"{""decision_threshold"": 0.6600000000000001, ""no_trade_band"": 0.0}"
2026-03-18T14:33:19.453965+00:00,LIVE,agentic_hybrid,EURUSD,eventless_no_decision,,strategy_returned_none,"{""decision_threshold"": 0.6600000000000001, ""no_trade_band"": 0.0}"
2026-03-18T14:33:57.362478+00:00,LIVE,agentic_hybrid,EURUSD,calendar_refresh,,events=2506,"{""decision_threshold"": 0.6600000000000001, ""no_trade_band"": 0.0}"
2026-03-18T14:34:09.861354+00:00,LIVE,agentic_hybrid,EURUSD,skip_max_open_positions,eventless_1773844449,open_positions=1,"{""decision_threshold"": 0.6600000000000001, ""no_trade_band"": 0.0}"
2026-03-18T14:34:30.728472+00:00,LIVE,agentic_hybrid,EURUSD,skip_max_open_positions,eventless_1773844470,open_positions=1,"{""decision_threshold"": 0.6600000000000001, ""no_trade_band"": 0.0}"
2026-03-18T14:34:50.770728+00:00,LIVE,agentic_hybrid,EURUSD,skip_max_open_positions,eventless_1773844490,open_positions=1,"{""decision_threshold"": 0.6600000000000001, ""no_trade_band"": 0.0}"
2026-03-18T14:35:10.802862+00:00,LIVE,agentic_hybrid,EURUSD,skip_max_open_positions,eventless_1773844510,open_positions=1,"{""decision_threshold"": 0.6600000000000001, ""no_trade_band"": 0.0}"
2026-03-18T14:35:30.834210+00:00,LIVE,agentic_hybrid,EURUSD,skip_max_open_positions,eventless_1773844530,open_positions=1,"{""decision_threshold"": 0.6600000000000001, ""no_trade_band"": 0.0}"
2026-03-18T14:35:56.690704+00:00,LIVE,agentic_hybrid,EURUSD,calendar_refresh,,events=2506,"{""decision_threshold"": 0.6600000000000001, ""no_trade_band"": 0.0}"
2026-03-18T14:35:57.707260+00:00,LIVE,agentic_hybrid,EURUSD,eventless_no_decision,,strategy_returned_none,"{""decision_threshold"": 0.6600000000000001, ""no_trade_band"": 0.0}"
2026-03-18T14:36:17.736239+00:00,LIVE,agentic_hybrid,EURUSD,eventless_no_decision,,strategy_returned_none,"{""decision_threshold"": 0.6600000000000001, ""no_trade_band"": 0.0}"
2026-03-18T14:36:37.761430+00:00,LIVE,agentic_hybrid,EURUSD,skip_max_open_positions,eventless_1773844597,open_positions=1,"{""decision_threshold"": 0.6600000000000001, ""no_trade_band"": 0.0}"
2026-03-18T14:36:57.788656+00:00,LIVE,agentic_hybrid,EURUSD,eventless_no_decision,,strategy_returned_none,"{""decision_threshold"": 0.6600000000000001, ""no_trade_band"": 0.0}"
2026-03-18T14:37:17.817433+00:00,LIVE,agentic_hybrid,EURUSD,eventless_no_decision,,strategy_returned_none,"{""decision_threshold"": 0.6600000000000001, ""no_trade_band"": 0.0}"
2026-03-18T14:37:57.294785+00:00,LIVE,agentic_hybrid,EURUSD,calendar_refresh,,events=2521,"{""decision_threshold"": 0.6600000000000001, ""no_trade_band"": 0.0}"
2026-03-18T14:37:58.312175+00:00,LIVE,agentic_hybrid,EURUSD,skip_max_open_positions,eventless_1773844678,open_positions=1,"{""decision_threshold"": 0.6600000000000001, ""no_trade_band"": 0.0}"
2026-03-18T14:38:18.338251+00:00,LIVE,agentic_hybrid,EURUSD,skip_max_open_positions,eventless_1773844698,open_positions=1,"{""decision_threshold"": 0.6600000000000001, ""no_trade_band"": 0.0}"
2026-03-18T14:38:38.369413+00:00,LIVE,agentic_hybrid,EURUSD,skip_max_open_positions,eventless_1773844718,open_positions=1,"{""decision_threshold"": 0.6600000000000001, ""no_trade_band"": 0.0}"
2026-03-18T14:38:58.786083+00:00,LIVE,agentic_hybrid,EURUSD,skip_max_open_positions,eventless_1773844738,open_positions=1,"{""decision_threshold"": 0.6600000000000001, ""no_trade_band"": 0.0}"
2026-03-18T14:39:19.131372+00:00,LIVE,agentic_hybrid,EURUSD,skip_max_open_positions,eventless_1773844759,open_positions=1,"{""decision_threshold"": 0.6600000000000001, ""no_trade_band"": 0.0}"
2026-03-18T14:39:58.958184+00:00,LIVE,agentic_hybrid,EURUSD,calendar_refresh,,events=2506,"{""decision_threshold"": 0.6600000000000001, ""no_trade_band"": 0.0}"
2026-03-18T14:39:59.976459+00:00,LIVE,agentic_hybrid,EURUSD,skip_max_open_positions,eventless_1773844799,open_positions=1,"{""decision_threshold"": 0.6600000000000001, ""no_trade_band"": 0.0}"
2026-03-18T14:40:20.018218+00:00,LIVE,agentic_hybrid,EURUSD,skip_max_open_positions,eventless_1773844819,open_positions=1,"{""decision_threshold"": 0.6600000000000001, ""no_trade_band"": 0.0}"
2026-03-18T14:40:40.062833+00:00,LIVE,agentic_hybrid,EURUSD,skip_max_open_positions,eventless_1773844840,open_positions=1,"{""decision_threshold"": 0.6600000000000001, ""no_trade_band"": 0.0}"
2026-03-18T14:41:00.096446+00:00,LIVE,agentic_hybrid,EURUSD,skip_max_open_positions,eventless_1773844860,open_positions=1,"{""decision_threshold"": 0.6600000000000001, ""no_trade_band"": 0.0}"
2026-03-18T14:41:20.140679+00:00,LIVE,agentic_hybrid,EURUSD,skip_max_open_positions,eventless_1773844880,open_positions=1,"{""decision_threshold"": 0.6600000000000001, ""no_trade_band"": 0.0}"
2026-03-18T14:41:59.808183+00:00,LIVE,agentic_hybrid,EURUSD,calendar_refresh,,events=2506,"{""decision_threshold"": 0.6600000000000001, ""no_trade_band"": 0.0}"
2026-03-18T14:42:00.823136+00:00,LIVE,agentic_hybrid,EURUSD,skip_max_open_positions,eventless_1773844920,open_positions=1,"{""decision_threshold"": 0.6600000000000001, ""no_trade_band"": 0.0}"
2026-03-18T14:42:20.861842+00:00,LIVE,agentic_hybrid,EURUSD,skip_max_open_positions,eventless_1773844940,open_positions=1,"{""decision_threshold"": 0.6600000000000001, ""no_trade_band"": 0.0}"
2026-03-18T14:42:40.904335+00:00,LIVE,agentic_hybrid,EURUSD,skip_max_open_positions,eventless_1773844960,open_positions=1,"{""decision_threshold"": 0.6600000000000001, ""no_trade_band"": 0.0}"
2026-03-18T14:43:00.946398+00:00,LIVE,agentic_hybrid,EURUSD,skip_max_open_positions,eventless_1773844980,open_positions=1,"{""decision_threshold"": 0.6600000000000001, ""no_trade_band"": 0.0}"
2026-03-18T14:43:20.991828+00:00,LIVE,agentic_hybrid,EURUSD,skip_max_open_positions,eventless_1773845000,open_positions=1,"{""decision_threshold"": 0.6600000000000001, ""no_trade_band"": 0.0}"
2026-03-18T14:43:59.906053+00:00,LIVE,agentic_hybrid,EURUSD,calendar_refresh,,events=2506,"{""decision_threshold"": 0.6600000000000001, ""no_trade_band"": 0.0}"
2026-03-18T14:44:00.923812+00:00,LIVE,agentic_hybrid,EURUSD,skip_max_open_positions,eventless_1773845040,open_positions=1,"{""decision_threshold"": 0.6600000000000001, ""no_trade_band"": 0.0}"
2026-03-18T14:44:20.963246+00:00,LIVE,agentic_hybrid,EURUSD,skip_max_open_positions,eventless_1773845060,open_positions=1,"{""decision_threshold"": 0.6600000000000001, ""no_trade_band"": 0.0}"
2026-03-18T14:44:41.010053+00:00,LIVE,agentic_hybrid,EURUSD,skip_max_open_positions,eventless_1773845080,open_positions=1,"{""decision_threshold"": 0.6600000000000001, ""no_trade_band"": 0.0}"
2026-03-18T14:45:01.050958+00:00,LIVE,agentic_hybrid,EURUSD,skip_max_open_positions,eventless_1773845101,open_positions=1,"{""decision_threshold"": 0.6600000000000001, ""no_trade_band"": 0.0}"
2026-03-18T14:45:24.059892+00:00,LIVE,agentic_hybrid,EURUSD,skip_max_open_positions,eventless_1773845123,open_positions=1,"{""decision_threshold"": 0.6600000000000001, ""no_trade_band"": 0.0}"
2026-03-18T14:45:59.973700+00:00,LIVE,agentic_hybrid,EURUSD,calendar_refresh,,events=2506,"{""decision_threshold"": 0.6600000000000001, ""no_trade_band"": 0.0}"
2026-03-18T14:46:00.990046+00:00,LIVE,agentic_hybrid,EURUSD,eventless_no_decision,,strategy_returned_none,"{""decision_threshold"": 0.6600000000000001, ""no_trade_band"": 0.0}"
2026-03-18T14:46:21.015558+00:00,LIVE,agentic_hybrid,EURUSD,eventless_no_decision,,strategy_returned_none,"{""decision_threshold"": 0.6600000000000001, ""no_trade_band"": 0.0}"
2026-03-18T14:46:41.040654+00:00,LIVE,agentic_hybrid,EURUSD,skip_max_open_positions,eventless_1773845201,open_positions=1,"{""decision_threshold"": 0.6600000000000001, ""no_trade_band"": 0.0}"
2026-03-18T14:47:01.067279+00:00,LIVE,agentic_hybrid,EURUSD,eventless_no_decision,,strategy_returned_none,"{""decision_threshold"": 0.6600000000000001, ""no_trade_band"": 0.0}"
2026-03-18T14:47:21.092848+00:00,LIVE,agentic_hybrid,EURUSD,eventless_no_decision,,strategy_returned_none,"{""decision_threshold"": 0.6600000000000001, ""no_trade_band"": 0.0}"
2026-03-18T14:48:00.238257+00:00,LIVE,agentic_hybrid,EURUSD,calendar_refresh,,events=2506,"{""decision_threshold"": 0.6600000000000001, ""no_trade_band"": 0.0}"
2026-03-18T14:48:01.254345+00:00,LIVE,agentic_hybrid,EURUSD,skip_max_open_positions,eventless_1773845281,open_positions=1,"{""decision_threshold"": 0.6600000000000001, ""no_trade_band"": 0.0}"
2026-03-18T14:48:21.280017+00:00,LIVE,agentic_hybrid,EURUSD,skip_max_open_positions,eventless_1773845301,open_positions=1,"{""decision_threshold"": 0.6600000000000001, ""no_trade_band"": 0.0}"
2026-03-18T14:48:41.305870+00:00,LIVE,agentic_hybrid,EURUSD,skip_max_open_positions,eventless_1773845321,open_positions=1,"{""decision_threshold"": 0.6600000000000001, ""no_trade_band"": 0.0}"
2026-03-18T14:49:01.350272+00:00,LIVE,agentic_hybrid,EURUSD,skip_max_open_positions,eventless_1773845341,open_positions=1,"{""decision_threshold"": 0.6600000000000001, ""no_trade_band"": 0.0}"
2026-03-18T14:49:21.381210+00:00,LIVE,agentic_hybrid,EURUSD,skip_max_open_positions,eventless_1773845361,open_positions=1,"{""decision_threshold"": 0.6600000000000001, ""no_trade_band"": 0.0}"
2026-03-18T14:50:00.030100+00:00,LIVE,agentic_hybrid,EURUSD,calendar_refresh,,events=2521,"{""decision_threshold"": 0.6600000000000001, ""no_trade_band"": 0.0}"
2026-03-18T14:50:01.704948+00:00,LIVE,agentic_hybrid,EURUSD,order_sent_eventless,eventless_1773845401,"side=BUY,confidence=0.9371","{""decision_threshold"": 0.6600000000000001, ""no_trade_band"": 0.0}"
2026-03-18T14:50:21.494968+00:00,LIVE,agentic_hybrid,EURUSD,eventless_no_decision,,strategy_returned_none,"{""decision_threshold"": 0.6600000000000001, ""no_trade_band"": 0.0}"
2026-03-18T14:50:41.520002+00:00,LIVE,agentic_hybrid,EURUSD,skip_max_open_positions,eventless_1773845441,open_positions=1,"{""decision_threshold"": 0.6600000000000001, ""no_trade_band"": 0.0}"
2026-03-18T14:51:02.132545+00:00,LIVE,agentic_hybrid,EURUSD,eventless_no_decision,,strategy_returned_none,"{""decision_threshold"": 0.6600000000000001, ""no_trade_band"": 0.0}"
2026-03-18T14:51:22.372809+00:00,LIVE,agentic_hybrid,EURUSD,skip_max_open_positions,eventless_1773845482,open_positions=1,"{""decision_threshold"": 0.6600000000000001, ""no_trade_band"": 0.0}"
2026-03-18T14:52:01.664893+00:00,LIVE,agentic_hybrid,EURUSD,calendar_refresh,,events=2506,"{""decision_threshold"": 0.6600000000000001, ""no_trade_band"": 0.0}"
2026-03-18T14:52:02.683321+00:00,LIVE,agentic_hybrid,EURUSD,skip_max_open_positions,eventless_1773845522,open_positions=1,"{""decision_threshold"": 0.6600000000000001, ""no_trade_band"": 0.0}"
2026-03-18T14:52:22.715457+00:00,LIVE,agentic_hybrid,EURUSD,skip_max_open_positions,eventless_1773845542,open_positions=1,"{""decision_threshold"": 0.6600000000000001, ""no_trade_band"": 0.0}"
2026-03-18T14:52:42.739379+00:00,LIVE,agentic_hybrid,EURUSD,skip_max_open_positions,eventless_1773845562,open_positions=1,"{""decision_threshold"": 0.6600000000000001, ""no_trade_band"": 0.0}"
2026-03-18T14:53:02.770692+00:00,LIVE,agentic_hybrid,EURUSD,skip_max_open_positions,eventless_1773845582,open_positions=1,"{""decision_threshold"": 0.6600000000000001, ""no_trade_band"": 0.0}"
2026-03-18T14:53:22.811663+00:00,LIVE,agentic_hybrid,EURUSD,skip_max_open_positions,eventless_1773845602,open_positions=1,"{""decision_threshold"": 0.6600000000000001, ""no_trade_band"": 0.0}"
2026-03-18T14:54:04.512744+00:00,LIVE,agentic_hybrid,EURUSD,calendar_refresh,,events=2506,"{""decision_threshold"": 0.6600000000000001, ""no_trade_band"": 0.0}"
2026-03-18T14:54:05.537960+00:00,LIVE,agentic_hybrid,EURUSD,skip_max_open_positions,eventless_1773845645,open_positions=1,"{""decision_threshold"": 0.6600000000000001, ""no_trade_band"": 0.0}"
2026-03-18T14:54:25.567414+00:00,LIVE,agentic_hybrid,EURUSD,skip_max_open_positions,eventless_1773845665,open_positions=1,"{""decision_threshold"": 0.6600000000000001, ""no_trade_band"": 0.0}"
2026-03-18T14:54:45.595722+00:00,LIVE,agentic_hybrid,EURUSD,skip_max_open_positions,eventless_1773845685,open_positions=1,"{""decision_threshold"": 0.6600000000000001, ""no_trade_band"": 0.0}"
2026-03-18T14:55:05.627444+00:00,LIVE,agentic_hybrid,EURUSD,skip_max_open_positions,eventless_1773845705,open_positions=1,"{""decision_threshold"": 0.6600000000000001, ""no_trade_band"": 0.0}"
2026-03-18T14:55:25.656297+00:00,LIVE,agentic_hybrid,EURUSD,skip_max_open_positions,eventless_1773845725,open_positions=1,"{""decision_threshold"": 0.6600000000000001, ""no_trade_band"": 0.0}"
2026-03-18T14:56:01.585535+00:00,LIVE,agentic_hybrid,EURUSD,calendar_refresh,,events=2506,"{""decision_threshold"": 0.6600000000000001, ""no_trade_band"": 0.0}"
2026-03-18T14:56:02.603101+00:00,LIVE,agentic_hybrid,EURUSD,skip_max_open_positions,eventless_1773845762,open_positions=1,"{""decision_threshold"": 0.6600000000000001, ""no_trade_band"": 0.0}"
2026-03-18T14:56:22.632776+00:00,LIVE,agentic_hybrid,EURUSD,eventless_no_decision,,strategy_returned_none,"{""decision_threshold"": 0.6600000000000001, ""no_trade_band"": 0.0}"
2026-03-18T14:56:42.671606+00:00,LIVE,agentic_hybrid,EURUSD,eventless_no_decision,,strategy_returned_none,"{""decision_threshold"": 0.6600000000000001, ""no_trade_band"": 0.0}"
2026-03-18T14:57:02.701165+00:00,LIVE,agentic_hybrid,EURUSD,skip_max_open_positions,eventless_1773845822,open_positions=1,"{""decision_threshold"": 0.6600000000000001, ""no_trade_band"": 0.0}"
2026-03-18T14:57:23.517623+00:00,LIVE,agentic_hybrid,EURUSD,skip_max_open_positions,eventless_1773845843,open_positions=1,"{""decision_threshold"": 0.6600000000000001, ""no_trade_band"": 0.0}"
2026-03-18T14:58:03.517342+00:00,LIVE,agentic_hybrid,EURUSD,calendar_refresh,,events=2506,"{""decision_threshold"": 0.6600000000000001, ""no_trade_band"": 0.0}"
2026-03-18T14:58:04.535679+00:00,LIVE,agentic_hybrid,EURUSD,skip_max_open_positions,eventless_1773845884,open_positions=1,"{""decision_threshold"": 0.6600000000000001, ""no_trade_band"": 0.0}"
2026-03-18T14:58:24.567888+00:00,LIVE,agentic_hybrid,EURUSD,skip_max_open_positions,eventless_1773845904,open_positions=1,"{""decision_threshold"": 0.6600000000000001, ""no_trade_band"": 0.0}"
2026-03-18T14:58:44.608288+00:00,LIVE,agentic_hybrid,EURUSD,skip_max_open_positions,eventless_1773845924,open_positions=1,"{""decision_threshold"": 0.6600000000000001, ""no_trade_band"": 0.0}"
2026-03-18T14:59:04.651238+00:00,LIVE,agentic_hybrid,EURUSD,eventless_no_decision,,strategy_returned_none,"{""decision_threshold"": 0.6600000000000001, ""no_trade_band"": 0.0}"
2026-03-18T14:59:24.681258+00:00,LIVE,agentic_hybrid,EURUSD,eventless_no_decision,,strategy_returned_none,"{""decision_threshold"": 0.6600000000000001, ""no_trade_band"": 0.0}"
2026-03-18T15:00:05.469370+00:00,LIVE,agentic_hybrid,EURUSD,calendar_refresh,,events=2327,"{""decision_threshold"": 0.6600000000000001, ""no_trade_band"": 0.0}"
2026-03-18T15:00:29.558714+00:00,LIVE,agentic_hybrid,EURUSD,skip_max_open_positions,eventless_1773846029,open_positions=1,"{""decision_threshold"": 0.6600000000000001, ""no_trade_band"": 0.0}"
2026-03-18T15:00:49.775680+00:00,LIVE,agentic_hybrid,EURUSD,eventless_no_decision,,strategy_returned_none,"{""decision_threshold"": 0.6600000000000001, ""no_trade_band"": 0.0}"
2026-03-18T15:01:10.364920+00:00,LIVE,agentic_hybrid,EURUSD,eventless_no_decision,,strategy_returned_none,"{""decision_threshold"": 0.6600000000000001, ""no_trade_band"": 0.0}"
2026-03-18T15:01:30.396168+00:00,LIVE,agentic_hybrid,EURUSD,eventless_no_decision,,strategy_returned_none,"{""decision_threshold"": 0.6600000000000001, ""no_trade_band"": 0.0}"
2026-03-18T15:02:04.453284+00:00,LIVE,agentic_hybrid,EURUSD,calendar_refresh,,events=2506,"{""decision_threshold"": 0.6600000000000001, ""no_trade_band"": 0.0}"
2026-03-18T15:02:05.469196+00:00,LIVE,agentic_hybrid,EURUSD,skip_max_open_positions,eventless_1773846125,open_positions=1,"{""decision_threshold"": 0.6600000000000001, ""no_trade_band"": 0.0}"
2026-03-18T15:02:25.514265+00:00,LIVE,agentic_hybrid,EURUSD,eventless_no_decision,,strategy_returned_none,"{""decision_threshold"": 0.6600000000000001, ""no_trade_band"": 0.0}"
2026-03-18T15:02:45.557799+00:00,LIVE,agentic_hybrid,EURUSD,skip_max_open_positions,eventless_1773846165,open_positions=1,"{""decision_threshold"": 0.6600000000000001, ""no_trade_band"": 0.0}"
2026-03-18T15:03:05.588849+00:00,LIVE,agentic_hybrid,EURUSD,eventless_no_decision,,strategy_returned_none,"{""decision_threshold"": 0.6600000000000001, ""no_trade_band"": 0.0}"
2026-03-18T15:03:25.614886+00:00,LIVE,agentic_hybrid,EURUSD,eventless_no_decision,,strategy_returned_none,"{""decision_threshold"": 0.6600000000000001, ""no_trade_band"": 0.0}"
2026-03-18T15:04:04.383783+00:00,LIVE,agentic_hybrid,EURUSD,calendar_refresh,,events=2603,"{""decision_threshold"": 0.6600000000000001, ""no_trade_band"": 0.0}"
2026-03-18T15:04:05.762681+00:00,LIVE,agentic_hybrid,EURUSD,skip_max_open_positions,eventless_1773846245,open_positions=1,"{""decision_threshold"": 0.6600000000000001, ""no_trade_band"": 0.0}"
2026-03-18T15:04:26.502301+00:00,LIVE,agentic_hybrid,EURUSD,skip_max_open_positions,eventless_1773846266,open_positions=1,"{""decision_threshold"": 0.6600000000000001, ""no_trade_band"": 0.0}"
2026-03-18T15:04:46.541240+00:00,LIVE,agentic_hybrid,EURUSD,skip_max_open_positions,eventless_1773846286,open_positions=1,"{""decision_threshold"": 0.6600000000000001, ""no_trade_band"": 0.0}"
2026-03-18T15:05:06.571857+00:00,LIVE,agentic_hybrid,EURUSD,skip_max_open_positions,eventless_1773846306,open_positions=1,"{""decision_threshold"": 0.6600000000000001, ""no_trade_band"": 0.0}"
2026-03-18T15:05:26.600620+00:00,LIVE,agentic_hybrid,EURUSD,skip_max_open_positions,eventless_1773846326,open_positions=1,"{""decision_threshold"": 0.6600000000000001, ""no_trade_band"": 0.0}"
2026-03-18T15:06:04.706459+00:00,LIVE,agentic_hybrid,EURUSD,calendar_refresh,,events=2506,"{""decision_threshold"": 0.6600000000000001, ""no_trade_band"": 0.0}"
2026-03-18T15:06:05.724163+00:00,LIVE,agentic_hybrid,EURUSD,skip_max_open_positions,eventless_1773846365,open_positions=1,"{""decision_threshold"": 0.6600000000000001, ""no_trade_band"": 0.0}"
2026-03-18T15:06:26.107122+00:00,LIVE,agentic_hybrid,EURUSD,skip_max_open_positions,eventless_1773846386,open_positions=1,"{""decision_threshold"": 0.6600000000000001, ""no_trade_band"": 0.0}"
2026-03-18T15:07:23.468014+00:00,LIVE,agentic_hybrid,EURUSD,skip_max_open_positions,eventless_1773846443,open_positions=1,"{""decision_threshold"": 0.6600000000000001, ""no_trade_band"": 0.0}"
2026-03-18T15:08:04.106345+00:00,LIVE,agentic_hybrid,EURUSD,calendar_refresh,,events=2327,"{""decision_threshold"": 0.6600000000000001, ""no_trade_band"": 0.0}"
2026-03-18T15:08:04.471954+00:00,LIVE,agentic_hybrid,EURUSD,skip_max_open_positions,eventless_1773846463,open_positions=1,"{""decision_threshold"": 0.6600000000000001, ""no_trade_band"": 0.0}"
2026-03-18T15:08:05.484005+00:00,LIVE,agentic_hybrid,EURUSD,skip_max_open_positions,eventless_1773846485,open_positions=1,"{""decision_threshold"": 0.6600000000000001, ""no_trade_band"": 0.0}"
2026-03-18T15:08:25.529964+00:00,LIVE,agentic_hybrid,EURUSD,skip_max_open_positions,eventless_1773846505,open_positions=1,"{""decision_threshold"": 0.6600000000000001, ""no_trade_band"": 0.0}"
2026-03-18T15:08:45.574912+00:00,LIVE,agentic_hybrid,EURUSD,skip_max_open_positions,eventless_1773846525,open_positions=1,"{""decision_threshold"": 0.6600000000000001, ""no_trade_band"": 0.0}"
2026-03-18T15:09:05.618222+00:00,LIVE,agentic_hybrid,EURUSD,skip_max_open_positions,eventless_1773846545,open_positions=1,"{""decision_threshold"": 0.6600000000000001, ""no_trade_band"": 0.0}"
2026-03-18T15:09:25.648371+00:00,LIVE,agentic_hybrid,EURUSD,skip_max_open_positions,eventless_1773846565,open_positions=1,"{""decision_threshold"": 0.6600000000000001, ""no_trade_band"": 0.0}"
2026-03-18T15:10:05.575048+00:00,LIVE,agentic_hybrid,EURUSD,calendar_refresh,,events=2521,"{""decision_threshold"": 0.6600000000000001, ""no_trade_band"": 0.0}"
2026-03-18T15:10:06.595526+00:00,LIVE,agentic_hybrid,EURUSD,skip_max_open_positions,eventless_1773846606,open_positions=1,"{""decision_threshold"": 0.6600000000000001, ""no_trade_band"": 0.0}"
2026-03-18T15:10:26.623142+00:00,LIVE,agentic_hybrid,EURUSD,skip_max_open_positions,eventless_1773846626,open_positions=1,"{""decision_threshold"": 0.6600000000000001, ""no_trade_band"": 0.0}"
2026-03-18T15:10:46.663905+00:00,LIVE,agentic_hybrid,EURUSD,skip_max_open_positions,eventless_1773846646,open_positions=1,"{""decision_threshold"": 0.6600000000000001, ""no_trade_band"": 0.0}"
2026-03-18T15:11:06.705860+00:00,LIVE,agentic_hybrid,EURUSD,skip_max_open_positions,eventless_1773846666,open_positions=1,"{""decision_threshold"": 0.6600000000000001, ""no_trade_band"": 0.0}"
2026-03-18T15:11:26.735571+00:00,LIVE,agentic_hybrid,EURUSD,eventless_no_decision,,strategy_returned_none,"{""decision_threshold"": 0.6600000000000001, ""no_trade_band"": 0.0}"
2026-03-18T15:12:05.932891+00:00,LIVE,agentic_hybrid,EURUSD,calendar_refresh,,events=2506,"{""decision_threshold"": 0.6600000000000001, ""no_trade_band"": 0.0}"
2026-03-18T15:12:06.950725+00:00,LIVE,agentic_hybrid,EURUSD,eventless_no_decision,,strategy_returned_none,"{""decision_threshold"": 0.6600000000000001, ""no_trade_band"": 0.0}"
2026-03-18T15:12:26.986418+00:00,LIVE,agentic_hybrid,EURUSD,eventless_no_decision,,strategy_returned_none,"{""decision_threshold"": 0.6600000000000001, ""no_trade_band"": 0.0}"
2026-03-18T15:12:47.668412+00:00,LIVE,agentic_hybrid,EURUSD,order_sent_eventless,eventless_1773846767,"side=SELL,confidence=0.7768","{""decision_threshold"": 0.6600000000000001, ""no_trade_band"": 0.0}"
2026-03-18T15:13:07.509745+00:00,LIVE,agentic_hybrid,EURUSD,skip_max_open_positions,eventless_1773846787,open_positions=1,"{""decision_threshold"": 0.6600000000000001, ""no_trade_band"": 0.0}"
2026-03-18T15:13:27.716188+00:00,LIVE,agentic_hybrid,EURUSD,skip_max_open_positions,eventless_1773846807,open_positions=1,"{""decision_threshold"": 0.6600000000000001, ""no_trade_band"": 0.0}"
2026-03-18T15:14:07.493649+00:00,LIVE,agentic_hybrid,EURUSD,calendar_refresh,,events=2506,"{""decision_threshold"": 0.6600000000000001, ""no_trade_band"": 0.0}"
2026-03-18T15:14:08.511154+00:00,LIVE,agentic_hybrid,EURUSD,skip_max_open_positions,eventless_1773846848,open_positions=1,"{""decision_threshold"": 0.6600000000000001, ""no_trade_band"": 0.0}"
2026-03-18T15:14:28.556629+00:00,LIVE,agentic_hybrid,EURUSD,skip_max_open_positions,eventless_1773846868,open_positions=1,"{""decision_threshold"": 0.6600000000000001, ""no_trade_band"": 0.0}"
2026-03-18T15:14:48.585722+00:00,LIVE,agentic_hybrid,EURUSD,skip_max_open_positions,eventless_1773846888,open_positions=1,"{""decision_threshold"": 0.6600000000000001, ""no_trade_band"": 0.0}"
2026-03-18T15:15:08.618048+00:00,LIVE,agentic_hybrid,EURUSD,eventless_no_decision,,strategy_returned_none,"{""decision_threshold"": 0.6600000000000001, ""no_trade_band"": 0.0}"
2026-03-18T15:15:28.648402+00:00,LIVE,agentic_hybrid,EURUSD,skip_max_open_positions,eventless_1773846928,open_positions=1,"{""decision_threshold"": 0.6600000000000001, ""no_trade_band"": 0.0}"
2026-03-18T15:16:08.058645+00:00,LIVE,agentic_hybrid,EURUSD,calendar_refresh,,events=2506,"{""decision_threshold"": 0.6600000000000001, ""no_trade_band"": 0.0}"
2026-03-18T15:16:09.073889+00:00,LIVE,agentic_hybrid,EURUSD,eventless_no_decision,,strategy_returned_none,"{""decision_threshold"": 0.6600000000000001, ""no_trade_band"": 0.0}"
2026-03-18T15:16:29.105451+00:00,LIVE,agentic_hybrid,EURUSD,skip_max_open_positions,eventless_1773846989,open_positions=1,"{""decision_threshold"": 0.6600000000000001, ""no_trade_band"": 0.0}"
2026-03-18T15:16:49.134104+00:00,LIVE,agentic_hybrid,EURUSD,skip_max_open_positions,eventless_1773847009,open_positions=1,"{""decision_threshold"": 0.6600000000000001, ""no_trade_band"": 0.0}"
2026-03-18T15:17:09.162634+00:00,LIVE,agentic_hybrid,EURUSD,skip_max_open_positions,eventless_1773847029,open_positions=1,"{""decision_threshold"": 0.6600000000000001, ""no_trade_band"": 0.0}"
2026-03-18T15:17:29.193913+00:00,LIVE,agentic_hybrid,EURUSD,skip_max_open_positions,eventless_1773847049,open_positions=1,"{""decision_threshold"": 0.6600000000000001, ""no_trade_band"": 0.0}"
2026-03-18T15:18:09.626340+00:00,LIVE,agentic_hybrid,EURUSD,calendar_refresh,,events=2506,"{""decision_threshold"": 0.6600000000000001, ""no_trade_band"": 0.0}"
2026-03-18T15:18:10.644268+00:00,LIVE,agentic_hybrid,EURUSD,eventless_no_decision,,strategy_returned_none,"{""decision_threshold"": 0.6600000000000001, ""no_trade_band"": 0.0}"
2026-03-18T15:18:30.673032+00:00,LIVE,agentic_hybrid,EURUSD,skip_max_open_positions,eventless_1773847110,open_positions=1,"{""decision_threshold"": 0.6600000000000001, ""no_trade_band"": 0.0}"
2026-03-18T15:18:50.704777+00:00,LIVE,agentic_hybrid,EURUSD,skip_max_open_positions,eventless_1773847130,open_positions=1,"{""decision_threshold"": 0.6600000000000001, ""no_trade_band"": 0.0}"
2026-03-18T15:19:11.084306+00:00,LIVE,agentic_hybrid,EURUSD,skip_max_open_positions,eventless_1773847150,open_positions=1,"{""decision_threshold"": 0.6600000000000001, ""no_trade_band"": 0.0}"
2026-03-18T15:19:31.115064+00:00,LIVE,agentic_hybrid,EURUSD,skip_max_open_positions,eventless_1773847171,open_positions=1,"{""decision_threshold"": 0.6600000000000001, ""no_trade_band"": 0.0}"
2026-03-18T15:20:10.526897+00:00,LIVE,agentic_hybrid,EURUSD,calendar_refresh,,events=2506,"{""decision_threshold"": 0.6600000000000001, ""no_trade_band"": 0.0}"
2026-03-18T15:20:11.542288+00:00,LIVE,agentic_hybrid,EURUSD,skip_max_open_positions,eventless_1773847211,open_positions=1,"{""decision_threshold"": 0.6600000000000001, ""no_trade_band"": 0.0}"
2026-03-18T15:20:31.575787+00:00,LIVE,agentic_hybrid,EURUSD,eventless_no_decision,,strategy_returned_none,"{""decision_threshold"": 0.6600000000000001, ""no_trade_band"": 0.0}"
2026-03-18T15:20:51.606509+00:00,LIVE,agentic_hybrid,EURUSD,skip_max_open_positions,eventless_1773847251,open_positions=1,"{""decision_threshold"": 0.6600000000000001, ""no_trade_band"": 0.0}"
2026-03-18T15:21:11.640864+00:00,LIVE,agentic_hybrid,EURUSD,skip_max_open_positions,eventless_1773847271,open_positions=1,"{""decision_threshold"": 0.6600000000000001, ""no_trade_band"": 0.0}"
2026-03-18T15:21:31.671247+00:00,LIVE,agentic_hybrid,EURUSD,skip_max_open_positions,eventless_1773847291,open_positions=1,"{""decision_threshold"": 0.6600000000000001, ""no_trade_band"": 0.0}"
2026-03-18T15:22:13.936829+00:00,LIVE,agentic_hybrid,EURUSD,calendar_refresh,,events=2506,"{""decision_threshold"": 0.6600000000000001, ""no_trade_band"": 0.0}"
2026-03-18T15:22:14.954274+00:00,LIVE,agentic_hybrid,EURUSD,eventless_no_decision,,strategy_returned_none,"{""decision_threshold"": 0.6600000000000001, ""no_trade_band"": 0.0}"
2026-03-18T15:22:35.348145+00:00,LIVE,agentic_hybrid,EURUSD,skip_max_open_positions,eventless_1773847355,open_positions=1,"{""decision_threshold"": 0.6600000000000001, ""no_trade_band"": 0.0}"
2026-03-18T15:22:57.877277+00:00,LIVE,agentic_hybrid,EURUSD,eventless_no_decision,,strategy_returned_none,"{""decision_threshold"": 0.6600000000000001, ""no_trade_band"": 0.0}"
2026-03-18T15:23:17.901584+00:00,LIVE,agentic_hybrid,EURUSD,eventless_no_decision,,strategy_returned_none,"{""decision_threshold"": 0.6600000000000001, ""no_trade_band"": 0.0}"
2026-03-18T15:23:37.941945+00:00,LIVE,agentic_hybrid,EURUSD,skip_max_open_positions,eventless_1773847417,open_positions=1,"{""decision_threshold"": 0.6600000000000001, ""no_trade_band"": 0.0}"
2026-03-18T15:24:10.376096+00:00,LIVE,agentic_hybrid,EURUSD,calendar_refresh,,events=2506,"{""decision_threshold"": 0.6600000000000001, ""no_trade_band"": 0.0}"
2026-03-18T15:24:11.390171+00:00,LIVE,agentic_hybrid,EURUSD,eventless_no_decision,,strategy_returned_none,"{""decision_threshold"": 0.6600000000000001, ""no_trade_band"": 0.0}"
2026-03-18T15:24:31.424322+00:00,LIVE,agentic_hybrid,EURUSD,skip_max_open_positions,eventless_1773847471,open_positions=1,"{""decision_threshold"": 0.6600000000000001, ""no_trade_band"": 0.0}"
2026-03-18T15:24:51.462291+00:00,LIVE,agentic_hybrid,EURUSD,eventless_no_decision,,strategy_returned_none,"{""decision_threshold"": 0.6600000000000001, ""no_trade_band"": 0.0}"
2026-03-18T15:25:11.489589+00:00,LIVE,agentic_hybrid,EURUSD,eventless_no_decision,,strategy_returned_none,"{""decision_threshold"": 0.6600000000000001, ""no_trade_band"": 0.0}"
2026-03-18T15:25:31.517341+00:00,LIVE,agentic_hybrid,EURUSD,skip_max_open_positions,eventless_1773847531,open_positions=1,"{""decision_threshold"": 0.6600000000000001, ""no_trade_band"": 0.0}"
2026-03-18T15:26:11.280376+00:00,LIVE,agentic_hybrid,EURUSD,calendar_refresh,,events=2506,"{""decision_threshold"": 0.6600000000000001, ""no_trade_band"": 0.0}"
2026-03-18T15:26:12.292689+00:00,LIVE,agentic_hybrid,EURUSD,skip_max_open_positions,eventless_1773847572,open_positions=1,"{""decision_threshold"": 0.6600000000000001, ""no_trade_band"": 0.0}"
2026-03-18T15:26:32.326138+00:00,LIVE,agentic_hybrid,EURUSD,skip_max_open_positions,eventless_1773847592,open_positions=1,"{""decision_threshold"": 0.6600000000000001, ""no_trade_band"": 0.0}"
2026-03-18T15:26:52.351246+00:00,LIVE,agentic_hybrid,EURUSD,skip_max_open_positions,eventless_1773847612,open_positions=1,"{""decision_threshold"": 0.6600000000000001, ""no_trade_band"": 0.0}"
2026-03-18T15:27:12.393301+00:00,LIVE,agentic_hybrid,EURUSD,skip_max_open_positions,eventless_1773847632,open_positions=1,"{""decision_threshold"": 0.6600000000000001, ""no_trade_band"": 0.0}"
2026-03-18T15:27:32.421096+00:00,LIVE,agentic_hybrid,EURUSD,skip_max_open_positions,eventless_1773847652,open_positions=1,"{""decision_threshold"": 0.6600000000000001, ""no_trade_band"": 0.0}"
2026-03-18T15:28:13.111368+00:00,LIVE,agentic_hybrid,EURUSD,calendar_refresh,,events=2506,"{""decision_threshold"": 0.6600000000000001, ""no_trade_band"": 0.0}"
2026-03-18T15:28:14.141763+00:00,LIVE,agentic_hybrid,EURUSD,skip_max_open_positions,eventless_1773847694,open_positions=1,"{""decision_threshold"": 0.6600000000000001, ""no_trade_band"": 0.0}"
2026-03-18T15:28:34.174855+00:00,LIVE,agentic_hybrid,EURUSD,skip_max_open_positions,eventless_1773847714,open_positions=1,"{""decision_threshold"": 0.6600000000000001, ""no_trade_band"": 0.0}"
2026-03-18T15:28:54.200001+00:00,LIVE,agentic_hybrid,EURUSD,skip_max_open_positions,eventless_1773847734,open_positions=1,"{""decision_threshold"": 0.6600000000000001, ""no_trade_band"": 0.0}"
2026-03-18T15:29:14.229521+00:00,LIVE,agentic_hybrid,EURUSD,skip_max_open_positions,eventless_1773847754,open_positions=1,"{""decision_threshold"": 0.6600000000000001, ""no_trade_band"": 0.0}"
2026-03-18T15:29:34.270022+00:00,LIVE,agentic_hybrid,EURUSD,skip_max_open_positions,eventless_1773847774,open_positions=1,"{""decision_threshold"": 0.6600000000000001, ""no_trade_band"": 0.0}"
2026-03-18T15:30:12.872801+00:00,LIVE,agentic_hybrid,EURUSD,calendar_refresh,,events=2163,"{""decision_threshold"": 0.6600000000000001, ""no_trade_band"": 0.0}"
2026-03-18T15:30:13.889863+00:00,LIVE,agentic_hybrid,EURUSD,skip_max_open_positions,eventless_1773847813,open_positions=1,"{""decision_threshold"": 0.6600000000000001, ""no_trade_band"": 0.0}"
2026-03-18T15:30:33.923604+00:00,LIVE,agentic_hybrid,EURUSD,skip_max_open_positions,eventless_1773847833,open_positions=1,"{""decision_threshold"": 0.6600000000000001, ""no_trade_band"": 0.0}"
2026-03-18T15:30:53.955564+00:00,LIVE,agentic_hybrid,EURUSD,skip_max_open_positions,eventless_1773847853,open_positions=1,"{""decision_threshold"": 0.6600000000000001, ""no_trade_band"": 0.0}"
2026-03-18T15:31:13.989396+00:00,LIVE,agentic_hybrid,EURUSD,eventless_no_decision,,strategy_returned_none,"{""decision_threshold"": 0.6600000000000001, ""no_trade_band"": 0.0}"
2026-03-18T15:31:34.018877+00:00,LIVE,agentic_hybrid,EURUSD,eventless_no_decision,,strategy_returned_none,"{""decision_threshold"": 0.6600000000000001, ""no_trade_band"": 0.0}"
2026-03-18T15:32:12.813976+00:00,LIVE,agentic_hybrid,EURUSD,calendar_refresh,,events=2523,"{""decision_threshold"": 0.6600000000000001, ""no_trade_band"": 0.0}"
2026-03-18T15:32:13.835549+00:00,LIVE,agentic_hybrid,EURUSD,skip_max_open_positions,eventless_1773847933,open_positions=1,"{""decision_threshold"": 0.6600000000000001, ""no_trade_band"": 0.0}"
2026-03-18T15:32:33.865074+00:00,LIVE,agentic_hybrid,EURUSD,skip_max_open_positions,eventless_1773847953,open_positions=1,"{""decision_threshold"": 0.6600000000000001, ""no_trade_band"": 0.0}"
2026-03-18T15:32:53.890938+00:00,LIVE,agentic_hybrid,EURUSD,skip_max_open_positions,eventless_1773847973,open_positions=1,"{""decision_threshold"": 0.6600000000000001, ""no_trade_band"": 0.0}"
2026-03-18T15:33:13.919822+00:00,LIVE,agentic_hybrid,EURUSD,eventless_no_decision,,strategy_returned_none,"{""decision_threshold"": 0.6600000000000001, ""no_trade_band"": 0.0}"
2026-03-18T15:33:33.949959+00:00,LIVE,agentic_hybrid,EURUSD,eventless_no_decision,,strategy_returned_none,"{""decision_threshold"": 0.6600000000000001, ""no_trade_band"": 0.0}"
2026-03-18T15:34:13.520054+00:00,LIVE,agentic_hybrid,EURUSD,calendar_refresh,,events=2382,"{""decision_threshold"": 0.6600000000000001, ""no_trade_band"": 0.0}"
2026-03-18T15:34:14.537503+00:00,LIVE,agentic_hybrid,EURUSD,eventless_no_decision,,strategy_returned_none,"{""decision_threshold"": 0.6600000000000001, ""no_trade_band"": 0.0}"
2026-03-18T15:34:34.563384+00:00,LIVE,agentic_hybrid,EURUSD,eventless_no_decision,,strategy_returned_none,"{""decision_threshold"": 0.6600000000000001, ""no_trade_band"": 0.0}"
2026-03-18T15:34:54.588488+00:00,LIVE,agentic_hybrid,EURUSD,eventless_no_decision,,strategy_returned_none,"{""decision_threshold"": 0.6600000000000001, ""no_trade_band"": 0.0}"
2026-03-18T15:35:14.626159+00:00,LIVE,agentic_hybrid,EURUSD,skip_max_open_positions,eventless_1773848114,open_positions=1,"{""decision_threshold"": 0.6600000000000001, ""no_trade_band"": 0.0}"
2026-03-18T15:35:34.653068+00:00,LIVE,agentic_hybrid,EURUSD,skip_max_open_positions,eventless_1773848134,open_positions=1,"{""decision_threshold"": 0.6600000000000001, ""no_trade_band"": 0.0}"
2026-03-18T15:36:15.118679+00:00,LIVE,agentic_hybrid,EURUSD,calendar_refresh,,events=2506,"{""decision_threshold"": 0.6600000000000001, ""no_trade_band"": 0.0}"
2026-03-18T15:36:23.268768+00:00,LIVE,agentic_hybrid,EURUSD,order_sent_eventless,eventless_1773848176,"side=BUY,confidence=0.8403","{""decision_threshold"": 0.6600000000000001, ""no_trade_band"": 0.0}"
2026-03-18T15:36:36.996429+00:00,LIVE,agentic_hybrid,EURUSD,skip_max_open_positions,eventless_1773848196,open_positions=1,"{""decision_threshold"": 0.6600000000000001, ""no_trade_band"": 0.0}"
2026-03-18T15:36:57.022011+00:00,LIVE,agentic_hybrid,EURUSD,skip_max_open_positions,eventless_1773848217,open_positions=1,"{""decision_threshold"": 0.6600000000000001, ""no_trade_band"": 0.0}"
2026-03-18T15:37:17.538068+00:00,LIVE,agentic_hybrid,EURUSD,skip_max_open_positions,eventless_1773848237,open_positions=1,"{""decision_threshold"": 0.6600000000000001, ""no_trade_band"": 0.0}"
2026-03-18T15:37:37.569227+00:00,LIVE,agentic_hybrid,EURUSD,skip_max_open_positions,eventless_1773848257,open_positions=1,"{""decision_threshold"": 0.6600000000000001, ""no_trade_band"": 0.0}"
2026-03-18T15:38:14.794881+00:00,LIVE,agentic_hybrid,EURUSD,calendar_refresh,,events=2506,"{""decision_threshold"": 0.6600000000000001, ""no_trade_band"": 0.0}"
2026-03-18T15:38:16.162085+00:00,LIVE,agentic_hybrid,EURUSD,skip_max_open_positions,eventless_1773848296,open_positions=1,"{""decision_threshold"": 0.6600000000000001, ""no_trade_band"": 0.0}"
2026-03-18T15:38:36.547970+00:00,LIVE,agentic_hybrid,EURUSD,eventless_no_decision,,strategy_returned_none,"{""decision_threshold"": 0.6600000000000001, ""no_trade_band"": 0.0}"
2026-03-18T15:38:56.595269+00:00,LIVE,agentic_hybrid,EURUSD,eventless_no_decision,,strategy_returned_none,"{""decision_threshold"": 0.6600000000000001, ""no_trade_band"": 0.0}"
2026-03-18T15:39:16.625998+00:00,LIVE,agentic_hybrid,EURUSD,skip_max_open_positions,eventless_1773848356,open_positions=1,"{""decision_threshold"": 0.6600000000000001, ""no_trade_band"": 0.0}"
2026-03-18T15:39:36.652098+00:00,LIVE,agentic_hybrid,EURUSD,skip_max_open_positions,eventless_1773848376,open_positions=1,"{""decision_threshold"": 0.6600000000000001, ""no_trade_band"": 0.0}"
2026-03-18T15:40:15.164567+00:00,LIVE,agentic_hybrid,EURUSD,calendar_refresh,,events=2327,"{""decision_threshold"": 0.6600000000000001, ""no_trade_band"": 0.0}"
2026-03-18T15:40:16.184505+00:00,LIVE,agentic_hybrid,EURUSD,skip_max_open_positions,eventless_1773848416,open_positions=1,"{""decision_threshold"": 0.6600000000000001, ""no_trade_band"": 0.0}"
2026-03-18T15:40:36.214430+00:00,LIVE,agentic_hybrid,EURUSD,skip_max_open_positions,eventless_1773848436,open_positions=1,"{""decision_threshold"": 0.6600000000000001, ""no_trade_band"": 0.0}"
2026-03-18T15:40:56.241069+00:00,LIVE,agentic_hybrid,EURUSD,skip_max_open_positions,eventless_1773848456,open_positions=1,"{""decision_threshold"": 0.6600000000000001, ""no_trade_band"": 0.0}"
2026-03-18T15:41:16.267722+00:00,LIVE,agentic_hybrid,EURUSD,eventless_no_decision,,strategy_returned_none,"{""decision_threshold"": 0.6600000000000001, ""no_trade_band"": 0.0}"
2026-03-18T15:41:36.296919+00:00,LIVE,agentic_hybrid,EURUSD,skip_max_open_positions,eventless_1773848496,open_positions=1,"{""decision_threshold"": 0.6600000000000001, ""no_trade_band"": 0.0}"
2026-03-18T15:42:15.581932+00:00,LIVE,agentic_hybrid,EURUSD,calendar_refresh,,events=2506,"{""decision_threshold"": 0.6600000000000001, ""no_trade_band"": 0.0}"
2026-03-18T15:42:16.599691+00:00,LIVE,agentic_hybrid,EURUSD,skip_max_open_positions,eventless_1773848536,open_positions=1,"{""decision_threshold"": 0.6600000000000001, ""no_trade_band"": 0.0}"
2026-03-18T15:42:36.631515+00:00,LIVE,agentic_hybrid,EURUSD,eventless_no_decision,,strategy_returned_none,"{""decision_threshold"": 0.6600000000000001, ""no_trade_band"": 0.0}"
2026-03-18T15:42:56.671358+00:00,LIVE,agentic_hybrid,EURUSD,skip_max_open_positions,eventless_1773848576,open_positions=1,"{""decision_threshold"": 0.6600000000000001, ""no_trade_band"": 0.0}"
2026-03-18T15:43:16.703223+00:00,LIVE,agentic_hybrid,EURUSD,skip_max_open_positions,eventless_1773848596,open_positions=1,"{""decision_threshold"": 0.6600000000000001, ""no_trade_band"": 0.0}"
2026-03-18T15:43:36.731498+00:00,LIVE,agentic_hybrid,EURUSD,skip_max_open_positions,eventless_1773848616,open_positions=1,"{""decision_threshold"": 0.6600000000000001, ""no_trade_band"": 0.0}"
2026-03-18T15:44:17.546569+00:00,LIVE,agentic_hybrid,EURUSD,calendar_refresh,,events=2544,"{""decision_threshold"": 0.6600000000000001, ""no_trade_band"": 0.0}"
2026-03-18T15:44:18.561564+00:00,LIVE,agentic_hybrid,EURUSD,skip_max_open_positions,eventless_1773848658,open_positions=1,"{""decision_threshold"": 0.6600000000000001, ""no_trade_band"": 0.0}"
2026-03-18T15:44:38.596407+00:00,LIVE,agentic_hybrid,EURUSD,skip_max_open_positions,eventless_1773848678,open_positions=1,"{""decision_threshold"": 0.6600000000000001, ""no_trade_band"": 0.0}"
2026-03-18T15:44:58.626056+00:00,LIVE,agentic_hybrid,EURUSD,skip_max_open_positions,eventless_1773848698,open_positions=1,"{""decision_threshold"": 0.6600000000000001, ""no_trade_band"": 0.0}"
2026-03-18T15:45:18.656940+00:00,LIVE,agentic_hybrid,EURUSD,eventless_no_decision,,strategy_returned_none,"{""decision_threshold"": 0.6600000000000001, ""no_trade_band"": 0.0}"
2026-03-18T15:45:38.685421+00:00,LIVE,agentic_hybrid,EURUSD,skip_max_open_positions,eventless_1773848738,open_positions=1,"{""decision_threshold"": 0.6600000000000001, ""no_trade_band"": 0.0}"
2026-03-18T15:46:17.648323+00:00,LIVE,agentic_hybrid,EURUSD,calendar_refresh,,events=2506,"{""decision_threshold"": 0.6600000000000001, ""no_trade_band"": 0.0}"
2026-03-18T15:46:18.667160+00:00,LIVE,agentic_hybrid,EURUSD,skip_max_open_positions,eventless_1773848778,open_positions=1,"{""decision_threshold"": 0.6600000000000001, ""no_trade_band"": 0.0}"
2026-03-18T15:46:38.696520+00:00,LIVE,agentic_hybrid,EURUSD,skip_max_open_positions,eventless_1773848798,open_positions=1,"{""decision_threshold"": 0.6600000000000001, ""no_trade_band"": 0.0}"
2026-03-18T15:46:58.736738+00:00,LIVE,agentic_hybrid,EURUSD,skip_max_open_positions,eventless_1773848818,open_positions=1,"{""decision_threshold"": 0.6600000000000001, ""no_trade_band"": 0.0}"
2026-03-18T15:47:18.766841+00:00,LIVE,agentic_hybrid,EURUSD,skip_max_open_positions,eventless_1773848838,open_positions=1,"{""decision_threshold"": 0.6600000000000001, ""no_trade_band"": 0.0}"
2026-03-18T15:47:38.795752+00:00,LIVE,agentic_hybrid,EURUSD,skip_max_open_positions,eventless_1773848858,open_positions=1,"{""decision_threshold"": 0.6600000000000001, ""no_trade_band"": 0.0}"
2026-03-18T15:48:18.589998+00:00,LIVE,agentic_hybrid,EURUSD,calendar_refresh,,events=2506,"{""decision_threshold"": 0.6600000000000001, ""no_trade_band"": 0.0}"
2026-03-18T15:48:19.607591+00:00,LIVE,agentic_hybrid,EURUSD,skip_max_open_positions,eventless_1773848899,open_positions=1,"{""decision_threshold"": 0.6600000000000001, ""no_trade_band"": 0.0}"
2026-03-18T15:48:39.638918+00:00,LIVE,agentic_hybrid,EURUSD,skip_max_open_positions,eventless_1773848919,open_positions=1,"{""decision_threshold"": 0.6600000000000001, ""no_trade_band"": 0.0}"
2026-03-18T15:48:59.681846+00:00,LIVE,agentic_hybrid,EURUSD,skip_max_open_positions,eventless_1773848939,open_positions=1,"{""decision_threshold"": 0.6600000000000001, ""no_trade_band"": 0.0}"
2026-03-18T15:49:19.712381+00:00,LIVE,agentic_hybrid,EURUSD,skip_max_open_positions,eventless_1773848959,open_positions=1,"{""decision_threshold"": 0.6600000000000001, ""no_trade_band"": 0.0}"
2026-03-18T15:49:39.740700+00:00,LIVE,agentic_hybrid,EURUSD,skip_max_open_positions,eventless_1773848979,open_positions=1,"{""decision_threshold"": 0.6600000000000001, ""no_trade_band"": 0.0}"
2026-03-18T15:50:18.753057+00:00,LIVE,agentic_hybrid,EURUSD,calendar_refresh,,events=2523,"{""decision_threshold"": 0.6600000000000001, ""no_trade_band"": 0.0}"
2026-03-18T15:50:19.770553+00:00,LIVE,agentic_hybrid,EURUSD,skip_max_open_positions,eventless_1773849019,open_positions=1,"{""decision_threshold"": 0.6600000000000001, ""no_trade_band"": 0.0}"
2026-03-18T15:50:39.799318+00:00,LIVE,agentic_hybrid,EURUSD,skip_max_open_positions,eventless_1773849039,open_positions=1,"{""decision_threshold"": 0.6600000000000001, ""no_trade_band"": 0.0}"
2026-03-18T15:51:00.172870+00:00,LIVE,agentic_hybrid,EURUSD,order_sent_eventless,eventless_1773849059,"side=SELL,confidence=0.8164","{""decision_threshold"": 0.6600000000000001, ""no_trade_band"": 0.0}"
2026-03-18T15:51:20.551474+00:00,LIVE,agentic_hybrid,EURUSD,eventless_no_decision,,strategy_returned_none,"{""decision_threshold"": 0.6600000000000001, ""no_trade_band"": 0.0}"
2026-03-18T15:52:22.517358+00:00,LIVE,agentic_hybrid,EURUSD,calendar_refresh,,events=2506,"{""decision_threshold"": 0.6600000000000001, ""no_trade_band"": 0.0}"
2026-03-18T15:52:22.893827+00:00,LIVE,agentic_hybrid,EURUSD,skip_max_open_positions,eventless_1773849118,open_positions=1,"{""decision_threshold"": 0.6600000000000001, ""no_trade_band"": 0.0}"
2026-03-18T15:52:36.367868+00:00,LIVE,agentic_hybrid,EURUSD,eventless_no_decision,,strategy_returned_none,"{""decision_threshold"": 0.6600000000000001, ""no_trade_band"": 0.0}"
2026-03-18T15:52:54.682619+00:00,LIVE,agentic_hybrid,EURUSD,skip_max_open_positions,eventless_1773849173,open_positions=1,"{""decision_threshold"": 0.6600000000000001, ""no_trade_band"": 0.0}"
2026-03-18T15:53:14.454649+00:00,LIVE,agentic_hybrid,EURUSD,skip_max_open_positions,eventless_1773849194,open_positions=1,"{""decision_threshold"": 0.6600000000000001, ""no_trade_band"": 0.0}"
2026-03-18T15:53:34.479669+00:00,LIVE,agentic_hybrid,EURUSD,eventless_no_decision,,strategy_returned_none,"{""decision_threshold"": 0.6600000000000001, ""no_trade_band"": 0.0}"
2026-03-18T15:53:54.837250+00:00,LIVE,agentic_hybrid,EURUSD,skip_max_open_positions,eventless_1773849234,open_positions=1,"{""decision_threshold"": 0.6600000000000001, ""no_trade_band"": 0.0}"
2026-03-18T15:54:22.291780+00:00,LIVE,agentic_hybrid,EURUSD,calendar_refresh,,events=2506,"{""decision_threshold"": 0.6600000000000001, ""no_trade_band"": 0.0}"
2026-03-18T15:54:23.310058+00:00,LIVE,agentic_hybrid,EURUSD,skip_max_open_positions,eventless_1773849263,open_positions=1,"{""decision_threshold"": 0.6600000000000001, ""no_trade_band"": 0.0}"
2026-03-18T15:54:43.338339+00:00,LIVE,agentic_hybrid,EURUSD,skip_max_open_positions,eventless_1773849283,open_positions=1,"{""decision_threshold"": 0.6600000000000001, ""no_trade_band"": 0.0}"
2026-03-18T15:55:03.363385+00:00,LIVE,agentic_hybrid,EURUSD,skip_max_open_positions,eventless_1773849303,open_positions=1,"{""decision_threshold"": 0.6600000000000001, ""no_trade_band"": 0.0}"
2026-03-18T15:55:23.408318+00:00,LIVE,agentic_hybrid,EURUSD,eventless_no_decision,,strategy_returned_none,"{""decision_threshold"": 0.6600000000000001, ""no_trade_band"": 0.0}"
2026-03-18T15:55:43.771169+00:00,LIVE,agentic_hybrid,EURUSD,skip_max_open_positions,eventless_1773849343,open_positions=1,"{""decision_threshold"": 0.6600000000000001, ""no_trade_band"": 0.0}"
2026-03-18T15:56:36.074348+00:00,LIVE,agentic_hybrid,EURUSD,calendar_refresh,,events=2506,"{""decision_threshold"": 0.6600000000000001, ""no_trade_band"": 0.0}"
2026-03-18T15:56:37.102919+00:00,LIVE,agentic_hybrid,EURUSD,eventless_no_decision,,strategy_returned_none,"{""decision_threshold"": 0.6600000000000001, ""no_trade_band"": 0.0}"
2026-03-18T15:56:57.144719+00:00,LIVE,agentic_hybrid,EURUSD,eventless_no_decision,,strategy_returned_none,"{""decision_threshold"": 0.6600000000000001, ""no_trade_band"": 0.0}"
2026-03-18T15:57:17.186314+00:00,LIVE,agentic_hybrid,EURUSD,eventless_no_decision,,strategy_returned_none,"{""decision_threshold"": 0.6600000000000001, ""no_trade_band"": 0.0}"
2026-03-18T15:57:38.526242+00:00,LIVE,agentic_hybrid,EURUSD,skip_max_open_positions,eventless_1773849457,open_positions=1,"{""decision_threshold"": 0.6600000000000001, ""no_trade_band"": 0.0}"
2026-03-18T15:58:35.672786+00:00,LIVE,agentic_hybrid,EURUSD,calendar_refresh,,events=2506,"{""decision_threshold"": 0.6600000000000001, ""no_trade_band"": 0.0}"
2026-03-18T15:58:47.257960+00:00,LIVE,agentic_hybrid,EURUSD,skip_max_open_positions,eventless_1773849480,open_positions=1,"{""decision_threshold"": 0.6600000000000001, ""no_trade_band"": 0.0}"
2026-03-18T15:58:48.277088+00:00,LIVE,agentic_hybrid,EURUSD,skip_max_open_positions,eventless_1773849528,open_positions=1,"{""decision_threshold"": 0.6600000000000001, ""no_trade_band"": 0.0}"
2026-03-18T15:59:08.320301+00:00,LIVE,agentic_hybrid,EURUSD,skip_max_open_positions,eventless_1773849548,open_positions=1,"{""decision_threshold"": 0.6600000000000001, ""no_trade_band"": 0.0}"
2026-03-18T15:59:28.358007+00:00,LIVE,agentic_hybrid,EURUSD,skip_max_open_positions,eventless_1773849568,open_positions=1,"{""decision_threshold"": 0.6600000000000001, ""no_trade_band"": 0.0}"
2026-03-18T15:59:48.420610+00:00,LIVE,agentic_hybrid,EURUSD,skip_max_open_positions,eventless_1773849588,open_positions=1,"{""decision_threshold"": 0.6600000000000001, ""no_trade_band"": 0.0}"
2026-03-18T16:00:30.051842+00:00,LIVE,agentic_hybrid,EURUSD,calendar_refresh,,events=2327,"{""decision_threshold"": 0.6600000000000001, ""no_trade_band"": 0.0}"
2026-03-18T16:00:31.080436+00:00,LIVE,agentic_hybrid,EURUSD,skip_max_open_positions,eventless_1773849631,open_positions=1,"{""decision_threshold"": 0.6600000000000001, ""no_trade_band"": 0.0}"
2026-03-18T16:00:51.139999+00:00,LIVE,agentic_hybrid,EURUSD,skip_max_open_positions,eventless_1773849651,open_positions=1,"{""decision_threshold"": 0.6600000000000001, ""no_trade_band"": 0.0}"
2026-03-18T16:01:11.184841+00:00,LIVE,agentic_hybrid,EURUSD,skip_max_open_positions,eventless_1773849671,open_positions=1,"{""decision_threshold"": 0.6600000000000001, ""no_trade_band"": 0.0}"
2026-03-18T16:01:31.452576+00:00,LIVE,agentic_hybrid,EURUSD,skip_max_open_positions,eventless_1773849691,open_positions=1,"{""decision_threshold"": 0.6600000000000001, ""no_trade_band"": 0.0}"
2026-03-18T16:02:35.045021+00:00,LIVE,agentic_hybrid,EURUSD,calendar_refresh,,events=2506,"{""decision_threshold"": 0.6600000000000001, ""no_trade_band"": 0.0}"
2026-03-18T16:02:35.075610+00:00,LIVE,agentic_hybrid,EURUSD,eventless_no_decision,,strategy_returned_none,"{""decision_threshold"": 0.6600000000000001, ""no_trade_band"": 0.0}"
2026-03-18T16:02:36.094441+00:00,LIVE,agentic_hybrid,EURUSD,eventless_no_decision,,strategy_returned_none,"{""decision_threshold"": 0.6600000000000001, ""no_trade_band"": 0.0}"
2026-03-18T16:02:56.132602+00:00,LIVE,agentic_hybrid,EURUSD,eventless_no_decision,,strategy_returned_none,"{""decision_threshold"": 0.6600000000000001, ""no_trade_band"": 0.0}"
2026-03-18T16:03:16.181417+00:00,LIVE,agentic_hybrid,EURUSD,skip_max_open_positions,eventless_1773849796,open_positions=1,"{""decision_threshold"": 0.6600000000000001, ""no_trade_band"": 0.0}"
2026-03-18T16:03:36.221106+00:00,LIVE,agentic_hybrid,EURUSD,eventless_no_decision,,strategy_returned_none,"{""decision_threshold"": 0.6600000000000001, ""no_trade_band"": 0.0}"
2026-03-18T16:03:56.275810+00:00,LIVE,agentic_hybrid,EURUSD,skip_max_open_positions,eventless_1773849836,open_positions=1,"{""decision_threshold"": 0.6600000000000001, ""no_trade_band"": 0.0}"
2026-03-18T16:04:36.393121+00:00,LIVE,agentic_hybrid,EURUSD,calendar_refresh,,events=2506,"{""decision_threshold"": 0.6600000000000001, ""no_trade_band"": 0.0}"
2026-03-18T16:04:37.419208+00:00,LIVE,agentic_hybrid,EURUSD,eventless_no_decision,,strategy_returned_none,"{""decision_threshold"": 0.6600000000000001, ""no_trade_band"": 0.0}"
2026-03-18T16:04:57.460694+00:00,LIVE,agentic_hybrid,EURUSD,eventless_no_decision,,strategy_returned_none,"{""decision_threshold"": 0.6600000000000001, ""no_trade_band"": 0.0}"
2026-03-18T16:05:17.498149+00:00,LIVE,agentic_hybrid,EURUSD,skip_max_open_positions,eventless_1773849917,open_positions=1,"{""decision_threshold"": 0.6600000000000001, ""no_trade_band"": 0.0}"
2026-03-18T16:05:37.535364+00:00,LIVE,agentic_hybrid,EURUSD,eventless_no_decision,,strategy_returned_none,"{""decision_threshold"": 0.6600000000000001, ""no_trade_band"": 0.0}"
2026-03-18T16:05:57.576871+00:00,LIVE,agentic_hybrid,EURUSD,skip_max_open_positions,eventless_1773849957,open_positions=1,"{""decision_threshold"": 0.6600000000000001, ""no_trade_band"": 0.0}"
2026-03-18T16:06:34.829128+00:00,LIVE,agentic_hybrid,EURUSD,calendar_refresh,,events=2523,"{""decision_threshold"": 0.6600000000000001, ""no_trade_band"": 0.0}"
2026-03-18T16:06:35.854545+00:00,LIVE,agentic_hybrid,EURUSD,skip_max_open_positions,eventless_1773849995,open_positions=1,"{""decision_threshold"": 0.6600000000000001, ""no_trade_band"": 0.0}"
2026-03-18T16:06:55.904507+00:00,LIVE,agentic_hybrid,EURUSD,skip_max_open_positions,eventless_1773850015,open_positions=1,"{""decision_threshold"": 0.6600000000000001, ""no_trade_band"": 0.0}"
2026-03-18T16:07:15.958982+00:00,LIVE,agentic_hybrid,EURUSD,skip_max_open_positions,eventless_1773850035,open_positions=1,"{""decision_threshold"": 0.6600000000000001, ""no_trade_band"": 0.0}"
2026-03-18T16:07:36.003462+00:00,LIVE,agentic_hybrid,EURUSD,skip_max_open_positions,eventless_1773850055,open_positions=1,"{""decision_threshold"": 0.6600000000000001, ""no_trade_band"": 0.0}"
2026-03-18T16:07:56.050701+00:00,LIVE,agentic_hybrid,EURUSD,eventless_no_decision,,strategy_returned_none,"{""decision_threshold"": 0.6600000000000001, ""no_trade_band"": 0.0}"
2026-03-18T16:08:35.611600+00:00,LIVE,agentic_hybrid,EURUSD,calendar_refresh,,events=2506,"{""decision_threshold"": 0.6600000000000001, ""no_trade_band"": 0.0}"
2026-03-18T16:08:36.653681+00:00,LIVE,agentic_hybrid,EURUSD,skip_max_open_positions,eventless_1773850116,open_positions=1,"{""decision_threshold"": 0.6600000000000001, ""no_trade_band"": 0.0}"
2026-03-18T16:08:56.693125+00:00,LIVE,agentic_hybrid,EURUSD,skip_max_open_positions,eventless_1773850136,open_positions=1,"{""decision_threshold"": 0.6600000000000001, ""no_trade_band"": 0.0}"
2026-03-18T16:09:16.737496+00:00,LIVE,agentic_hybrid,EURUSD,skip_max_open_positions,eventless_1773850156,open_positions=1,"{""decision_threshold"": 0.6600000000000001, ""no_trade_band"": 0.0}"
2026-03-18T16:09:36.782237+00:00,LIVE,agentic_hybrid,EURUSD,skip_max_open_positions,eventless_1773850176,open_positions=1,"{""decision_threshold"": 0.6600000000000001, ""no_trade_band"": 0.0}"
2026-03-18T16:09:56.828838+00:00,LIVE,agentic_hybrid,EURUSD,skip_max_open_positions,eventless_1773850196,open_positions=1,"{""decision_threshold"": 0.6600000000000001, ""no_trade_band"": 0.0}"
2026-03-18T16:10:39.741903+00:00,LIVE,agentic_hybrid,EURUSD,calendar_refresh,,events=2506,"{""decision_threshold"": 0.6600000000000001, ""no_trade_band"": 0.0}"
2026-03-18T16:10:40.785570+00:00,LIVE,agentic_hybrid,EURUSD,skip_max_open_positions,eventless_1773850240,open_positions=1,"{""decision_threshold"": 0.6600000000000001, ""no_trade_band"": 0.0}"
2026-03-18T16:11:00.826300+00:00,LIVE,agentic_hybrid,EURUSD,skip_max_open_positions,eventless_1773850260,open_positions=1,"{""decision_threshold"": 0.6600000000000001, ""no_trade_band"": 0.0}"
2026-03-18T16:11:20.883962+00:00,LIVE,agentic_hybrid,EURUSD,skip_max_open_positions,eventless_1773850280,open_positions=1,"{""decision_threshold"": 0.6600000000000001, ""no_trade_band"": 0.0}"
2026-03-18T16:11:40.933346+00:00,LIVE,agentic_hybrid,EURUSD,eventless_no_decision,,strategy_returned_none,"{""decision_threshold"": 0.6600000000000001, ""no_trade_band"": 0.0}"
2026-03-18T16:12:00.982339+00:00,LIVE,agentic_hybrid,EURUSD,skip_max_open_positions,eventless_1773850320,open_positions=1,"{""decision_threshold"": 0.6600000000000001, ""no_trade_band"": 0.0}"
2026-03-18T16:12:36.814949+00:00,LIVE,agentic_hybrid,EURUSD,calendar_refresh,,events=2506,"{""decision_threshold"": 0.6600000000000001, ""no_trade_band"": 0.0}"
2026-03-18T16:12:37.856245+00:00,LIVE,agentic_hybrid,EURUSD,skip_max_open_positions,eventless_1773850357,open_positions=1,"{""decision_threshold"": 0.6600000000000001, ""no_trade_band"": 0.0}"
2026-03-18T16:12:57.908290+00:00,LIVE,agentic_hybrid,EURUSD,skip_max_open_positions,eventless_1773850377,open_positions=1,"{""decision_threshold"": 0.6600000000000001, ""no_trade_band"": 0.0}"
2026-03-18T16:13:17.943326+00:00,LIVE,agentic_hybrid,EURUSD,skip_max_open_positions,eventless_1773850397,open_positions=1,"{""decision_threshold"": 0.6600000000000001, ""no_trade_band"": 0.0}"
2026-03-18T16:13:37.989493+00:00,LIVE,agentic_hybrid,EURUSD,eventless_no_decision,,strategy_returned_none,"{""decision_threshold"": 0.6600000000000001, ""no_trade_band"": 0.0}"
2026-03-18T16:13:58.049855+00:00,LIVE,agentic_hybrid,EURUSD,eventless_no_decision,,strategy_returned_none,"{""decision_threshold"": 0.6600000000000001, ""no_trade_band"": 0.0}"
2026-03-18T16:14:38.844219+00:00,LIVE,agentic_hybrid,EURUSD,calendar_refresh,,events=2506,"{""decision_threshold"": 0.6600000000000001, ""no_trade_band"": 0.0}"
2026-03-18T16:14:39.871047+00:00,LIVE,agentic_hybrid,EURUSD,skip_max_open_positions,eventless_1773850479,open_positions=1,"{""decision_threshold"": 0.6600000000000001, ""no_trade_band"": 0.0}"
2026-03-18T16:14:59.912992+00:00,LIVE,agentic_hybrid,EURUSD,skip_max_open_positions,eventless_1773850499,open_positions=1,"{""decision_threshold"": 0.6600000000000001, ""no_trade_band"": 0.0}"
2026-03-18T16:15:19.960415+00:00,LIVE,agentic_hybrid,EURUSD,skip_max_open_positions,eventless_1773850519,open_positions=1,"{""decision_threshold"": 0.6600000000000001, ""no_trade_band"": 0.0}"
2026-03-18T16:15:40.010984+00:00,LIVE,agentic_hybrid,EURUSD,skip_max_open_positions,eventless_1773850539,open_positions=1,"{""decision_threshold"": 0.6600000000000001, ""no_trade_band"": 0.0}"
2026-03-18T16:16:00.057908+00:00,LIVE,agentic_hybrid,EURUSD,skip_max_open_positions,eventless_1773850560,open_positions=1,"{""decision_threshold"": 0.6600000000000001, ""no_trade_band"": 0.0}"
2026-03-18T16:16:40.127183+00:00,LIVE,agentic_hybrid,EURUSD,calendar_refresh,,events=2506,"{""decision_threshold"": 0.6600000000000001, ""no_trade_band"": 0.0}"
2026-03-18T16:16:41.161383+00:00,LIVE,agentic_hybrid,EURUSD,skip_max_open_positions,eventless_1773850601,open_positions=1,"{""decision_threshold"": 0.6600000000000001, ""no_trade_band"": 0.0}"
2026-03-18T16:17:01.218725+00:00,LIVE,agentic_hybrid,EURUSD,skip_max_open_positions,eventless_1773850621,open_positions=1,"{""decision_threshold"": 0.6600000000000001, ""no_trade_band"": 0.0}"
2026-03-18T16:17:21.258431+00:00,LIVE,agentic_hybrid,EURUSD,skip_max_open_positions,eventless_1773850641,open_positions=1,"{""decision_threshold"": 0.6600000000000001, ""no_trade_band"": 0.0}"
2026-03-18T16:17:41.303151+00:00,LIVE,agentic_hybrid,EURUSD,skip_max_open_positions,eventless_1773850661,open_positions=1,"{""decision_threshold"": 0.6600000000000001, ""no_trade_band"": 0.0}"
2026-03-18T16:18:01.349547+00:00,LIVE,agentic_hybrid,EURUSD,eventless_no_decision,,strategy_returned_none,"{""decision_threshold"": 0.6600000000000001, ""no_trade_band"": 0.0}"
2026-03-18T16:18:36.935982+00:00,LIVE,agentic_hybrid,EURUSD,calendar_refresh,,events=2506,"{""decision_threshold"": 0.6600000000000001, ""no_trade_band"": 0.0}"
2026-03-18T16:18:37.961083+00:00,LIVE,agentic_hybrid,EURUSD,eventless_no_decision,,strategy_returned_none,"{""decision_threshold"": 0.6600000000000001, ""no_trade_band"": 0.0}"
2026-03-18T16:18:58.022010+00:00,LIVE,agentic_hybrid,EURUSD,eventless_no_decision,,strategy_returned_none,"{""decision_threshold"": 0.6600000000000001, ""no_trade_band"": 0.0}"
2026-03-18T16:19:18.063840+00:00,LIVE,agentic_hybrid,EURUSD,skip_max_open_positions,eventless_1773850758,open_positions=1,"{""decision_threshold"": 0.6600000000000001, ""no_trade_band"": 0.0}"
2026-03-18T16:19:38.104732+00:00,LIVE,agentic_hybrid,EURUSD,skip_max_open_positions,eventless_1773850778,open_positions=1,"{""decision_threshold"": 0.6600000000000001, ""no_trade_band"": 0.0}"
2026-03-18T16:19:58.145546+00:00,LIVE,agentic_hybrid,EURUSD,skip_max_open_positions,eventless_1773850798,open_positions=1,"{""decision_threshold"": 0.6600000000000001, ""no_trade_band"": 0.0}"
2026-03-18T16:20:36.426774+00:00,LIVE,agentic_hybrid,EURUSD,calendar_refresh,,events=2344,"{""decision_threshold"": 0.6600000000000001, ""no_trade_band"": 0.0}"
2026-03-18T16:20:37.457554+00:00,LIVE,agentic_hybrid,EURUSD,skip_max_open_positions,eventless_1773850837,open_positions=1,"{""decision_threshold"": 0.6600000000000001, ""no_trade_band"": 0.0}"
2026-03-18T16:20:57.503008+00:00,LIVE,agentic_hybrid,EURUSD,skip_max_open_positions,eventless_1773850857,open_positions=1,"{""decision_threshold"": 0.6600000000000001, ""no_trade_band"": 0.0}"
2026-03-18T16:21:17.544807+00:00,LIVE,agentic_hybrid,EURUSD,skip_max_open_positions,eventless_1773850877,open_positions=1,"{""decision_threshold"": 0.6600000000000001, ""no_trade_band"": 0.0}"
2026-03-18T16:21:37.598750+00:00,LIVE,agentic_hybrid,EURUSD,skip_max_open_positions,eventless_1773850897,open_positions=1,"{""decision_threshold"": 0.6600000000000001, ""no_trade_band"": 0.0}"
2026-03-18T16:21:57.644116+00:00,LIVE,agentic_hybrid,EURUSD,skip_max_open_positions,eventless_1773850917,open_positions=1,"{""decision_threshold"": 0.6600000000000001, ""no_trade_band"": 0.0}"
2026-03-18T16:22:40.373033+00:00,LIVE,agentic_hybrid,EURUSD,calendar_refresh,,events=2506,"{""decision_threshold"": 0.6600000000000001, ""no_trade_band"": 0.0}"
2026-03-18T16:22:41.402720+00:00,LIVE,agentic_hybrid,EURUSD,skip_max_open_positions,eventless_1773850961,open_positions=1,"{""decision_threshold"": 0.6600000000000001, ""no_trade_band"": 0.0}"
2026-03-18T16:23:01.445676+00:00,LIVE,agentic_hybrid,EURUSD,skip_max_open_positions,eventless_1773850981,open_positions=1,"{""decision_threshold"": 0.6600000000000001, ""no_trade_band"": 0.0}"
2026-03-18T16:23:21.865544+00:00,LIVE,agentic_hybrid,EURUSD,order_sent_eventless,eventless_1773851001,"side=BUY,confidence=0.8895","{""decision_threshold"": 0.6600000000000001, ""no_trade_band"": 0.0}"
2026-03-18T16:23:51.013818+00:00,LIVE,agentic_hybrid,EURUSD,skip_max_open_positions,eventless_1773851030,open_positions=1,"{""decision_threshold"": 0.6600000000000001, ""no_trade_band"": 0.0}"
2026-03-18T16:24:39.005862+00:00,LIVE,agentic_hybrid,EURUSD,calendar_refresh,,events=2480,"{""decision_threshold"": 0.6600000000000001, ""no_trade_band"": 0.0}"
2026-03-18T16:24:40.036080+00:00,LIVE,agentic_hybrid,EURUSD,skip_max_open_positions,eventless_1773851080,open_positions=1,"{""decision_threshold"": 0.6600000000000001, ""no_trade_band"": 0.0}"
2026-03-18T16:25:00.077108+00:00,LIVE,agentic_hybrid,EURUSD,skip_max_open_positions,eventless_1773851100,open_positions=1,"{""decision_threshold"": 0.6600000000000001, ""no_trade_band"": 0.0}"
2026-03-18T16:25:20.800155+00:00,LIVE,agentic_hybrid,EURUSD,skip_max_open_positions,eventless_1773851120,open_positions=1,"{""decision_threshold"": 0.6600000000000001, ""no_trade_band"": 0.0}"
2026-03-18T16:25:40.860508+00:00,LIVE,agentic_hybrid,EURUSD,skip_max_open_positions,eventless_1773851140,open_positions=1,"{""decision_threshold"": 0.6600000000000001, ""no_trade_band"": 0.0}"
2026-03-18T16:26:00.904046+00:00,LIVE,agentic_hybrid,EURUSD,skip_max_open_positions,eventless_1773851160,open_positions=1,"{""decision_threshold"": 0.6600000000000001, ""no_trade_band"": 0.0}"
2026-03-18T16:26:42.567417+00:00,LIVE,agentic_hybrid,EURUSD,calendar_refresh,,events=2506,"{""decision_threshold"": 0.6600000000000001, ""no_trade_band"": 0.0}"
2026-03-18T16:26:43.617996+00:00,LIVE,agentic_hybrid,EURUSD,skip_max_open_positions,eventless_1773851203,open_positions=1,"{""decision_threshold"": 0.6600000000000001, ""no_trade_band"": 0.0}"
2026-03-18T16:27:03.676056+00:00,LIVE,agentic_hybrid,EURUSD,skip_max_open_positions,eventless_1773851223,open_positions=1,"{""decision_threshold"": 0.6600000000000001, ""no_trade_band"": 0.0}"
2026-03-18T16:27:23.719374+00:00,LIVE,agentic_hybrid,EURUSD,skip_max_open_positions,eventless_1773851243,open_positions=1,"{""decision_threshold"": 0.6600000000000001, ""no_trade_band"": 0.0}"
2026-03-18T16:27:43.786808+00:00,LIVE,agentic_hybrid,EURUSD,skip_max_open_positions,eventless_1773851263,open_positions=1,"{""decision_threshold"": 0.6600000000000001, ""no_trade_band"": 0.0}"
2026-03-18T16:28:03.867937+00:00,LIVE,agentic_hybrid,EURUSD,skip_max_open_positions,eventless_1773851283,open_positions=1,"{""decision_threshold"": 0.6600000000000001, ""no_trade_band"": 0.0}"
2026-03-18T16:28:52.137479+00:00,LIVE,agentic_hybrid,EURUSD,calendar_refresh,,events=2523,"{""decision_threshold"": 0.6600000000000001, ""no_trade_band"": 0.0}"
2026-03-18T16:28:53.166911+00:00,LIVE,agentic_hybrid,EURUSD,eventless_no_decision,,strategy_returned_none,"{""decision_threshold"": 0.6600000000000001, ""no_trade_band"": 0.0}"
2026-03-18T16:29:13.213501+00:00,LIVE,agentic_hybrid,EURUSD,skip_max_open_positions,eventless_1773851353,open_positions=1,"{""decision_threshold"": 0.6600000000000001, ""no_trade_band"": 0.0}"
2026-03-18T16:29:33.257425+00:00,LIVE,agentic_hybrid,EURUSD,skip_max_open_positions,eventless_1773851373,open_positions=1,"{""decision_threshold"": 0.6600000000000001, ""no_trade_band"": 0.0}"
2026-03-18T16:31:19.780016+00:00,LIVE,ema_rsi_trend,EURUSD,calendar_refresh,,events=2506,"{""decision_threshold"": 0.6600000000000001, ""no_trade_band"": 0.0}"
2026-03-18T16:31:20.699993+00:00,LIVE,ema_rsi_trend,EURUSD,order_sent_eventless,eventless_1773851479,"side=BUY,confidence=0.8746","{""decision_threshold"": 0.6600000000000001, ""no_trade_band"": 0.0}"
2026-03-18T16:31:41.388566+00:00,LIVE,ema_rsi_trend,EURUSD,order_sent_eventless,eventless_1773851500,"side=BUY,confidence=0.8464","{""decision_threshold"": 0.6600000000000001, ""no_trade_band"": 0.0}"
2026-03-18T16:32:01.667914+00:00,LIVE,ema_rsi_trend,EURUSD,eventless_no_decision,,strategy_returned_none,"{""decision_threshold"": 0.6600000000000001, ""no_trade_band"": 0.0}"
2026-03-18T16:32:21.704017+00:00,LIVE,ema_rsi_trend,EURUSD,eventless_no_decision,,strategy_returned_none,"{""decision_threshold"": 0.6600000000000001, ""no_trade_band"": 0.0}"
2026-03-18T16:32:41.740975+00:00,LIVE,ema_rsi_trend,EURUSD,eventless_no_decision,,strategy_returned_none,"{""decision_threshold"": 0.6600000000000001, ""no_trade_band"": 0.0}"
2026-03-18T16:33:01.774215+00:00,LIVE,ema_rsi_trend,EURUSD,eventless_no_decision,,strategy_returned_none,"{""decision_threshold"": 0.6600000000000001, ""no_trade_band"": 0.0}"
2026-03-18T16:33:55.171639+00:00,LIVE,ema_rsi_trend,EURUSD,calendar_refresh,,events=2506,"{""decision_threshold"": 0.6600000000000001, ""no_trade_band"": 0.0}"
2026-03-18T16:33:56.193420+00:00,LIVE,ema_rsi_trend,EURUSD,eventless_no_decision,,strategy_returned_none,"{""decision_threshold"": 0.6600000000000001, ""no_trade_band"": 0.0}"
2026-03-18T16:34:16.227572+00:00,LIVE,ema_rsi_trend,EURUSD,eventless_no_decision,,strategy_returned_none,"{""decision_threshold"": 0.6600000000000001, ""no_trade_band"": 0.0}"
2026-03-18T16:34:36.267405+00:00,LIVE,ema_rsi_trend,EURUSD,eventless_no_decision,,strategy_returned_none,"{""decision_threshold"": 0.6600000000000001, ""no_trade_band"": 0.0}"
2026-03-18T16:34:56.306985+00:00,LIVE,ema_rsi_trend,EURUSD,eventless_no_decision,,strategy_returned_none,"{""decision_threshold"": 0.6600000000000001, ""no_trade_band"": 0.0}"
2026-03-18T16:35:16.345242+00:00,LIVE,ema_rsi_trend,EURUSD,eventless_no_decision,,strategy_returned_none,"{""decision_threshold"": 0.6600000000000001, ""no_trade_band"": 0.0}"
2026-03-18T16:35:57.259934+00:00,LIVE,ema_rsi_trend,EURUSD,calendar_refresh,,events=2506,"{""decision_threshold"": 0.6600000000000001, ""no_trade_band"": 0.0}"
2026-03-18T16:35:58.281806+00:00,LIVE,ema_rsi_trend,EURUSD,eventless_no_decision,,strategy_returned_none,"{""decision_threshold"": 0.6600000000000001, ""no_trade_band"": 0.0}"
2026-03-18T16:36:18.675727+00:00,LIVE,ema_rsi_trend,EURUSD,order_sent_eventless,eventless_1773851778,"side=SELL,confidence=0.8870","{""decision_threshold"": 0.6600000000000001, ""no_trade_band"": 0.0}"
2026-03-18T16:36:38.504453+00:00,LIVE,ema_rsi_trend,EURUSD,eventless_no_decision,,strategy_returned_none,"{""decision_threshold"": 0.6600000000000001, ""no_trade_band"": 0.0}"
2026-03-18T16:36:58.971804+00:00,LIVE,ema_rsi_trend,EURUSD,order_sent_eventless,eventless_1773851818,"side=BUY,confidence=0.8836","{""decision_threshold"": 0.6600000000000001, ""no_trade_band"": 0.0}"
2026-03-18T16:37:33.140246+00:00,LIVE,ema_rsi_trend,EURUSD,order_sent_eventless,eventless_1773851838,"side=BUY,confidence=0.9078","{""decision_threshold"": 0.6600000000000001, ""no_trade_band"": 0.0}"
2026-03-18T16:38:10.442616+00:00,LIVE,ema_rsi_trend,EURUSD,calendar_refresh,,events=2506,"{""decision_threshold"": 0.6600000000000001, ""no_trade_band"": 0.0}"
2026-03-18T16:38:12.903174+00:00,LIVE,ema_rsi_trend,EURUSD,order_sent_eventless,eventless_1773851892,"side=BUY,confidence=0.9159","{""decision_threshold"": 0.6600000000000001, ""no_trade_band"": 0.0}"
2026-03-18T16:38:37.723513+00:00,LIVE,ema_rsi_trend,EURUSD,order_sent_eventless,eventless_1773851916,"side=BUY,confidence=0.7873","{""decision_threshold"": 0.6600000000000001, ""no_trade_band"": 0.0}"
2026-03-18T16:38:56.509848+00:00,LIVE,ema_rsi_trend,EURUSD,eventless_no_decision,,strategy_returned_none,"{""decision_threshold"": 0.6600000000000001, ""no_trade_band"": 0.0}"
2026-03-18T16:39:19.172885+00:00,LIVE,ema_rsi_trend,EURUSD,eventless_no_decision,,strategy_returned_none,"{""decision_threshold"": 0.6600000000000001, ""no_trade_band"": 0.0}"
2026-03-18T16:40:09.944118+00:00,LIVE,ema_rsi_trend,EURUSD,calendar_refresh,,events=2523,"{""decision_threshold"": 0.6600000000000001, ""no_trade_band"": 0.0}"
2026-03-18T16:40:56.578659+00:00,LIVE,ema_rsi_trend,EURUSD,order_sent_eventless,eventless_1773852026,"side=SELL,confidence=0.8864","{""decision_threshold"": 0.6600000000000001, ""no_trade_band"": 0.0}"
2026-03-18T16:41:14.579736+00:00,LIVE,ema_rsi_trend,EURUSD,order_sent_eventless,eventless_1773852057,"side=BUY,confidence=0.8332","{""decision_threshold"": 0.6600000000000001, ""no_trade_band"": 0.0}"
2026-03-18T16:41:18.646934+00:00,LIVE,ema_rsi_trend,EURUSD,eventless_no_decision,,strategy_returned_none,"{""decision_threshold"": 0.6600000000000001, ""no_trade_band"": 0.0}"
2026-03-18T16:42:11.482728+00:00,LIVE,ema_rsi_trend,EURUSD,calendar_refresh,,events=2506,"{""decision_threshold"": 0.6600000000000001, ""no_trade_band"": 0.0}"
2026-03-18T16:42:13.415706+00:00,LIVE,ema_rsi_trend,EURUSD,eventless_no_decision,,strategy_returned_none,"{""decision_threshold"": 0.6600000000000001, ""no_trade_band"": 0.0}"
2026-03-18T16:42:16.763198+00:00,LIVE,ema_rsi_trend,EURUSD,order_sent_eventless,eventless_1773852134,"side=BUY,confidence=0.8450","{""decision_threshold"": 0.6600000000000001, ""no_trade_band"": 0.0}"
2026-03-18T16:42:47.194967+00:00,LIVE,ema_rsi_trend,EURUSD,order_sent_eventless,eventless_1773852155,"side=SELL,confidence=0.8411","{""decision_threshold"": 0.6600000000000001, ""no_trade_band"": 0.0}"
2026-03-18T16:42:55.917099+00:00,LIVE,ema_rsi_trend,EURUSD,eventless_no_decision,,strategy_returned_none,"{""decision_threshold"": 0.6600000000000001, ""no_trade_band"": 0.0}"
2026-03-18T16:43:16.251631+00:00,LIVE,ema_rsi_trend,EURUSD,eventless_no_decision,,strategy_returned_none,"{""decision_threshold"": 0.6600000000000001, ""no_trade_band"": 0.0}"
2026-03-18T16:43:37.469084+00:00,LIVE,ema_rsi_trend,EURUSD,order_sent_eventless,eventless_1773852216,"side=SELL,confidence=0.9097","{""decision_threshold"": 0.6600000000000001, ""no_trade_band"": 0.0}"
2026-03-18T16:44:12.813455+00:00,LIVE,ema_rsi_trend,EURUSD,calendar_refresh,,events=2506,"{""decision_threshold"": 0.6600000000000001, ""no_trade_band"": 0.0}"
2026-03-18T16:44:13.845058+00:00,LIVE,ema_rsi_trend,EURUSD,skip_max_open_positions,eventless_1773852253,open_positions=10,"{""decision_threshold"": 0.6600000000000001, ""no_trade_band"": 0.0}"
2026-03-18T16:44:38.588665+00:00,LIVE,ema_rsi_trend,EURUSD,skip_max_open_positions,eventless_1773852278,open_positions=10,"{""decision_threshold"": 0.6600000000000001, ""no_trade_band"": 0.0}"
2026-03-18T16:44:58.630171+00:00,LIVE,ema_rsi_trend,EURUSD,skip_max_open_positions,eventless_1773852298,open_positions=10,"{""decision_threshold"": 0.6600000000000001, ""no_trade_band"": 0.0}"
2026-03-18T16:45:18.666090+00:00,LIVE,ema_rsi_trend,EURUSD,eventless_no_decision,,strategy_returned_none,"{""decision_threshold"": 0.6600000000000001, ""no_trade_band"": 0.0}"
2026-03-18T16:45:38.717584+00:00,LIVE,ema_rsi_trend,EURUSD,eventless_no_decision,,strategy_returned_none,"{""decision_threshold"": 0.6600000000000001, ""no_trade_band"": 0.0}"
2026-03-18T16:46:13.575985+00:00,LIVE,ema_rsi_trend,EURUSD,calendar_refresh,,events=2506,"{""decision_threshold"": 0.6600000000000001, ""no_trade_band"": 0.0}"
2026-03-18T16:46:14.598295+00:00,LIVE,ema_rsi_trend,EURUSD,skip_max_open_positions,eventless_1773852374,open_positions=10,"{""decision_threshold"": 0.6600000000000001, ""no_trade_band"": 0.0}"
2026-03-18T16:46:34.649678+00:00,LIVE,ema_rsi_trend,EURUSD,eventless_no_decision,,strategy_returned_none,"{""decision_threshold"": 0.6600000000000001, ""no_trade_band"": 0.0}"
2026-03-18T16:46:54.685757+00:00,LIVE,ema_rsi_trend,EURUSD,skip_max_open_positions,eventless_1773852414,open_positions=10,"{""decision_threshold"": 0.6600000000000001, ""no_trade_band"": 0.0}"
2026-03-18T16:47:14.724606+00:00,LIVE,ema_rsi_trend,EURUSD,eventless_no_decision,,strategy_returned_none,"{""decision_threshold"": 0.6600000000000001, ""no_trade_band"": 0.0}"
2026-03-18T16:47:42.878372+00:00,LIVE,ema_rsi_trend,EURUSD,eventless_no_decision,,strategy_returned_none,"{""decision_threshold"": 0.6600000000000001, ""no_trade_band"": 0.0}"
2026-03-18T16:48:14.597168+00:00,LIVE,ema_rsi_trend,EURUSD,calendar_refresh,,events=2506,"{""decision_threshold"": 0.6600000000000001, ""no_trade_band"": 0.0}"
2026-03-18T16:48:15.617327+00:00,LIVE,ema_rsi_trend,EURUSD,eventless_no_decision,,strategy_returned_none,"{""decision_threshold"": 0.6600000000000001, ""no_trade_band"": 0.0}"
2026-03-18T16:48:35.655129+00:00,LIVE,ema_rsi_trend,EURUSD,eventless_no_decision,,strategy_returned_none,"{""decision_threshold"": 0.6600000000000001, ""no_trade_band"": 0.0}"
2026-03-18T16:48:55.697612+00:00,LIVE,ema_rsi_trend,EURUSD,skip_max_open_positions,eventless_1773852535,open_positions=10,"{""decision_threshold"": 0.6600000000000001, ""no_trade_band"": 0.0}"
2026-03-18T16:49:16.554864+00:00,LIVE,ema_rsi_trend,EURUSD,eventless_no_decision,,strategy_returned_none,"{""decision_threshold"": 0.6600000000000001, ""no_trade_band"": 0.0}"
2026-03-18T16:49:37.003151+00:00,LIVE,ema_rsi_trend,EURUSD,skip_max_open_positions,eventless_1773852576,open_positions=10,"{""decision_threshold"": 0.6600000000000001, ""no_trade_band"": 0.0}"
2026-03-18T16:50:23.536936+00:00,LIVE,ema_rsi_trend,EURUSD,calendar_refresh,,events=2523,"{""decision_threshold"": 0.6600000000000001, ""no_trade_band"": 0.0}"
2026-03-18T16:50:26.509064+00:00,LIVE,ema_rsi_trend,EURUSD,eventless_no_decision,,strategy_returned_none,"{""decision_threshold"": 0.6600000000000001, ""no_trade_band"": 0.0}"
2026-03-18T16:50:59.732256+00:00,LIVE,ema_rsi_trend,EURUSD,skip_max_open_positions,eventless_1773852646,open_positions=10,"{""decision_threshold"": 0.6600000000000001, ""no_trade_band"": 0.0}"
2026-03-18T16:51:06.773325+00:00,LIVE,ema_rsi_trend,EURUSD,eventless_no_decision,,strategy_returned_none,"{""decision_threshold"": 0.6600000000000001, ""no_trade_band"": 0.0}"
2026-03-18T16:51:26.808953+00:00,LIVE,ema_rsi_trend,EURUSD,eventless_no_decision,,strategy_returned_none,"{""decision_threshold"": 0.6600000000000001, ""no_trade_band"": 0.0}"
2026-03-18T16:51:46.845665+00:00,LIVE,ema_rsi_trend,EURUSD,skip_max_open_positions,eventless_1773852706,open_positions=10,"{""decision_threshold"": 0.6600000000000001, ""no_trade_band"": 0.0}"
2026-03-18T16:52:22.015938+00:00,LIVE,ema_rsi_trend,EURUSD,calendar_refresh,,events=2506,"{""decision_threshold"": 0.6600000000000001, ""no_trade_band"": 0.0}"
2026-03-18T16:52:23.048244+00:00,LIVE,ema_rsi_trend,EURUSD,eventless_no_decision,,strategy_returned_none,"{""decision_threshold"": 0.6600000000000001, ""no_trade_band"": 0.0}"
2026-03-18T16:52:43.083170+00:00,LIVE,ema_rsi_trend,EURUSD,skip_max_open_positions,eventless_1773852763,open_positions=10,"{""decision_threshold"": 0.6600000000000001, ""no_trade_band"": 0.0}"
2026-03-18T16:53:03.127188+00:00,LIVE,ema_rsi_trend,EURUSD,eventless_no_decision,,strategy_returned_none,"{""decision_threshold"": 0.6600000000000001, ""no_trade_band"": 0.0}"
2026-03-18T16:53:23.171781+00:00,LIVE,ema_rsi_trend,EURUSD,eventless_no_decision,,strategy_returned_none,"{""decision_threshold"": 0.6600000000000001, ""no_trade_band"": 0.0}"
2026-03-18T16:53:43.212993+00:00,LIVE,ema_rsi_trend,EURUSD,skip_max_open_positions,eventless_1773852823,open_positions=10,"{""decision_threshold"": 0.6600000000000001, ""no_trade_band"": 0.0}"
2026-03-18T16:54:23.485211+00:00,LIVE,ema_rsi_trend,EURUSD,calendar_refresh,,events=2544,"{""decision_threshold"": 0.6600000000000001, ""no_trade_band"": 0.0}"
2026-03-18T16:54:24.507359+00:00,LIVE,ema_rsi_trend,EURUSD,eventless_no_decision,,strategy_returned_none,"{""decision_threshold"": 0.6600000000000001, ""no_trade_band"": 0.0}"
2026-03-18T16:54:44.550785+00:00,LIVE,ema_rsi_trend,EURUSD,eventless_no_decision,,strategy_returned_none,"{""decision_threshold"": 0.6600000000000001, ""no_trade_band"": 0.0}"
2026-03-18T16:55:04.594662+00:00,LIVE,ema_rsi_trend,EURUSD,eventless_no_decision,,strategy_returned_none,"{""decision_threshold"": 0.6600000000000001, ""no_trade_band"": 0.0}"
2026-03-18T16:55:24.630591+00:00,LIVE,ema_rsi_trend,EURUSD,skip_max_open_positions,eventless_1773852924,open_positions=10,"{""decision_threshold"": 0.6600000000000001, ""no_trade_band"": 0.0}"
2026-03-18T16:55:44.671339+00:00,LIVE,ema_rsi_trend,EURUSD,skip_max_open_positions,eventless_1773852944,open_positions=10,"{""decision_threshold"": 0.6600000000000001, ""no_trade_band"": 0.0}"
2026-03-18T16:56:23.593417+00:00,LIVE,ema_rsi_trend,EURUSD,calendar_refresh,,events=2506,"{""decision_threshold"": 0.6600000000000001, ""no_trade_band"": 0.0}"
2026-03-18T16:56:24.610964+00:00,LIVE,ema_rsi_trend,EURUSD,skip_max_open_positions,eventless_1773852984,open_positions=10,"{""decision_threshold"": 0.6600000000000001, ""no_trade_band"": 0.0}"
2026-03-18T16:56:44.645951+00:00,LIVE,ema_rsi_trend,EURUSD,eventless_no_decision,,strategy_returned_none,"{""decision_threshold"": 0.6600000000000001, ""no_trade_band"": 0.0}"
2026-03-18T16:57:04.689127+00:00,LIVE,ema_rsi_trend,EURUSD,eventless_no_decision,,strategy_returned_none,"{""decision_threshold"": 0.6600000000000001, ""no_trade_band"": 0.0}"
2026-03-18T16:57:24.741494+00:00,LIVE,ema_rsi_trend,EURUSD,eventless_no_decision,,strategy_returned_none,"{""decision_threshold"": 0.6600000000000001, ""no_trade_band"": 0.0}"
2026-03-18T16:57:44.779897+00:00,LIVE,ema_rsi_trend,EURUSD,skip_max_open_positions,eventless_1773853064,open_positions=10,"{""decision_threshold"": 0.6600000000000001, ""no_trade_band"": 0.0}"
2026-03-18T16:58:23.103700+00:00,LIVE,ema_rsi_trend,EURUSD,calendar_refresh,,events=2506,"{""decision_threshold"": 0.6600000000000001, ""no_trade_band"": 0.0}"
2026-03-18T16:58:24.126509+00:00,LIVE,ema_rsi_trend,EURUSD,eventless_no_decision,,strategy_returned_none,"{""decision_threshold"": 0.6600000000000001, ""no_trade_band"": 0.0}"
2026-03-18T16:58:44.162845+00:00,LIVE,ema_rsi_trend,EURUSD,skip_max_open_positions,eventless_1773853124,open_positions=10,"{""decision_threshold"": 0.6600000000000001, ""no_trade_band"": 0.0}"
2026-03-18T16:59:04.208414+00:00,LIVE,ema_rsi_trend,EURUSD,skip_max_open_positions,eventless_1773853144,open_positions=10,"{""decision_threshold"": 0.6600000000000001, ""no_trade_band"": 0.0}"
2026-03-18T16:59:24.246337+00:00,LIVE,ema_rsi_trend,EURUSD,eventless_no_decision,,strategy_returned_none,"{""decision_threshold"": 0.6600000000000001, ""no_trade_band"": 0.0}"
2026-03-18T16:59:44.289758+00:00,LIVE,ema_rsi_trend,EURUSD,skip_max_open_positions,eventless_1773853184,open_positions=10,"{""decision_threshold"": 0.6600000000000001, ""no_trade_band"": 0.0}"
2026-03-18T17:00:22.656756+00:00,LIVE,ema_rsi_trend,EURUSD,calendar_refresh,,events=2327,"{""decision_threshold"": 0.6600000000000001, ""no_trade_band"": 0.0}"
2026-03-18T17:00:23.680524+00:00,LIVE,ema_rsi_trend,EURUSD,skip_max_open_positions,eventless_1773853223,open_positions=10,"{""decision_threshold"": 0.6600000000000001, ""no_trade_band"": 0.0}"
2026-03-18T17:00:43.714826+00:00,LIVE,ema_rsi_trend,EURUSD,skip_max_open_positions,eventless_1773853243,open_positions=10,"{""decision_threshold"": 0.6600000000000001, ""no_trade_band"": 0.0}"
2026-03-18T17:01:03.749803+00:00,LIVE,ema_rsi_trend,EURUSD,eventless_no_decision,,strategy_returned_none,"{""decision_threshold"": 0.6600000000000001, ""no_trade_band"": 0.0}"
2026-03-18T17:01:23.789957+00:00,LIVE,ema_rsi_trend,EURUSD,skip_max_open_positions,eventless_1773853283,open_positions=10,"{""decision_threshold"": 0.6600000000000001, ""no_trade_band"": 0.0}"
2026-03-18T17:01:43.840239+00:00,LIVE,ema_rsi_trend,EURUSD,eventless_no_decision,,strategy_returned_none,"{""decision_threshold"": 0.6600000000000001, ""no_trade_band"": 0.0}"
2026-03-18T17:02:24.723508+00:00,LIVE,ema_rsi_trend,EURUSD,calendar_refresh,,events=2523,"{""decision_threshold"": 0.6600000000000001, ""no_trade_band"": 0.0}"
2026-03-18T17:02:25.757851+00:00,LIVE,ema_rsi_trend,EURUSD,eventless_no_decision,,strategy_returned_none,"{""decision_threshold"": 0.6600000000000001, ""no_trade_band"": 0.0}"
2026-03-18T17:02:45.794601+00:00,LIVE,ema_rsi_trend,EURUSD,eventless_no_decision,,strategy_returned_none,"{""decision_threshold"": 0.6600000000000001, ""no_trade_band"": 0.0}"
2026-03-18T17:03:05.839272+00:00,LIVE,ema_rsi_trend,EURUSD,eventless_no_decision,,strategy_returned_none,"{""decision_threshold"": 0.6600000000000001, ""no_trade_band"": 0.0}"
2026-03-18T17:03:25.880085+00:00,LIVE,ema_rsi_trend,EURUSD,eventless_no_decision,,strategy_returned_none,"{""decision_threshold"": 0.6600000000000001, ""no_trade_band"": 0.0}"
2026-03-18T17:03:45.911563+00:00,LIVE,ema_rsi_trend,EURUSD,eventless_no_decision,,strategy_returned_none,"{""decision_threshold"": 0.6600000000000001, ""no_trade_band"": 0.0}"
2026-03-18T17:04:26.032352+00:00,LIVE,ema_rsi_trend,EURUSD,calendar_refresh,,events=2544,"{""decision_threshold"": 0.6600000000000001, ""no_trade_band"": 0.0}"
2026-03-18T17:04:27.066626+00:00,LIVE,ema_rsi_trend,EURUSD,eventless_no_decision,,strategy_returned_none,"{""decision_threshold"": 0.6600000000000001, ""no_trade_band"": 0.0}"
2026-03-18T17:04:47.103277+00:00,LIVE,ema_rsi_trend,EURUSD,eventless_no_decision,,strategy_returned_none,"{""decision_threshold"": 0.6600000000000001, ""no_trade_band"": 0.0}"
2026-03-18T17:05:07.134604+00:00,LIVE,ema_rsi_trend,EURUSD,eventless_no_decision,,strategy_returned_none,"{""decision_threshold"": 0.6600000000000001, ""no_trade_band"": 0.0}"
2026-03-18T17:05:27.168632+00:00,LIVE,ema_rsi_trend,EURUSD,eventless_no_decision,,strategy_returned_none,"{""decision_threshold"": 0.6600000000000001, ""no_trade_band"": 0.0}"
2026-03-18T17:05:47.205734+00:00,LIVE,ema_rsi_trend,EURUSD,skip_max_open_positions,eventless_1773853547,open_positions=10,"{""decision_threshold"": 0.6600000000000001, ""no_trade_band"": 0.0}"
2026-03-18T17:06:23.285998+00:00,LIVE,ema_rsi_trend,EURUSD,calendar_refresh,,events=2506,"{""decision_threshold"": 0.6600000000000001, ""no_trade_band"": 0.0}"
2026-03-18T17:06:24.305068+00:00,LIVE,ema_rsi_trend,EURUSD,eventless_no_decision,,strategy_returned_none,"{""decision_threshold"": 0.6600000000000001, ""no_trade_band"": 0.0}"
2026-03-18T17:06:44.335775+00:00,LIVE,ema_rsi_trend,EURUSD,eventless_no_decision,,strategy_returned_none,"{""decision_threshold"": 0.6600000000000001, ""no_trade_band"": 0.0}"
2026-03-18T17:07:04.370096+00:00,LIVE,ema_rsi_trend,EURUSD,skip_max_open_positions,eventless_1773853624,open_positions=10,"{""decision_threshold"": 0.6600000000000001, ""no_trade_band"": 0.0}"
2026-03-18T17:07:24.403903+00:00,LIVE,ema_rsi_trend,EURUSD,skip_max_open_positions,eventless_1773853644,open_positions=10,"{""decision_threshold"": 0.6600000000000001, ""no_trade_band"": 0.0}"
2026-03-18T17:07:44.453166+00:00,LIVE,ema_rsi_trend,EURUSD,skip_max_open_positions,eventless_1773853664,open_positions=10,"{""decision_threshold"": 0.6600000000000001, ""no_trade_band"": 0.0}"
2026-03-18T17:08:24.732481+00:00,LIVE,ema_rsi_trend,EURUSD,calendar_refresh,,events=2506,"{""decision_threshold"": 0.6600000000000001, ""no_trade_band"": 0.0}"
2026-03-18T17:08:25.769468+00:00,LIVE,ema_rsi_trend,EURUSD,eventless_no_decision,,strategy_returned_none,"{""decision_threshold"": 0.6600000000000001, ""no_trade_band"": 0.0}"
2026-03-18T17:08:45.806463+00:00,LIVE,ema_rsi_trend,EURUSD,eventless_no_decision,,strategy_returned_none,"{""decision_threshold"": 0.6600000000000001, ""no_trade_band"": 0.0}"
2026-03-18T17:09:05.935051+00:00,LIVE,ema_rsi_trend,EURUSD,eventless_no_decision,,strategy_returned_none,"{""decision_threshold"": 0.6600000000000001, ""no_trade_band"": 0.0}"
2026-03-18T17:09:26.321343+00:00,LIVE,ema_rsi_trend,EURUSD,order_sent_eventless,eventless_1773853765,"side=SELL,confidence=0.8860","{""decision_threshold"": 0.6600000000000001, ""no_trade_band"": 0.0}"
2026-03-18T17:09:47.482934+00:00,LIVE,ema_rsi_trend,EURUSD,order_sent_eventless,eventless_1773853786,"side=SELL,confidence=0.9208","{""decision_threshold"": 0.6600000000000001, ""no_trade_band"": 0.0}"
2026-03-18T17:10:24.823408+00:00,LIVE,ema_rsi_trend,EURUSD,calendar_refresh,,events=2327,"{""decision_threshold"": 0.6600000000000001, ""no_trade_band"": 0.0}"
2026-03-18T17:10:26.221493+00:00,LIVE,ema_rsi_trend,EURUSD,order_sent_eventless,eventless_1773853825,"side=SELL,confidence=0.8899","{""decision_threshold"": 0.6600000000000001, ""no_trade_band"": 0.0}"
2026-03-18T17:10:47.380061+00:00,LIVE,ema_rsi_trend,EURUSD,eventless_no_decision,,strategy_returned_none,"{""decision_threshold"": 0.6600000000000001, ""no_trade_band"": 0.0}"
2026-03-18T17:11:12.993079+00:00,LIVE,ema_rsi_trend,EURUSD,eventless_no_decision,,strategy_returned_none,"{""decision_threshold"": 0.6600000000000001, ""no_trade_band"": 0.0}"
2026-03-18T17:11:33.029152+00:00,LIVE,ema_rsi_trend,EURUSD,eventless_no_decision,,strategy_returned_none,"{""decision_threshold"": 0.6600000000000001, ""no_trade_band"": 0.0}"
2026-03-18T17:12:27.309788+00:00,LIVE,ema_rsi_trend,EURUSD,calendar_refresh,,events=2506,"{""decision_threshold"": 0.6600000000000001, ""no_trade_band"": 0.0}"
2026-03-18T17:12:27.336690+00:00,LIVE,ema_rsi_trend,EURUSD,eventless_no_decision,,strategy_returned_none,"{""decision_threshold"": 0.6600000000000001, ""no_trade_band"": 0.0}"
2026-03-18T17:12:28.353322+00:00,LIVE,ema_rsi_trend,EURUSD,eventless_no_decision,,strategy_returned_none,"{""decision_threshold"": 0.6600000000000001, ""no_trade_band"": 0.0}"
2026-03-18T17:12:48.406727+00:00,LIVE,ema_rsi_trend,EURUSD,eventless_no_decision,,strategy_returned_none,"{""decision_threshold"": 0.6600000000000001, ""no_trade_band"": 0.0}"
2026-03-18T17:13:08.459384+00:00,LIVE,ema_rsi_trend,EURUSD,eventless_no_decision,,strategy_returned_none,"{""decision_threshold"": 0.6600000000000001, ""no_trade_band"": 0.0}"
2026-03-18T17:13:36.147311+00:00,LIVE,ema_rsi_trend,EURUSD,order_sent_eventless,eventless_1773854008,"side=SELL,confidence=0.9001","{""decision_threshold"": 0.6600000000000001, ""no_trade_band"": 0.0}"
2026-03-18T17:13:49.797264+00:00,LIVE,ema_rsi_trend,EURUSD,eventless_no_decision,,strategy_returned_none,"{""decision_threshold"": 0.6600000000000001, ""no_trade_band"": 0.0}"
2026-03-18T17:31:34.019896+00:00,LIVE,ema_rsi_trend,EURUSD,calendar_refresh_error,,"HTTPSConnectionPool(host='tradingeconomics.com', port=443): Read timed out.","{""decision_threshold"": 0.6600000000000001, ""no_trade_band"": 0.0}"
2026-03-18T17:32:06.540559+00:00,LIVE,ema_rsi_trend,EURUSD,calendar_refresh,,events=2523,"{""decision_threshold"": 0.6600000000000001, ""no_trade_band"": 0.0}"
2026-03-18T17:32:06.947443+00:00,LIVE,ema_rsi_trend,EURUSD,eventless_no_decision,,strategy_returned_none,"{""decision_threshold"": 0.6600000000000001, ""no_trade_band"": 0.0}"
2026-03-18T17:32:07.965521+00:00,LIVE,ema_rsi_trend,EURUSD,eventless_no_decision,,strategy_returned_none,"{""decision_threshold"": 0.6600000000000001, ""no_trade_band"": 0.0}"
2026-03-18T17:32:28.007655+00:00,LIVE,ema_rsi_trend,EURUSD,eventless_no_decision,,strategy_returned_none,"{""decision_threshold"": 0.6600000000000001, ""no_trade_band"": 0.0}"
2026-03-18T17:32:48.047439+00:00,LIVE,ema_rsi_trend,EURUSD,eventless_no_decision,,strategy_returned_none,"{""decision_threshold"": 0.6600000000000001, ""no_trade_band"": 0.0}"
2026-03-18T17:33:08.092799+00:00,LIVE,ema_rsi_trend,EURUSD,eventless_no_decision,,strategy_returned_none,"{""decision_threshold"": 0.6600000000000001, ""no_trade_band"": 0.0}"
2026-03-18T17:33:31.063048+00:00,LIVE,ema_rsi_trend,EURUSD,order_sent_eventless,eventless_1773855208,"side=BUY,confidence=0.9307","{""decision_threshold"": 0.6600000000000001, ""no_trade_band"": 0.0}"
2026-03-18T17:34:07.295565+00:00,LIVE,ema_rsi_trend,EURUSD,calendar_refresh,,events=2506,"{""decision_threshold"": 0.6600000000000001, ""no_trade_band"": 0.0}"
2026-03-18T17:34:22.632843+00:00,LIVE,ema_rsi_trend,EURUSD,order_sent_eventless,eventless_1773855261,"side=BUY,confidence=0.8835","{""decision_threshold"": 0.6600000000000001, ""no_trade_band"": 0.0}"
2026-03-18T17:34:42.362649+00:00,LIVE,ema_rsi_trend,EURUSD,eventless_no_decision,,strategy_returned_none,"{""decision_threshold"": 0.6600000000000001, ""no_trade_band"": 0.0}"
2026-03-18T17:35:16.125017+00:00,LIVE,ema_rsi_trend,EURUSD,eventless_no_decision,,strategy_returned_none,"{""decision_threshold"": 0.6600000000000001, ""no_trade_band"": 0.0}"
2026-03-18T17:36:09.824784+00:00,LIVE,ema_rsi_trend,EURUSD,calendar_refresh,,events=2506,"{""decision_threshold"": 0.6600000000000001, ""no_trade_band"": 0.0}"
2026-03-18T17:36:09.845103+00:00,LIVE,ema_rsi_trend,EURUSD,skip_max_open_positions,eventless_1773855339,open_positions=10,"{""decision_threshold"": 0.6600000000000001, ""no_trade_band"": 0.0}"
2026-03-18T17:36:10.869006+00:00,LIVE,ema_rsi_trend,EURUSD,skip_max_open_positions,eventless_1773855370,open_positions=10,"{""decision_threshold"": 0.6600000000000001, ""no_trade_band"": 0.0}"
2026-03-18T17:36:30.910033+00:00,LIVE,ema_rsi_trend,EURUSD,skip_max_open_positions,eventless_1773855390,open_positions=10,"{""decision_threshold"": 0.6600000000000001, ""no_trade_band"": 0.0}"
2026-03-18T17:36:50.946160+00:00,LIVE,ema_rsi_trend,EURUSD,eventless_no_decision,,strategy_returned_none,"{""decision_threshold"": 0.6600000000000001, ""no_trade_band"": 0.0}"
2026-03-18T17:37:15.893488+00:00,LIVE,ema_rsi_trend,EURUSD,eventless_no_decision,,strategy_returned_none,"{""decision_threshold"": 0.6600000000000001, ""no_trade_band"": 0.0}"
2026-03-18T17:37:35.932728+00:00,LIVE,ema_rsi_trend,EURUSD,eventless_no_decision,,strategy_returned_none,"{""decision_threshold"": 0.6600000000000001, ""no_trade_band"": 0.0}"
2026-03-18T17:38:10.039865+00:00,LIVE,ema_rsi_trend,EURUSD,calendar_refresh,,events=2506,"{""decision_threshold"": 0.6600000000000001, ""no_trade_band"": 0.0}"
2026-03-18T17:38:11.061464+00:00,LIVE,ema_rsi_trend,EURUSD,eventless_no_decision,,strategy_returned_none,"{""decision_threshold"": 0.6600000000000001, ""no_trade_band"": 0.0}"
2026-03-18T17:38:31.097908+00:00,LIVE,ema_rsi_trend,EURUSD,skip_max_open_positions,eventless_1773855511,open_positions=10,"{""decision_threshold"": 0.6600000000000001, ""no_trade_band"": 0.0}"
2026-03-18T17:38:53.206425+00:00,LIVE,ema_rsi_trend,EURUSD,skip_max_open_positions,eventless_1773855533,open_positions=10,"{""decision_threshold"": 0.6600000000000001, ""no_trade_band"": 0.0}"
2026-03-18T17:39:27.172378+00:00,LIVE,ema_rsi_trend,EURUSD,eventless_no_decision,,strategy_returned_none,"{""decision_threshold"": 0.6600000000000001, ""no_trade_band"": 0.0}"
2026-03-18T17:39:34.191479+00:00,LIVE,ema_rsi_trend,EURUSD,eventless_no_decision,,strategy_returned_none,"{""decision_threshold"": 0.6600000000000001, ""no_trade_band"": 0.0}"
2026-03-18T17:40:25.950060+00:00,LIVE,ema_rsi_trend,EURUSD,calendar_refresh,,events=2344,"{""decision_threshold"": 0.6600000000000001, ""no_trade_band"": 0.0}"
2026-03-18T17:40:25.969552+00:00,LIVE,ema_rsi_trend,EURUSD,eventless_no_decision,,strategy_returned_none,"{""decision_threshold"": 0.6600000000000001, ""no_trade_band"": 0.0}"
2026-03-18T17:40:26.984540+00:00,LIVE,ema_rsi_trend,EURUSD,eventless_no_decision,,strategy_returned_none,"{""decision_threshold"": 0.6600000000000001, ""no_trade_band"": 0.0}"
2026-03-18T17:40:47.035687+00:00,LIVE,ema_rsi_trend,EURUSD,eventless_no_decision,,strategy_returned_none,"{""decision_threshold"": 0.6600000000000001, ""no_trade_band"": 0.0}"
2026-03-18T17:41:07.075190+00:00,LIVE,ema_rsi_trend,EURUSD,eventless_no_decision,,strategy_returned_none,"{""decision_threshold"": 0.6600000000000001, ""no_trade_band"": 0.0}"
2026-03-18T17:41:29.407908+00:00,LIVE,ema_rsi_trend,EURUSD,order_sent_eventless,eventless_1773855687,"side=BUY,confidence=0.8398","{""decision_threshold"": 0.6600000000000001, ""no_trade_band"": 0.0}"
2026-03-18T17:41:47.479253+00:00,LIVE,ema_rsi_trend,EURUSD,eventless_no_decision,,strategy_returned_none,"{""decision_threshold"": 0.6600000000000001, ""no_trade_band"": 0.0}"
2026-03-18T17:42:28.019131+00:00,LIVE,ema_rsi_trend,EURUSD,calendar_refresh,,events=2506,"{""decision_threshold"": 0.6600000000000001, ""no_trade_band"": 0.0}"
2026-03-18T17:42:29.052192+00:00,LIVE,ema_rsi_trend,EURUSD,eventless_no_decision,,strategy_returned_none,"{""decision_threshold"": 0.6600000000000001, ""no_trade_band"": 0.0}"
2026-03-18T17:42:49.092015+00:00,LIVE,ema_rsi_trend,EURUSD,eventless_no_decision,,strategy_returned_none,"{""decision_threshold"": 0.6600000000000001, ""no_trade_band"": 0.0}"
2026-03-18T17:43:09.130093+00:00,LIVE,ema_rsi_trend,EURUSD,eventless_no_decision,,strategy_returned_none,"{""decision_threshold"": 0.6600000000000001, ""no_trade_band"": 0.0}"
2026-03-18T17:43:29.166257+00:00,LIVE,ema_rsi_trend,EURUSD,eventless_no_decision,,strategy_returned_none,"{""decision_threshold"": 0.6600000000000001, ""no_trade_band"": 0.0}"
2026-03-18T17:43:49.202859+00:00,LIVE,ema_rsi_trend,EURUSD,eventless_no_decision,,strategy_returned_none,"{""decision_threshold"": 0.6600000000000001, ""no_trade_band"": 0.0}"
2026-03-18T17:44:30.919379+00:00,LIVE,ema_rsi_trend,EURUSD,calendar_refresh,,events=2506,"{""decision_threshold"": 0.6600000000000001, ""no_trade_band"": 0.0}"
2026-03-18T17:44:32.292308+00:00,LIVE,ema_rsi_trend,EURUSD,eventless_no_decision,,strategy_returned_none,"{""decision_threshold"": 0.6600000000000001, ""no_trade_band"": 0.0}"
2026-03-18T17:44:52.327520+00:00,LIVE,ema_rsi_trend,EURUSD,eventless_no_decision,,strategy_returned_none,"{""decision_threshold"": 0.6600000000000001, ""no_trade_band"": 0.0}"
2026-03-18T17:45:13.047779+00:00,LIVE,ema_rsi_trend,EURUSD,order_sent_eventless,eventless_1773855912,"side=BUY,confidence=0.8977","{""decision_threshold"": 0.6600000000000001, ""no_trade_band"": 0.0}"
2026-03-18T17:45:33.665932+00:00,LIVE,ema_rsi_trend,EURUSD,order_sent_eventless,eventless_1773855933,"side=BUY,confidence=0.8818","{""decision_threshold"": 0.6600000000000001, ""no_trade_band"": 0.0}"
2026-03-18T17:45:54.072903+00:00,LIVE,ema_rsi_trend,EURUSD,eventless_no_decision,,strategy_returned_none,"{""decision_threshold"": 0.6600000000000001, ""no_trade_band"": 0.0}"
2026-03-18T17:46:34.840947+00:00,LIVE,ema_rsi_trend,EURUSD,calendar_refresh,,events=2506,"{""decision_threshold"": 0.6600000000000001, ""no_trade_band"": 0.0}"
2026-03-18T17:46:37.947087+00:00,LIVE,ema_rsi_trend,EURUSD,order_sent_eventless,eventless_1773855997,"side=SELL,confidence=0.8459","{""decision_threshold"": 0.6600000000000001, ""no_trade_band"": 0.0}"
2026-03-18T17:47:02.846807+00:00,LIVE,ema_rsi_trend,EURUSD,eventless_no_decision,,strategy_returned_none,"{""decision_threshold"": 0.6600000000000001, ""no_trade_band"": 0.0}"
2026-03-18T17:47:21.880782+00:00,LIVE,ema_rsi_trend,EURUSD,eventless_no_decision,,strategy_returned_none,"{""decision_threshold"": 0.6600000000000001, ""no_trade_band"": 0.0}"
2026-03-18T17:47:45.301574+00:00,LIVE,ema_rsi_trend,EURUSD,eventless_no_decision,,strategy_returned_none,"{""decision_threshold"": 0.6600000000000001, ""no_trade_band"": 0.0}"
2026-03-18T17:48:34.889958+00:00,LIVE,ema_rsi_trend,EURUSD,calendar_refresh,,events=2506,"{""decision_threshold"": 0.6600000000000001, ""no_trade_band"": 0.0}"
2026-03-18T17:48:35.905930+00:00,LIVE,ema_rsi_trend,EURUSD,eventless_no_decision,,strategy_returned_none,"{""decision_threshold"": 0.6600000000000001, ""no_trade_band"": 0.0}"
2026-03-18T17:48:55.940041+00:00,LIVE,ema_rsi_trend,EURUSD,eventless_no_decision,,strategy_returned_none,"{""decision_threshold"": 0.6600000000000001, ""no_trade_band"": 0.0}"
2026-03-18T17:49:15.978087+00:00,LIVE,ema_rsi_trend,EURUSD,eventless_no_decision,,strategy_returned_none,"{""decision_threshold"": 0.6600000000000001, ""no_trade_band"": 0.0}"
2026-03-18T17:49:36.506109+00:00,LIVE,ema_rsi_trend,EURUSD,eventless_no_decision,,strategy_returned_none,"{""decision_threshold"": 0.6600000000000001, ""no_trade_band"": 0.0}"
2026-03-18T17:49:57.297755+00:00,LIVE,ema_rsi_trend,EURUSD,eventless_no_decision,,strategy_returned_none,"{""decision_threshold"": 0.6600000000000001, ""no_trade_band"": 0.0}"
2026-03-18T17:51:21.379770+00:00,LIVE,ema_rsi_trend,EURUSD,calendar_refresh,,events=2506,"{""decision_threshold"": 0.6600000000000001, ""no_trade_band"": 0.0}"
2026-03-18T17:51:21.404845+00:00,LIVE,ema_rsi_trend,EURUSD,eventless_no_decision,,strategy_returned_none,"{""decision_threshold"": 0.6600000000000001, ""no_trade_band"": 0.0}"
2026-03-18T17:51:22.419958+00:00,LIVE,ema_rsi_trend,EURUSD,eventless_no_decision,,strategy_returned_none,"{""decision_threshold"": 0.6600000000000001, ""no_trade_band"": 0.0}"
2026-03-18T17:51:57.452395+00:00,LIVE,ema_rsi_trend,EURUSD,order_sent_eventless,eventless_1773856302,"side=SELL,confidence=0.8280","{""decision_threshold"": 0.6600000000000001, ""no_trade_band"": 0.0}"
2026-03-18T17:52:03.300935+00:00,LIVE,ema_rsi_trend,EURUSD,eventless_no_decision,,strategy_returned_none,"{""decision_threshold"": 0.6600000000000001, ""no_trade_band"": 0.0}"
2026-03-18T17:52:23.787346+00:00,LIVE,ema_rsi_trend,EURUSD,eventless_no_decision,,strategy_returned_none,"{""decision_threshold"": 0.6600000000000001, ""no_trade_band"": 0.0}"
2026-03-18T17:52:43.996321+00:00,LIVE,ema_rsi_trend,EURUSD,eventless_no_decision,,strategy_returned_none,"{""decision_threshold"": 0.6600000000000001, ""no_trade_band"": 0.0}"
2026-03-18T17:53:20.348559+00:00,LIVE,ema_rsi_trend,EURUSD,calendar_refresh,,events=2506,"{""decision_threshold"": 0.6600000000000001, ""no_trade_band"": 0.0}"
2026-03-18T17:53:21.380542+00:00,LIVE,ema_rsi_trend,EURUSD,eventless_no_decision,,strategy_returned_none,"{""decision_threshold"": 0.6600000000000001, ""no_trade_band"": 0.0}"
2026-03-18T17:53:41.418519+00:00,LIVE,ema_rsi_trend,EURUSD,eventless_no_decision,,strategy_returned_none,"{""decision_threshold"": 0.6600000000000001, ""no_trade_band"": 0.0}"
2026-03-18T17:54:01.454579+00:00,LIVE,ema_rsi_trend,EURUSD,eventless_no_decision,,strategy_returned_none,"{""decision_threshold"": 0.6600000000000001, ""no_trade_band"": 0.0}"
2026-03-18T17:54:21.492136+00:00,LIVE,ema_rsi_trend,EURUSD,eventless_no_decision,,strategy_returned_none,"{""decision_threshold"": 0.6600000000000001, ""no_trade_band"": 0.0}"
2026-03-18T17:54:42.590661+00:00,LIVE,ema_rsi_trend,EURUSD,order_sent_eventless,eventless_1773856481,"side=BUY,confidence=0.8685","{""decision_threshold"": 0.6600000000000001, ""no_trade_band"": 0.0}"
2026-03-18T17:55:25.839647+00:00,LIVE,ema_rsi_trend,EURUSD,calendar_refresh,,events=2506,"{""decision_threshold"": 0.6600000000000001, ""no_trade_band"": 0.0}"
2026-03-18T17:56:01.834093+00:00,LIVE,ema_rsi_trend,EURUSD,eventless_no_decision,,strategy_returned_none,"{""decision_threshold"": 0.6600000000000001, ""no_trade_band"": 0.0}"
2026-03-18T17:56:03.213186+00:00,LIVE,ema_rsi_trend,EURUSD,eventless_no_decision,,strategy_returned_none,"{""decision_threshold"": 0.6600000000000001, ""no_trade_band"": 0.0}"
2026-03-18T17:56:36.116668+00:00,LIVE,ema_rsi_trend,EURUSD,eventless_no_decision,,strategy_returned_none,"{""decision_threshold"": 0.6600000000000001, ""no_trade_band"": 0.0}"
2026-03-18T17:56:44.142788+00:00,LIVE,ema_rsi_trend,EURUSD,eventless_no_decision,,strategy_returned_none,"{""decision_threshold"": 0.6600000000000001, ""no_trade_band"": 0.0}"
2026-03-18T17:57:26.554899+00:00,LIVE,ema_rsi_trend,EURUSD,calendar_refresh,,events=2506,"{""decision_threshold"": 0.6600000000000001, ""no_trade_band"": 0.0}"
2026-03-18T17:57:27.590014+00:00,LIVE,ema_rsi_trend,EURUSD,eventless_no_decision,,strategy_returned_none,"{""decision_threshold"": 0.6600000000000001, ""no_trade_band"": 0.0}"
2026-03-18T17:57:48.429617+00:00,LIVE,ema_rsi_trend,EURUSD,eventless_no_decision,,strategy_returned_none,"{""decision_threshold"": 0.6600000000000001, ""no_trade_band"": 0.0}"
2026-03-18T17:58:08.463382+00:00,LIVE,ema_rsi_trend,EURUSD,eventless_no_decision,,strategy_returned_none,"{""decision_threshold"": 0.6600000000000001, ""no_trade_band"": 0.0}"
2026-03-18T17:58:28.568083+00:00,LIVE,ema_rsi_trend,EURUSD,eventless_no_decision,,strategy_returned_none,"{""decision_threshold"": 0.6600000000000001, ""no_trade_band"": 0.0}"
2026-03-18T17:59:28.294302+00:00,LIVE,ema_rsi_trend,EURUSD,calendar_refresh,,events=2523,"{""decision_threshold"": 0.6600000000000001, ""no_trade_band"": 0.0}"
2026-03-18T17:59:31.616917+00:00,LIVE,ema_rsi_trend,EURUSD,order_sent_eventless,eventless_1773856737,"side=BUY,confidence=0.8964","{""decision_threshold"": 0.6600000000000001, ""no_trade_band"": 0.0}"
2026-03-18T17:59:33.320875+00:00,LIVE,ema_rsi_trend,EURUSD,order_sent_eventless,eventless_1773856772,"side=BUY,confidence=0.8862","{""decision_threshold"": 0.6600000000000001, ""no_trade_band"": 0.0}"
2026-03-18T17:59:53.321480+00:00,LIVE,ema_rsi_trend,EURUSD,eventless_no_decision,,strategy_returned_none,"{""decision_threshold"": 0.6600000000000001, ""no_trade_band"": 0.0}"
2026-03-18T18:00:35.870370+00:00,LIVE,ema_rsi_trend,EURUSD,eventless_no_decision,,strategy_returned_none,"{""decision_threshold"": 0.6600000000000001, ""no_trade_band"": 0.0}"
2026-03-18T18:01:38.522862+00:00,LIVE,ema_rsi_trend,EURUSD,calendar_refresh,,events=2506,"{""decision_threshold"": 0.6600000000000001, ""no_trade_band"": 0.0}"
2026-03-18T18:01:38.547406+00:00,LIVE,ema_rsi_trend,EURUSD,eventless_no_decision,,strategy_returned_none,"{""decision_threshold"": 0.6600000000000001, ""no_trade_band"": 0.0}"
2026-03-18T18:01:39.562784+00:00,LIVE,ema_rsi_trend,EURUSD,eventless_no_decision,,strategy_returned_none,"{""decision_threshold"": 0.6600000000000001, ""no_trade_band"": 0.0}"
2026-03-18T18:01:59.595236+00:00,LIVE,ema_rsi_trend,EURUSD,eventless_no_decision,,strategy_returned_none,"{""decision_threshold"": 0.6600000000000001, ""no_trade_band"": 0.0}"
2026-03-18T18:02:19.635111+00:00,LIVE,ema_rsi_trend,EURUSD,eventless_no_decision,,strategy_returned_none,"{""decision_threshold"": 0.6600000000000001, ""no_trade_band"": 0.0}"
2026-03-18T18:02:39.671491+00:00,LIVE,ema_rsi_trend,EURUSD,eventless_no_decision,,strategy_returned_none,"{""decision_threshold"": 0.6600000000000001, ""no_trade_band"": 0.0}"
2026-03-18T18:03:00.056536+00:00,LIVE,ema_rsi_trend,EURUSD,order_sent_eventless,eventless_1773856979,"side=BUY,confidence=0.8737","{""decision_threshold"": 0.6600000000000001, ""no_trade_band"": 0.0}"
2026-03-18T18:03:39.230577+00:00,LIVE,ema_rsi_trend,EURUSD,calendar_refresh,,events=2506,"{""decision_threshold"": 0.6600000000000001, ""no_trade_band"": 0.0}"
2026-03-18T18:03:40.589606+00:00,LIVE,ema_rsi_trend,EURUSD,order_sent_eventless,eventless_1773857020,"side=BUY,confidence=0.8147","{""decision_threshold"": 0.6600000000000001, ""no_trade_band"": 0.0}"
2026-03-18T18:04:01.021566+00:00,LIVE,ema_rsi_trend,EURUSD,order_sent_eventless,eventless_1773857040,"side=BUY,confidence=0.8878","{""decision_threshold"": 0.6600000000000001, ""no_trade_band"": 0.0}"
2026-03-18T18:04:21.342959+00:00,LIVE,ema_rsi_trend,EURUSD,order_sent_eventless,eventless_1773857060,"side=BUY,confidence=0.8413","{""decision_threshold"": 0.6600000000000001, ""no_trade_band"": 0.0}"
2026-03-18T18:04:43.663865+00:00,LIVE,ema_rsi_trend,EURUSD,eventless_no_decision,,strategy_returned_none,"{""decision_threshold"": 0.6600000000000001, ""no_trade_band"": 0.0}"
2026-03-18T18:05:02.822786+00:00,LIVE,ema_rsi_trend,EURUSD,order_sent_eventless,eventless_1773857102,"side=SELL,confidence=0.8725","{""decision_threshold"": 0.6600000000000001, ""no_trade_band"": 0.0}"
2026-03-18T18:05:40.199630+00:00,LIVE,ema_rsi_trend,EURUSD,calendar_refresh,,events=2506,"{""decision_threshold"": 0.6600000000000001, ""no_trade_band"": 0.0}"
2026-03-18T18:05:41.993517+00:00,LIVE,ema_rsi_trend,EURUSD,eventless_no_decision,,strategy_returned_none,"{""decision_threshold"": 0.6600000000000001, ""no_trade_band"": 0.0}"
2026-03-18T18:06:01.941290+00:00,LIVE,ema_rsi_trend,EURUSD,eventless_no_decision,,strategy_returned_none,"{""decision_threshold"": 0.6600000000000001, ""no_trade_band"": 0.0}"
2026-03-18T18:06:21.987372+00:00,LIVE,ema_rsi_trend,EURUSD,eventless_no_decision,,strategy_returned_none,"{""decision_threshold"": 0.6600000000000001, ""no_trade_band"": 0.0}"
2026-03-18T18:06:54.424162+00:00,LIVE,ema_rsi_trend,EURUSD,order_sent_eventless,eventless_1773857202,"side=BUY,confidence=0.8692","{""decision_threshold"": 0.6600000000000001, ""no_trade_band"": 0.0}"
2026-03-18T18:07:03.118364+00:00,LIVE,ema_rsi_trend,EURUSD,order_sent_eventless,eventless_1773857222,"side=BUY,confidence=0.9195","{""decision_threshold"": 0.6600000000000001, ""no_trade_band"": 0.0}"
2026-03-18T18:15:54.933350+00:00,LIVE,ema_rsi_trend,EURUSD,calendar_refresh,,events=2544,"{""decision_threshold"": 0.6600000000000001, ""no_trade_band"": 0.0}"
2026-03-18T18:16:22.401999+00:00,LIVE,ema_rsi_trend,EURUSD,calendar_refresh,,events=2506,"{""decision_threshold"": 0.6600000000000001, ""no_trade_band"": 0.0}"
2026-03-18T18:16:22.618313+00:00,LIVE,ema_rsi_trend,EURUSD,eventless_no_decision,,strategy_returned_none,"{""decision_threshold"": 0.6600000000000001, ""no_trade_band"": 0.0}"
2026-03-18T18:16:23.626814+00:00,LIVE,ema_rsi_trend,EURUSD,eventless_no_decision,,strategy_returned_none,"{""decision_threshold"": 0.6600000000000001, ""no_trade_band"": 0.0}"
2026-03-18T18:16:43.667830+00:00,LIVE,ema_rsi_trend,EURUSD,eventless_no_decision,,strategy_returned_none,"{""decision_threshold"": 0.6600000000000001, ""no_trade_band"": 0.0}"
2026-03-18T18:17:03.694793+00:00,LIVE,ema_rsi_trend,EURUSD,eventless_no_decision,,strategy_returned_none,"{""decision_threshold"": 0.6600000000000001, ""no_trade_band"": 0.0}"
2026-03-18T18:17:23.720422+00:00,LIVE,ema_rsi_trend,EURUSD,eventless_no_decision,,strategy_returned_none,"{""decision_threshold"": 0.6600000000000001, ""no_trade_band"": 0.0}"
2026-03-18T18:17:43.751857+00:00,LIVE,ema_rsi_trend,EURUSD,eventless_no_decision,,strategy_returned_none,"{""decision_threshold"": 0.6600000000000001, ""no_trade_band"": 0.0}"
2026-03-18T18:18:21.229290+00:00,LIVE,ema_rsi_trend,EURUSD,calendar_refresh,,events=2506,"{""decision_threshold"": 0.6600000000000001, ""no_trade_band"": 0.0}"
2026-03-18T18:18:22.246941+00:00,LIVE,ema_rsi_trend,EURUSD,eventless_no_decision,,strategy_returned_none,"{""decision_threshold"": 0.6600000000000001, ""no_trade_band"": 0.0}"
2026-03-18T18:18:42.284387+00:00,LIVE,ema_rsi_trend,EURUSD,eventless_no_decision,,strategy_returned_none,"{""decision_threshold"": 0.6600000000000001, ""no_trade_band"": 0.0}"
2026-03-18T18:19:02.327722+00:00,LIVE,ema_rsi_trend,EURUSD,eventless_no_decision,,strategy_returned_none,"{""decision_threshold"": 0.6600000000000001, ""no_trade_band"": 0.0}"
2026-03-18T18:19:22.367744+00:00,LIVE,ema_rsi_trend,EURUSD,eventless_no_decision,,strategy_returned_none,"{""decision_threshold"": 0.6600000000000001, ""no_trade_band"": 0.0}"
2026-03-18T18:19:42.392189+00:00,LIVE,ema_rsi_trend,EURUSD,eventless_no_decision,,strategy_returned_none,"{""decision_threshold"": 0.6600000000000001, ""no_trade_band"": 0.0}"
2026-03-18T18:20:21.123854+00:00,LIVE,ema_rsi_trend,EURUSD,calendar_refresh,,events=2506,"{""decision_threshold"": 0.6600000000000001, ""no_trade_band"": 0.0}"
2026-03-18T18:20:21.132298+00:00,LIVE,ema_rsi_trend,EURUSD,eventless_no_decision,,strategy_returned_none,"{""decision_threshold"": 0.6600000000000001, ""no_trade_band"": 0.0}"
2026-03-18T18:20:23.141390+00:00,LIVE,ema_rsi_trend,EURUSD,eventless_no_decision,,strategy_returned_none,"{""decision_threshold"": 0.6600000000000001, ""no_trade_band"": 0.0}"
2026-03-18T18:20:43.169666+00:00,LIVE,ema_rsi_trend,EURUSD,eventless_no_decision,,strategy_returned_none,"{""decision_threshold"": 0.6600000000000001, ""no_trade_band"": 0.0}"
2026-03-18T18:21:03.192885+00:00,LIVE,ema_rsi_trend,EURUSD,eventless_no_decision,,strategy_returned_none,"{""decision_threshold"": 0.6600000000000001, ""no_trade_band"": 0.0}"
2026-03-18T18:21:32.731057+00:00,LIVE,ema_rsi_trend,EURUSD,order_sent_eventless,eventless_1773858083,"side=SELL,confidence=0.8270","{""decision_threshold"": 0.6600000000000001, ""no_trade_band"": 0.0}"
2026-03-18T18:21:44.318111+00:00,LIVE,ema_rsi_trend,EURUSD,eventless_no_decision,,strategy_returned_none,"{""decision_threshold"": 0.6600000000000001, ""no_trade_band"": 0.0}"
2026-03-18T18:22:21.636329+00:00,LIVE,ema_rsi_trend,EURUSD,calendar_refresh,,events=2506,"{""decision_threshold"": 0.6600000000000001, ""no_trade_band"": 0.0}"
2026-03-18T18:22:22.648715+00:00,LIVE,ema_rsi_trend,EURUSD,eventless_no_decision,,strategy_returned_none,"{""decision_threshold"": 0.6600000000000001, ""no_trade_band"": 0.0}"
2026-03-18T18:22:42.674797+00:00,LIVE,ema_rsi_trend,EURUSD,eventless_no_decision,,strategy_returned_none,"{""decision_threshold"": 0.6600000000000001, ""no_trade_band"": 0.0}"
2026-03-18T18:23:02.699801+00:00,LIVE,ema_rsi_trend,EURUSD,eventless_no_decision,,strategy_returned_none,"{""decision_threshold"": 0.6600000000000001, ""no_trade_band"": 0.0}"
2026-03-18T18:23:22.727080+00:00,LIVE,ema_rsi_trend,EURUSD,eventless_no_decision,,strategy_returned_none,"{""decision_threshold"": 0.6600000000000001, ""no_trade_band"": 0.0}"
2026-03-18T18:23:52.687483+00:00,LIVE,ema_rsi_trend,EURUSD,order_sent_eventless,eventless_1773858223,"side=BUY,confidence=0.9007","{""decision_threshold"": 0.6600000000000001, ""no_trade_band"": 0.0}"
2026-03-18T18:24:25.657283+00:00,LIVE,ema_rsi_trend,EURUSD,calendar_refresh,,events=2506,"{""decision_threshold"": 0.6600000000000001, ""no_trade_band"": 0.0}"
2026-03-18T18:24:25.666750+00:00,LIVE,ema_rsi_trend,EURUSD,eventless_no_decision,,strategy_returned_none,"{""decision_threshold"": 0.6600000000000001, ""no_trade_band"": 0.0}"
2026-03-18T18:24:26.674793+00:00,LIVE,ema_rsi_trend,EURUSD,eventless_no_decision,,strategy_returned_none,"{""decision_threshold"": 0.6600000000000001, ""no_trade_band"": 0.0}"
2026-03-18T18:24:47.392656+00:00,LIVE,ema_rsi_trend,EURUSD,eventless_no_decision,,strategy_returned_none,"{""decision_threshold"": 0.6600000000000001, ""no_trade_band"": 0.0}"
2026-03-18T18:25:08.111752+00:00,LIVE,ema_rsi_trend,EURUSD,eventless_no_decision,,strategy_returned_none,"{""decision_threshold"": 0.6600000000000001, ""no_trade_band"": 0.0}"
2026-03-18T18:25:28.136475+00:00,LIVE,ema_rsi_trend,EURUSD,eventless_no_decision,,strategy_returned_none,"{""decision_threshold"": 0.6600000000000001, ""no_trade_band"": 0.0}"
2026-03-18T18:25:48.932500+00:00,LIVE,ema_rsi_trend,EURUSD,eventless_no_decision,,strategy_returned_none,"{""decision_threshold"": 0.6600000000000001, ""no_trade_band"": 0.0}"
2026-03-18T18:26:25.488069+00:00,LIVE,ema_rsi_trend,EURUSD,calendar_refresh,,events=2506,"{""decision_threshold"": 0.6600000000000001, ""no_trade_band"": 0.0}"
2026-03-18T18:26:26.499060+00:00,LIVE,ema_rsi_trend,EURUSD,eventless_no_decision,,strategy_returned_none,"{""decision_threshold"": 0.6600000000000001, ""no_trade_band"": 0.0}"
2026-03-18T18:26:46.538891+00:00,LIVE,ema_rsi_trend,EURUSD,eventless_no_decision,,strategy_returned_none,"{""decision_threshold"": 0.6600000000000001, ""no_trade_band"": 0.0}"
2026-03-18T18:27:29.340644+00:00,LIVE,ema_rsi_trend,EURUSD,order_sent_eventless,eventless_1773858426,"side=SELL,confidence=0.7427","{""decision_threshold"": 0.6600000000000001, ""no_trade_band"": 0.0}"
2026-03-18T18:27:54.600351+00:00,LIVE,ema_rsi_trend,EURUSD,order_sent_eventless,eventless_1773858450,"side=SELL,confidence=0.8648","{""decision_threshold"": 0.6600000000000001, ""no_trade_band"": 0.0}"
2026-03-18T18:27:56.434511+00:00,LIVE,ema_rsi_trend,EURUSD,eventless_no_decision,,strategy_returned_none,"{""decision_threshold"": 0.6600000000000001, ""no_trade_band"": 0.0}"
2026-03-18T18:28:25.732768+00:00,LIVE,ema_rsi_trend,EURUSD,calendar_refresh,,events=2506,"{""decision_threshold"": 0.6600000000000001, ""no_trade_band"": 0.0}"
2026-03-18T18:28:28.641485+00:00,LIVE,ema_rsi_trend,EURUSD,order_sent_eventless,eventless_1773858506,"side=SELL,confidence=0.7511","{""decision_threshold"": 0.6600000000000001, ""no_trade_band"": 0.0}"
2026-03-18T18:28:47.013361+00:00,LIVE,ema_rsi_trend,EURUSD,eventless_no_decision,,strategy_returned_none,"{""decision_threshold"": 0.6600000000000001, ""no_trade_band"": 0.0}"
2026-03-18T18:29:07.387196+00:00,LIVE,ema_rsi_trend,EURUSD,eventless_no_decision,,strategy_returned_none,"{""decision_threshold"": 0.6600000000000001, ""no_trade_band"": 0.0}"
2026-03-18T18:29:27.762817+00:00,LIVE,ema_rsi_trend,EURUSD,eventless_no_decision,,strategy_returned_none,"{""decision_threshold"": 0.6600000000000001, ""no_trade_band"": 0.0}"
2026-03-18T18:29:49.358474+00:00,LIVE,ema_rsi_trend,EURUSD,eventless_no_decision,,strategy_returned_none,"{""decision_threshold"": 0.6600000000000001, ""no_trade_band"": 0.0}"
2026-03-18T18:30:28.540582+00:00,LIVE,ema_rsi_trend,EURUSD,calendar_refresh,,events=2506,"{""decision_threshold"": 0.6600000000000001, ""no_trade_band"": 0.0}"
2026-03-18T18:30:28.553028+00:00,LIVE,ema_rsi_trend,EURUSD,eventless_no_decision,,strategy_returned_none,"{""decision_threshold"": 0.6600000000000001, ""no_trade_band"": 0.0}"
2026-03-18T18:30:40.922656+00:00,LIVE,ema_rsi_trend,EURUSD,eventless_no_decision,,strategy_returned_none,"{""decision_threshold"": 0.6600000000000001, ""no_trade_band"": 0.0}"
2026-03-18T18:31:30.682754+00:00,LIVE,ema_rsi_trend,EURUSD,eventless_no_decision,,strategy_returned_none,"{""decision_threshold"": 0.6600000000000001, ""no_trade_band"": 0.0}"
2026-03-18T18:31:31.694284+00:00,LIVE,ema_rsi_trend,EURUSD,eventless_no_decision,,strategy_returned_none,"{""decision_threshold"": 0.6600000000000001, ""no_trade_band"": 0.0}"
2026-03-18T18:31:59.126847+00:00,LIVE,ema_rsi_trend,EURUSD,eventless_no_decision,,strategy_returned_none,"{""decision_threshold"": 0.6600000000000001, ""no_trade_band"": 0.0}"
2026-03-18T18:32:29.230256+00:00,LIVE,ema_rsi_trend,EURUSD,calendar_refresh,,events=2506,"{""decision_threshold"": 0.6600000000000001, ""no_trade_band"": 0.0}"
2026-03-18T18:32:43.471813+00:00,LIVE,ema_rsi_trend,EURUSD,eventless_no_decision,,strategy_returned_none,"{""decision_threshold"": 0.6600000000000001, ""no_trade_band"": 0.0}"
2026-03-18T18:33:19.705158+00:00,LIVE,ema_rsi_trend,EURUSD,order_sent_eventless,eventless_1773858797,"side=SELL,confidence=0.7872","{""decision_threshold"": 0.6600000000000001, ""no_trade_band"": 0.0}"
2026-03-18T18:33:39.188830+00:00,LIVE,ema_rsi_trend,EURUSD,order_sent_eventless,eventless_1773858818,"side=BUY,confidence=0.8612","{""decision_threshold"": 0.6600000000000001, ""no_trade_band"": 0.0}"
2026-03-18T18:34:00.029998+00:00,LIVE,ema_rsi_trend,EURUSD,order_sent_eventless,eventless_1773858839,"side=BUY,confidence=0.8198","{""decision_threshold"": 0.6600000000000001, ""no_trade_band"": 0.0}"
2026-03-18T18:34:32.808488+00:00,LIVE,ema_rsi_trend,EURUSD,calendar_refresh,,events=2506,"{""decision_threshold"": 0.6600000000000001, ""no_trade_band"": 0.0}"
2026-03-18T18:34:33.822516+00:00,LIVE,ema_rsi_trend,EURUSD,eventless_no_decision,,strategy_returned_none,"{""decision_threshold"": 0.6600000000000001, ""no_trade_band"": 0.0}"
2026-03-18T18:34:54.201474+00:00,LIVE,ema_rsi_trend,EURUSD,order_sent_eventless,eventless_1773858893,"side=SELL,confidence=0.8911","{""decision_threshold"": 0.6600000000000001, ""no_trade_band"": 0.0}"
2026-03-18T18:35:16.955330+00:00,LIVE,ema_rsi_trend,EURUSD,eventless_no_decision,,strategy_returned_none,"{""decision_threshold"": 0.6600000000000001, ""no_trade_band"": 0.0}"
2026-03-18T18:35:38.168867+00:00,LIVE,ema_rsi_trend,EURUSD,eventless_no_decision,,strategy_returned_none,"{""decision_threshold"": 0.6600000000000001, ""no_trade_band"": 0.0}"
2026-03-18T18:35:58.210550+00:00,LIVE,ema_rsi_trend,EURUSD,eventless_no_decision,,strategy_returned_none,"{""decision_threshold"": 0.6600000000000001, ""no_trade_band"": 0.0}"
2026-03-18T18:36:39.416264+00:00,LIVE,ema_rsi_trend,EURUSD,calendar_refresh,,events=2506,"{""decision_threshold"": 0.6600000000000001, ""no_trade_band"": 0.0}"
2026-03-18T18:36:39.427264+00:00,LIVE,ema_rsi_trend,EURUSD,eventless_no_decision,,strategy_returned_none,"{""decision_threshold"": 0.6600000000000001, ""no_trade_band"": 0.0}"
2026-03-18T18:36:41.452208+00:00,LIVE,ema_rsi_trend,EURUSD,eventless_no_decision,,strategy_returned_none,"{""decision_threshold"": 0.6600000000000001, ""no_trade_band"": 0.0}"
2026-03-18T18:37:02.099924+00:00,LIVE,ema_rsi_trend,EURUSD,eventless_no_decision,,strategy_returned_none,"{""decision_threshold"": 0.6600000000000001, ""no_trade_band"": 0.0}"
2026-03-18T18:37:23.002283+00:00,LIVE,ema_rsi_trend,EURUSD,eventless_no_decision,,strategy_returned_none,"{""decision_threshold"": 0.6600000000000001, ""no_trade_band"": 0.0}"
2026-03-18T18:37:43.029284+00:00,LIVE,ema_rsi_trend,EURUSD,eventless_no_decision,,strategy_returned_none,"{""decision_threshold"": 0.6600000000000001, ""no_trade_band"": 0.0}"
2026-03-18T18:38:03.054649+00:00,LIVE,ema_rsi_trend,EURUSD,eventless_no_decision,,strategy_returned_none,"{""decision_threshold"": 0.6600000000000001, ""no_trade_band"": 0.0}"
2026-03-18T18:38:40.377595+00:00,LIVE,ema_rsi_trend,EURUSD,calendar_refresh,,events=2506,"{""decision_threshold"": 0.6600000000000001, ""no_trade_band"": 0.0}"
2026-03-18T18:38:55.584839+00:00,LIVE,ema_rsi_trend,EURUSD,order_sent_eventless,eventless_1773859121,"side=BUY,confidence=0.8748","{""decision_threshold"": 0.6600000000000001, ""no_trade_band"": 0.0}"
2026-03-18T18:39:08.451662+00:00,LIVE,ema_rsi_trend,EURUSD,eventless_no_decision,,strategy_returned_none,"{""decision_threshold"": 0.6600000000000001, ""no_trade_band"": 0.0}"
2026-03-18T18:39:32.397206+00:00,LIVE,ema_rsi_trend,EURUSD,order_sent_eventless,eventless_1773859168,"side=SELL,confidence=0.8091","{""decision_threshold"": 0.6600000000000001, ""no_trade_band"": 0.0}"
2026-03-18T18:39:50.236752+00:00,LIVE,ema_rsi_trend,EURUSD,eventless_no_decision,,strategy_returned_none,"{""decision_threshold"": 0.6600000000000001, ""no_trade_band"": 0.0}"
2026-03-18T18:40:18.384386+00:00,LIVE,ema_rsi_trend,EURUSD,eventless_no_decision,,strategy_returned_none,"{""decision_threshold"": 0.6600000000000001, ""no_trade_band"": 0.0}"
2026-03-18T18:40:40.866918+00:00,LIVE,ema_rsi_trend,EURUSD,calendar_refresh,,events=2506,"{""decision_threshold"": 0.6600000000000001, ""no_trade_band"": 0.0}"
2026-03-18T18:40:41.877804+00:00,LIVE,ema_rsi_trend,EURUSD,eventless_no_decision,,strategy_returned_none,"{""decision_threshold"": 0.6600000000000001, ""no_trade_band"": 0.0}"
2026-03-18T18:41:02.978731+00:00,LIVE,ema_rsi_trend,EURUSD,order_sent_eventless,eventless_1773859261,"side=SELL,confidence=0.7815","{""decision_threshold"": 0.6600000000000001, ""no_trade_band"": 0.0}"
2026-03-18T18:41:22.348765+00:00,LIVE,ema_rsi_trend,EURUSD,eventless_no_decision,,strategy_returned_none,"{""decision_threshold"": 0.6600000000000001, ""no_trade_band"": 0.0}"
2026-03-18T18:41:42.375059+00:00,LIVE,ema_rsi_trend,EURUSD,eventless_no_decision,,strategy_returned_none,"{""decision_threshold"": 0.6600000000000001, ""no_trade_band"": 0.0}"
2026-03-18T18:42:02.414905+00:00,LIVE,ema_rsi_trend,EURUSD,eventless_no_decision,,strategy_returned_none,"{""decision_threshold"": 0.6600000000000001, ""no_trade_band"": 0.0}"
2026-03-18T18:42:40.206204+00:00,LIVE,ema_rsi_trend,EURUSD,calendar_refresh,,events=2506,"{""decision_threshold"": 0.6600000000000001, ""no_trade_band"": 0.0}"
2026-03-18T18:42:41.218954+00:00,LIVE,ema_rsi_trend,EURUSD,eventless_no_decision,,strategy_returned_none,"{""decision_threshold"": 0.6600000000000001, ""no_trade_band"": 0.0}"
2026-03-18T18:43:01.245582+00:00,LIVE,ema_rsi_trend,EURUSD,eventless_no_decision,,strategy_returned_none,"{""decision_threshold"": 0.6600000000000001, ""no_trade_band"": 0.0}"
2026-03-18T18:43:21.271264+00:00,LIVE,ema_rsi_trend,EURUSD,eventless_no_decision,,strategy_returned_none,"{""decision_threshold"": 0.6600000000000001, ""no_trade_band"": 0.0}"
2026-03-18T18:43:41.647082+00:00,LIVE,ema_rsi_trend,EURUSD,eventless_no_decision,,strategy_returned_none,"{""decision_threshold"": 0.6600000000000001, ""no_trade_band"": 0.0}"
2026-03-18T18:44:02.040548+00:00,LIVE,ema_rsi_trend,EURUSD,eventless_no_decision,,strategy_returned_none,"{""decision_threshold"": 0.6600000000000001, ""no_trade_band"": 0.0}"
2026-03-18T18:44:40.614391+00:00,LIVE,ema_rsi_trend,EURUSD,calendar_refresh,,events=2506,"{""decision_threshold"": 0.6600000000000001, ""no_trade_band"": 0.0}"
2026-03-18T18:44:40.624934+00:00,LIVE,ema_rsi_trend,EURUSD,eventless_no_decision,,strategy_returned_none,"{""decision_threshold"": 0.6600000000000001, ""no_trade_band"": 0.0}"
2026-03-18T18:44:42.638596+00:00,LIVE,ema_rsi_trend,EURUSD,eventless_no_decision,,strategy_returned_none,"{""decision_threshold"": 0.6600000000000001, ""no_trade_band"": 0.0}"
2026-03-18T18:45:03.159840+00:00,LIVE,ema_rsi_trend,EURUSD,eventless_no_decision,,strategy_returned_none,"{""decision_threshold"": 0.6600000000000001, ""no_trade_band"": 0.0}"
2026-03-18T18:45:23.897534+00:00,LIVE,ema_rsi_trend,EURUSD,eventless_no_decision,,strategy_returned_none,"{""decision_threshold"": 0.6600000000000001, ""no_trade_band"": 0.0}"
2026-03-18T18:45:43.922019+00:00,LIVE,ema_rsi_trend,EURUSD,eventless_no_decision,,strategy_returned_none,"{""decision_threshold"": 0.6600000000000001, ""no_trade_band"": 0.0}"
2026-03-18T18:46:53.234317+00:00,LIVE,ema_rsi_trend,EURUSD,calendar_refresh,,events=2506,"{""decision_threshold"": 0.6600000000000001, ""no_trade_band"": 0.0}"
2026-03-18T18:47:40.496876+00:00,LIVE,ema_rsi_trend,EURUSD,eventless_no_decision,,strategy_returned_none,"{""decision_threshold"": 0.6600000000000001, ""no_trade_band"": 0.0}"
2026-03-18T18:47:41.506015+00:00,LIVE,ema_rsi_trend,EURUSD,eventless_no_decision,,strategy_returned_none,"{""decision_threshold"": 0.6600000000000001, ""no_trade_band"": 0.0}"
2026-03-18T18:48:01.530215+00:00,LIVE,ema_rsi_trend,EURUSD,eventless_no_decision,,strategy_returned_none,"{""decision_threshold"": 0.6600000000000001, ""no_trade_band"": 0.0}"
2026-03-18T18:48:21.554442+00:00,LIVE,ema_rsi_trend,EURUSD,eventless_no_decision,,strategy_returned_none,"{""decision_threshold"": 0.6600000000000001, ""no_trade_band"": 0.0}"
2026-03-18T18:48:53.744724+00:00,LIVE,ema_rsi_trend,EURUSD,calendar_refresh,,events=2506,"{""decision_threshold"": 0.6600000000000001, ""no_trade_band"": 0.0}"
2026-03-18T18:48:55.106844+00:00,LIVE,ema_rsi_trend,EURUSD,order_sent_eventless,eventless_1773859734,"side=SELL,confidence=0.8635","{""decision_threshold"": 0.6600000000000001, ""no_trade_band"": 0.0}"
2026-03-18T18:49:15.902660+00:00,LIVE,ema_rsi_trend,EURUSD,order_sent_eventless,eventless_1773859755,"side=SELL,confidence=0.8958","{""decision_threshold"": 0.6600000000000001, ""no_trade_band"": 0.0}"
2026-03-18T18:49:35.507746+00:00,LIVE,ema_rsi_trend,EURUSD,eventless_no_decision,,strategy_returned_none,"{""decision_threshold"": 0.6600000000000001, ""no_trade_band"": 0.0}"
2026-03-18T18:51:08.396168+00:00,LIVE,ema_rsi_trend,EURUSD,calendar_refresh,,events=2506,"{""decision_threshold"": 0.6600000000000001, ""no_trade_band"": 0.0}"
2026-03-18T18:51:21.059683+00:00,LIVE,ema_rsi_trend,EURUSD,eventless_no_decision,,strategy_returned_none,"{""decision_threshold"": 0.6600000000000001, ""no_trade_band"": 0.0}"
2026-03-18T18:51:24.117665+00:00,LIVE,ema_rsi_trend,EURUSD,eventless_no_decision,,strategy_returned_none,"{""decision_threshold"": 0.6600000000000001, ""no_trade_band"": 0.0}"
2026-03-18T18:51:42.492448+00:00,LIVE,ema_rsi_trend,EURUSD,order_sent_eventless,eventless_1773859902,"side=SELL,confidence=0.8727","{""decision_threshold"": 0.6600000000000001, ""no_trade_band"": 0.0}"
2026-03-18T18:52:02.872010+00:00,LIVE,ema_rsi_trend,EURUSD,eventless_no_decision,,strategy_returned_none,"{""decision_threshold"": 0.6600000000000001, ""no_trade_band"": 0.0}"
2026-03-18T18:52:23.596126+00:00,LIVE,ema_rsi_trend,EURUSD,eventless_no_decision,,strategy_returned_none,"{""decision_threshold"": 0.6600000000000001, ""no_trade_band"": 0.0}"
2026-03-18T18:53:08.845807+00:00,LIVE,ema_rsi_trend,EURUSD,calendar_refresh,,events=2506,"{""decision_threshold"": 0.6600000000000001, ""no_trade_band"": 0.0}"
2026-03-18T18:53:15.529002+00:00,LIVE,ema_rsi_trend,EURUSD,order_sent_eventless,eventless_1773859970,"side=SELL,confidence=0.8303","{""decision_threshold"": 0.6600000000000001, ""no_trade_band"": 0.0}"
2026-03-18T18:53:17.762755+00:00,LIVE,ema_rsi_trend,EURUSD,eventless_no_decision,,strategy_returned_none,"{""decision_threshold"": 0.6600000000000001, ""no_trade_band"": 0.0}"
2026-03-18T18:53:40.612008+00:00,LIVE,ema_rsi_trend,EURUSD,eventless_no_decision,,strategy_returned_none,"{""decision_threshold"": 0.6600000000000001, ""no_trade_band"": 0.0}"
2026-03-18T18:53:57.983021+00:00,LIVE,ema_rsi_trend,EURUSD,order_sent_eventless,eventless_1773860037,"side=SELL,confidence=0.8965","{""decision_threshold"": 0.6600000000000001, ""no_trade_band"": 0.0}"
2026-03-18T18:54:17.746678+00:00,LIVE,ema_rsi_trend,EURUSD,eventless_no_decision,,strategy_returned_none,"{""decision_threshold"": 0.6600000000000001, ""no_trade_band"": 0.0}"
2026-03-18T18:54:38.691623+00:00,LIVE,ema_rsi_trend,EURUSD,eventless_no_decision,,strategy_returned_none,"{""decision_threshold"": 0.6600000000000001, ""no_trade_band"": 0.0}"
2026-03-18T18:55:08.635650+00:00,LIVE,ema_rsi_trend,EURUSD,calendar_refresh,,events=2344,"{""decision_threshold"": 0.6600000000000001, ""no_trade_band"": 0.0}"
2026-03-18T18:55:13.132092+00:00,LIVE,ema_rsi_trend,EURUSD,order_sent_eventless,eventless_1773860112,"side=BUY,confidence=0.8149","{""decision_threshold"": 0.6600000000000001, ""no_trade_band"": 0.0}"
2026-03-18T18:55:52.284151+00:00,LIVE,ema_rsi_trend,EURUSD,order_sent_eventless,eventless_1773860133,"side=SELL,confidence=0.9270","{""decision_threshold"": 0.6600000000000001, ""no_trade_band"": 0.0}"
2026-03-18T18:55:53.661168+00:00,LIVE,ema_rsi_trend,EURUSD,eventless_no_decision,,strategy_returned_none,"{""decision_threshold"": 0.6600000000000001, ""no_trade_band"": 0.0}"
2026-03-18T18:56:13.829620+00:00,LIVE,ema_rsi_trend,EURUSD,eventless_no_decision,,strategy_returned_none,"{""decision_threshold"": 0.6600000000000001, ""no_trade_band"": 0.0}"
2026-03-18T18:56:34.555929+00:00,LIVE,ema_rsi_trend,EURUSD,eventless_no_decision,,strategy_returned_none,"{""decision_threshold"": 0.6600000000000001, ""no_trade_band"": 0.0}"
2026-03-18T18:57:11.628758+00:00,LIVE,ema_rsi_trend,EURUSD,calendar_refresh,,events=2506,"{""decision_threshold"": 0.6600000000000001, ""no_trade_band"": 0.0}"
2026-03-18T18:57:15.744920+00:00,LIVE,ema_rsi_trend,EURUSD,eventless_no_decision,,strategy_returned_none,"{""decision_threshold"": 0.6600000000000001, ""no_trade_band"": 0.0}"
2026-03-18T18:57:36.930499+00:00,LIVE,ema_rsi_trend,EURUSD,order_sent_eventless,eventless_1773860256,"side=SELL,confidence=0.9212","{""decision_threshold"": 0.6600000000000001, ""no_trade_band"": 0.0}"
2026-03-18T18:58:15.176467+00:00,LIVE,ema_rsi_trend,EURUSD,eventless_no_decision,,strategy_returned_none,"{""decision_threshold"": 0.6600000000000001, ""no_trade_band"": 0.0}"
2026-03-18T18:58:30.675154+00:00,LIVE,ema_rsi_trend,EURUSD,eventless_no_decision,,strategy_returned_none,"{""decision_threshold"": 0.6600000000000001, ""no_trade_band"": 0.0}"
2026-03-18T18:59:14.555256+00:00,LIVE,ema_rsi_trend,EURUSD,calendar_refresh,,events=2506,"{""decision_threshold"": 0.6600000000000001, ""no_trade_band"": 0.0}"
2026-03-18T18:59:15.397892+00:00,LIVE,ema_rsi_trend,EURUSD,order_sent_eventless,eventless_1773860335,"side=BUY,confidence=0.7608","{""decision_threshold"": 0.6600000000000001, ""no_trade_band"": 0.0}"
2026-03-18T18:59:16.766581+00:00,LIVE,ema_rsi_trend,EURUSD,skip_max_open_positions,eventless_1773860356,open_positions=10,"{""decision_threshold"": 0.6600000000000001, ""no_trade_band"": 0.0}"
2026-03-18T18:59:37.232950+00:00,LIVE,ema_rsi_trend,EURUSD,eventless_no_decision,,strategy_returned_none,"{""decision_threshold"": 0.6600000000000001, ""no_trade_band"": 0.0}"
2026-03-18T19:00:55.603605+00:00,LIVE,ema_rsi_trend,EURUSD,eventless_no_decision,,strategy_returned_none,"{""decision_threshold"": 0.6600000000000001, ""no_trade_band"": 0.0}"
2026-03-18T19:01:15.716014+00:00,LIVE,ema_rsi_trend,EURUSD,calendar_refresh,,events=2506,"{""decision_threshold"": 0.6600000000000001, ""no_trade_band"": 0.0}"
2026-03-18T19:01:15.726029+00:00,LIVE,ema_rsi_trend,EURUSD,skip_max_open_positions,eventless_1773860456,open_positions=10,"{""decision_threshold"": 0.6600000000000001, ""no_trade_band"": 0.0}"
2026-03-18T19:01:16.735373+00:00,LIVE,ema_rsi_trend,EURUSD,skip_max_open_positions,eventless_1773860476,open_positions=10,"{""decision_threshold"": 0.6600000000000001, ""no_trade_band"": 0.0}"
2026-03-18T19:01:36.761576+00:00,LIVE,ema_rsi_trend,EURUSD,eventless_no_decision,,strategy_returned_none,"{""decision_threshold"": 0.6600000000000001, ""no_trade_band"": 0.0}"
2026-03-18T19:01:56.788594+00:00,LIVE,ema_rsi_trend,EURUSD,eventless_no_decision,,strategy_returned_none,"{""decision_threshold"": 0.6600000000000001, ""no_trade_band"": 0.0}"
2026-03-18T19:02:21.240043+00:00,LIVE,ema_rsi_trend,EURUSD,skip_max_open_positions,eventless_1773860536,open_positions=10,"{""decision_threshold"": 0.6600000000000001, ""no_trade_band"": 0.0}"
2026-03-18T19:02:37.263581+00:00,LIVE,ema_rsi_trend,EURUSD,eventless_no_decision,,strategy_returned_none,"{""decision_threshold"": 0.6600000000000001, ""no_trade_band"": 0.0}"
2026-03-18T19:03:16.071319+00:00,LIVE,ema_rsi_trend,EURUSD,calendar_refresh,,events=2523,"{""decision_threshold"": 0.6600000000000001, ""no_trade_band"": 0.0}"
2026-03-18T19:03:16.083311+00:00,LIVE,ema_rsi_trend,EURUSD,skip_max_open_positions,eventless_1773860577,open_positions=10,"{""decision_threshold"": 0.6600000000000001, ""no_trade_band"": 0.0}"
2026-03-18T19:03:18.097224+00:00,LIVE,ema_rsi_trend,EURUSD,eventless_no_decision,,strategy_returned_none,"{""decision_threshold"": 0.6600000000000001, ""no_trade_band"": 0.0}"
2026-03-18T19:03:38.126895+00:00,LIVE,ema_rsi_trend,EURUSD,skip_max_open_positions,eventless_1773860618,open_positions=10,"{""decision_threshold"": 0.6600000000000001, ""no_trade_band"": 0.0}"
2026-03-18T19:03:58.153867+00:00,LIVE,ema_rsi_trend,EURUSD,eventless_no_decision,,strategy_returned_none,"{""decision_threshold"": 0.6600000000000001, ""no_trade_band"": 0.0}"
2026-03-18T19:04:18.855321+00:00,LIVE,ema_rsi_trend,EURUSD,eventless_no_decision,,strategy_returned_none,"{""decision_threshold"": 0.6600000000000001, ""no_trade_band"": 0.0}"
2026-03-18T19:04:39.099128+00:00,LIVE,ema_rsi_trend,EURUSD,eventless_no_decision,,strategy_returned_none,"{""decision_threshold"": 0.6600000000000001, ""no_trade_band"": 0.0}"
2026-03-18T19:05:17.996435+00:00,LIVE,ema_rsi_trend,EURUSD,calendar_refresh,,events=2327,"{""decision_threshold"": 0.6600000000000001, ""no_trade_band"": 0.0}"
2026-03-18T19:05:20.275770+00:00,LIVE,ema_rsi_trend,EURUSD,skip_max_open_positions,eventless_1773860720,open_positions=10,"{""decision_threshold"": 0.6600000000000001, ""no_trade_band"": 0.0}"
2026-03-18T19:05:40.672893+00:00,LIVE,ema_rsi_trend,EURUSD,eventless_no_decision,,strategy_returned_none,"{""decision_threshold"": 0.6600000000000001, ""no_trade_band"": 0.0}"
2026-03-18T19:06:00.714100+00:00,LIVE,ema_rsi_trend,EURUSD,eventless_no_decision,,strategy_returned_none,"{""decision_threshold"": 0.6600000000000001, ""no_trade_band"": 0.0}"
2026-03-18T19:06:20.742256+00:00,LIVE,ema_rsi_trend,EURUSD,eventless_no_decision,,strategy_returned_none,"{""decision_threshold"": 0.6600000000000001, ""no_trade_band"": 0.0}"
2026-03-18T19:06:40.768903+00:00,LIVE,ema_rsi_trend,EURUSD,skip_max_open_positions,eventless_1773860800,open_positions=10,"{""decision_threshold"": 0.6600000000000001, ""no_trade_band"": 0.0}"
2026-03-18T19:07:19.382430+00:00,LIVE,ema_rsi_trend,EURUSD,calendar_refresh,,events=2506,"{""decision_threshold"": 0.6600000000000001, ""no_trade_band"": 0.0}"
2026-03-18T19:07:20.393537+00:00,LIVE,ema_rsi_trend,EURUSD,eventless_no_decision,,strategy_returned_none,"{""decision_threshold"": 0.6600000000000001, ""no_trade_band"": 0.0}"
2026-03-18T19:07:40.418526+00:00,LIVE,ema_rsi_trend,EURUSD,eventless_no_decision,,strategy_returned_none,"{""decision_threshold"": 0.6600000000000001, ""no_trade_band"": 0.0}"
2026-03-18T19:08:00.445387+00:00,LIVE,ema_rsi_trend,EURUSD,eventless_no_decision,,strategy_returned_none,"{""decision_threshold"": 0.6600000000000001, ""no_trade_band"": 0.0}"
2026-03-18T19:08:20.472377+00:00,LIVE,ema_rsi_trend,EURUSD,eventless_no_decision,,strategy_returned_none,"{""decision_threshold"": 0.6600000000000001, ""no_trade_band"": 0.0}"
2026-03-18T19:08:40.499687+00:00,LIVE,ema_rsi_trend,EURUSD,skip_max_open_positions,eventless_1773860920,open_positions=10,"{""decision_threshold"": 0.6600000000000001, ""no_trade_band"": 0.0}"
2026-03-18T19:09:18.474824+00:00,LIVE,ema_rsi_trend,EURUSD,calendar_refresh,,events=2506,"{""decision_threshold"": 0.6600000000000001, ""no_trade_band"": 0.0}"
2026-03-18T19:09:19.489516+00:00,LIVE,ema_rsi_trend,EURUSD,eventless_no_decision,,strategy_returned_none,"{""decision_threshold"": 0.6600000000000001, ""no_trade_band"": 0.0}"
2026-03-18T19:09:39.518666+00:00,LIVE,ema_rsi_trend,EURUSD,eventless_no_decision,,strategy_returned_none,"{""decision_threshold"": 0.6600000000000001, ""no_trade_band"": 0.0}"
2026-03-18T19:09:59.893504+00:00,LIVE,ema_rsi_trend,EURUSD,eventless_no_decision,,strategy_returned_none,"{""decision_threshold"": 0.6600000000000001, ""no_trade_band"": 0.0}"
2026-03-18T19:10:19.920001+00:00,LIVE,ema_rsi_trend,EURUSD,eventless_no_decision,,strategy_returned_none,"{""decision_threshold"": 0.6600000000000001, ""no_trade_band"": 0.0}"
2026-03-18T19:10:39.950276+00:00,LIVE,ema_rsi_trend,EURUSD,skip_max_open_positions,eventless_1773861039,open_positions=10,"{""decision_threshold"": 0.6600000000000001, ""no_trade_band"": 0.0}"
2026-03-18T19:11:19.100058+00:00,LIVE,ema_rsi_trend,EURUSD,calendar_refresh,,events=2506,"{""decision_threshold"": 0.6600000000000001, ""no_trade_band"": 0.0}"
2026-03-18T19:11:19.110606+00:00,LIVE,ema_rsi_trend,EURUSD,eventless_no_decision,,strategy_returned_none,"{""decision_threshold"": 0.6600000000000001, ""no_trade_band"": 0.0}"
2026-03-18T19:11:20.120247+00:00,LIVE,ema_rsi_trend,EURUSD,eventless_no_decision,,strategy_returned_none,"{""decision_threshold"": 0.6600000000000001, ""no_trade_band"": 0.0}"
2026-03-18T19:11:40.663871+00:00,LIVE,ema_rsi_trend,EURUSD,eventless_no_decision,,strategy_returned_none,"{""decision_threshold"": 0.6600000000000001, ""no_trade_band"": 0.0}"
2026-03-18T19:12:00.692272+00:00,LIVE,ema_rsi_trend,EURUSD,eventless_no_decision,,strategy_returned_none,"{""decision_threshold"": 0.6600000000000001, ""no_trade_band"": 0.0}"
2026-03-18T19:12:20.717849+00:00,LIVE,ema_rsi_trend,EURUSD,eventless_no_decision,,strategy_returned_none,"{""decision_threshold"": 0.6600000000000001, ""no_trade_band"": 0.0}"
2026-03-18T19:12:40.745947+00:00,LIVE,ema_rsi_trend,EURUSD,eventless_no_decision,,strategy_returned_none,"{""decision_threshold"": 0.6600000000000001, ""no_trade_band"": 0.0}"
2026-03-18T19:13:19.472893+00:00,LIVE,ema_rsi_trend,EURUSD,calendar_refresh,,events=2506,"{""decision_threshold"": 0.6600000000000001, ""no_trade_band"": 0.0}"
2026-03-18T19:13:19.484082+00:00,LIVE,ema_rsi_trend,EURUSD,skip_max_open_positions,eventless_1773861180,open_positions=10,"{""decision_threshold"": 0.6600000000000001, ""no_trade_band"": 0.0}"
2026-03-18T19:13:21.496831+00:00,LIVE,ema_rsi_trend,EURUSD,skip_max_open_positions,eventless_1773861201,open_positions=10,"{""decision_threshold"": 0.6600000000000001, ""no_trade_band"": 0.0}"
2026-03-18T19:13:41.524722+00:00,LIVE,ema_rsi_trend,EURUSD,eventless_no_decision,,strategy_returned_none,"{""decision_threshold"": 0.6600000000000001, ""no_trade_band"": 0.0}"
2026-03-18T19:14:01.550714+00:00,LIVE,ema_rsi_trend,EURUSD,skip_max_open_positions,eventless_1773861241,open_positions=10,"{""decision_threshold"": 0.6600000000000001, ""no_trade_band"": 0.0}"
2026-03-18T19:14:21.578942+00:00,LIVE,ema_rsi_trend,EURUSD,eventless_no_decision,,strategy_returned_none,"{""decision_threshold"": 0.6600000000000001, ""no_trade_band"": 0.0}"
2026-03-18T19:14:42.303001+00:00,LIVE,ema_rsi_trend,EURUSD,eventless_no_decision,,strategy_returned_none,"{""decision_threshold"": 0.6600000000000001, ""no_trade_band"": 0.0}"
2026-03-18T19:15:21.365687+00:00,LIVE,ema_rsi_trend,EURUSD,calendar_refresh,,events=2224,"{""decision_threshold"": 0.6600000000000001, ""no_trade_band"": 0.0}"
2026-03-18T19:15:22.375826+00:00,LIVE,ema_rsi_trend,EURUSD,eventless_no_decision,,strategy_returned_none,"{""decision_threshold"": 0.6600000000000001, ""no_trade_band"": 0.0}"
2026-03-18T19:15:42.403301+00:00,LIVE,ema_rsi_trend,EURUSD,skip_max_open_positions,eventless_1773861342,open_positions=10,"{""decision_threshold"": 0.6600000000000001, ""no_trade_band"": 0.0}"
2026-03-18T19:16:02.429529+00:00,LIVE,ema_rsi_trend,EURUSD,skip_max_open_positions,eventless_1773861362,open_positions=10,"{""decision_threshold"": 0.6600000000000001, ""no_trade_band"": 0.0}"
2026-03-18T19:16:22.457203+00:00,LIVE,ema_rsi_trend,EURUSD,skip_max_open_positions,eventless_1773861382,open_positions=10,"{""decision_threshold"": 0.6600000000000001, ""no_trade_band"": 0.0}"
2026-03-18T19:16:42.483923+00:00,LIVE,ema_rsi_trend,EURUSD,eventless_no_decision,,strategy_returned_none,"{""decision_threshold"": 0.6600000000000001, ""no_trade_band"": 0.0}"
2026-03-18T19:17:20.996302+00:00,LIVE,ema_rsi_trend,EURUSD,calendar_refresh,,events=2506,"{""decision_threshold"": 0.6600000000000001, ""no_trade_band"": 0.0}"
2026-03-18T19:17:22.007302+00:00,LIVE,ema_rsi_trend,EURUSD,eventless_no_decision,,strategy_returned_none,"{""decision_threshold"": 0.6600000000000001, ""no_trade_band"": 0.0}"
2026-03-18T19:17:42.033060+00:00,LIVE,ema_rsi_trend,EURUSD,eventless_no_decision,,strategy_returned_none,"{""decision_threshold"": 0.6600000000000001, ""no_trade_band"": 0.0}"
2026-03-18T19:18:02.058664+00:00,LIVE,ema_rsi_trend,EURUSD,eventless_no_decision,,strategy_returned_none,"{""decision_threshold"": 0.6600000000000001, ""no_trade_band"": 0.0}"
2026-03-18T19:18:22.100458+00:00,LIVE,ema_rsi_trend,EURUSD,eventless_no_decision,,strategy_returned_none,"{""decision_threshold"": 0.6600000000000001, ""no_trade_band"": 0.0}"
2026-03-18T19:18:42.130012+00:00,LIVE,ema_rsi_trend,EURUSD,eventless_no_decision,,strategy_returned_none,"{""decision_threshold"": 0.6600000000000001, ""no_trade_band"": 0.0}"
2026-03-18T19:19:21.317754+00:00,LIVE,ema_rsi_trend,EURUSD,calendar_refresh,,events=2506,"{""decision_threshold"": 0.6600000000000001, ""no_trade_band"": 0.0}"
2026-03-18T19:19:21.326580+00:00,LIVE,ema_rsi_trend,EURUSD,eventless_no_decision,,strategy_returned_none,"{""decision_threshold"": 0.6600000000000001, ""no_trade_band"": 0.0}"
2026-03-18T19:19:22.339467+00:00,LIVE,ema_rsi_trend,EURUSD,eventless_no_decision,,strategy_returned_none,"{""decision_threshold"": 0.6600000000000001, ""no_trade_band"": 0.0}"
2026-03-18T19:19:42.369040+00:00,LIVE,ema_rsi_trend,EURUSD,skip_max_open_positions,eventless_1773861582,open_positions=10,"{""decision_threshold"": 0.6600000000000001, ""no_trade_band"": 0.0}"
2026-03-18T19:20:02.396646+00:00,LIVE,ema_rsi_trend,EURUSD,skip_max_open_positions,eventless_1773861602,open_positions=10,"{""decision_threshold"": 0.6600000000000001, ""no_trade_band"": 0.0}"
2026-03-18T19:20:22.422931+00:00,LIVE,ema_rsi_trend,EURUSD,skip_max_open_positions,eventless_1773861622,open_positions=10,"{""decision_threshold"": 0.6600000000000001, ""no_trade_band"": 0.0}"
2026-03-18T19:20:42.453373+00:00,LIVE,ema_rsi_trend,EURUSD,skip_max_open_positions,eventless_1773861642,open_positions=10,"{""decision_threshold"": 0.6600000000000001, ""no_trade_band"": 0.0}"
2026-03-18T19:21:21.071038+00:00,LIVE,ema_rsi_trend,EURUSD,calendar_refresh,,events=2506,"{""decision_threshold"": 0.6600000000000001, ""no_trade_band"": 0.0}"
2026-03-18T19:21:21.080746+00:00,LIVE,ema_rsi_trend,EURUSD,skip_max_open_positions,eventless_1773861662,open_positions=10,"{""decision_threshold"": 0.6600000000000001, ""no_trade_band"": 0.0}"
2026-03-18T19:21:23.090788+00:00,LIVE,ema_rsi_trend,EURUSD,skip_max_open_positions,eventless_1773861683,open_positions=10,"{""decision_threshold"": 0.6600000000000001, ""no_trade_band"": 0.0}"
2026-03-18T19:21:43.116855+00:00,LIVE,ema_rsi_trend,EURUSD,skip_max_open_positions,eventless_1773861703,open_positions=10,"{""decision_threshold"": 0.6600000000000001, ""no_trade_band"": 0.0}"
2026-03-18T19:22:03.145810+00:00,LIVE,ema_rsi_trend,EURUSD,eventless_no_decision,,strategy_returned_none,"{""decision_threshold"": 0.6600000000000001, ""no_trade_band"": 0.0}"
2026-03-18T19:22:23.190856+00:00,LIVE,ema_rsi_trend,EURUSD,eventless_no_decision,,strategy_returned_none,"{""decision_threshold"": 0.6600000000000001, ""no_trade_band"": 0.0}"
2026-03-18T19:22:43.231351+00:00,LIVE,ema_rsi_trend,EURUSD,eventless_no_decision,,strategy_returned_none,"{""decision_threshold"": 0.6600000000000001, ""no_trade_band"": 0.0}"
2026-03-18T19:23:23.436090+00:00,LIVE,ema_rsi_trend,EURUSD,calendar_refresh,,events=2540,"{""decision_threshold"": 0.6600000000000001, ""no_trade_band"": 0.0}"
2026-03-18T19:23:26.387597+00:00,LIVE,ema_rsi_trend,EURUSD,eventless_no_decision,,strategy_returned_none,"{""decision_threshold"": 0.6600000000000001, ""no_trade_band"": 0.0}"
2026-03-18T19:23:31.243474+00:00,LIVE,ema_rsi_trend,EURUSD,eventless_no_decision,,strategy_returned_none,"{""decision_threshold"": 0.6600000000000001, ""no_trade_band"": 0.0}"
2026-03-18T19:23:48.043026+00:00,LIVE,ema_rsi_trend,EURUSD,order_sent_eventless,eventless_1773861827,"side=BUY,confidence=0.8233","{""decision_threshold"": 0.6600000000000001, ""no_trade_band"": 0.0}"
2026-03-18T19:24:08.116135+00:00,LIVE,ema_rsi_trend,EURUSD,eventless_no_decision,,strategy_returned_none,"{""decision_threshold"": 0.6600000000000001, ""no_trade_band"": 0.0}"
2026-03-18T19:24:29.012258+00:00,LIVE,ema_rsi_trend,EURUSD,eventless_no_decision,,strategy_returned_none,"{""decision_threshold"": 0.6600000000000001, ""no_trade_band"": 0.0}"
2026-03-18T19:24:49.626286+00:00,LIVE,ema_rsi_trend,EURUSD,eventless_no_decision,,strategy_returned_none,"{""decision_threshold"": 0.6600000000000001, ""no_trade_band"": 0.0}"
2026-03-18T19:25:24.321513+00:00,LIVE,ema_rsi_trend,EURUSD,calendar_refresh,,events=2582,"{""decision_threshold"": 0.6600000000000001, ""no_trade_band"": 0.0}"
2026-03-18T19:25:25.985610+00:00,LIVE,ema_rsi_trend,EURUSD,order_sent_eventless,eventless_1773861925,"side=SELL,confidence=0.7760","{""decision_threshold"": 0.6600000000000001, ""no_trade_band"": 0.0}"
2026-03-18T19:26:44.202781+00:00,LIVE,ema_rsi_trend,EURUSD,eventless_no_decision,,strategy_returned_none,"{""decision_threshold"": 0.6600000000000001, ""no_trade_band"": 0.0}"
2026-03-18T19:27:04.230164+00:00,LIVE,ema_rsi_trend,EURUSD,eventless_no_decision,,strategy_returned_none,"{""decision_threshold"": 0.6600000000000001, ""no_trade_band"": 0.0}"
2026-03-18T19:27:24.161950+00:00,LIVE,ema_rsi_trend,EURUSD,calendar_refresh,,events=2506,"{""decision_threshold"": 0.6600000000000001, ""no_trade_band"": 0.0}"
2026-03-18T19:27:26.525994+00:00,LIVE,ema_rsi_trend,EURUSD,eventless_no_decision,,strategy_returned_none,"{""decision_threshold"": 0.6600000000000001, ""no_trade_band"": 0.0}"
2026-03-18T19:27:46.553439+00:00,LIVE,ema_rsi_trend,EURUSD,eventless_no_decision,,strategy_returned_none,"{""decision_threshold"": 0.6600000000000001, ""no_trade_band"": 0.0}"
2026-03-18T19:28:06.582472+00:00,LIVE,ema_rsi_trend,EURUSD,eventless_no_decision,,strategy_returned_none,"{""decision_threshold"": 0.6600000000000001, ""no_trade_band"": 0.0}"
2026-03-18T19:28:37.967751+00:00,LIVE,ema_rsi_trend,EURUSD,eventless_no_decision,,strategy_returned_none,"{""decision_threshold"": 0.6600000000000001, ""no_trade_band"": 0.0}"
2026-03-18T19:29:50.948127+00:00,LIVE,ema_rsi_trend,EURUSD,calendar_refresh,,events=2506,"{""decision_threshold"": 0.6600000000000001, ""no_trade_band"": 0.0}"
2026-03-18T19:29:50.959107+00:00,LIVE,ema_rsi_trend,EURUSD,skip_max_open_positions,eventless_1773862172,open_positions=10,"{""decision_threshold"": 0.6600000000000001, ""no_trade_band"": 0.0}"
2026-03-18T19:29:52.968693+00:00,LIVE,ema_rsi_trend,EURUSD,skip_max_open_positions,eventless_1773862192,open_positions=10,"{""decision_threshold"": 0.6600000000000001, ""no_trade_band"": 0.0}"
2026-03-18T19:30:12.997219+00:00,LIVE,ema_rsi_trend,EURUSD,skip_max_open_positions,eventless_1773862212,open_positions=10,"{""decision_threshold"": 0.6600000000000001, ""no_trade_band"": 0.0}"
2026-03-18T19:30:37.778345+00:00,LIVE,ema_rsi_trend,EURUSD,eventless_no_decision,,strategy_returned_none,"{""decision_threshold"": 0.6600000000000001, ""no_trade_band"": 0.0}"
2026-03-18T19:30:58.827717+00:00,LIVE,ema_rsi_trend,EURUSD,skip_max_open_positions,eventless_1773862258,open_positions=10,"{""decision_threshold"": 0.6600000000000001, ""no_trade_band"": 0.0}"
2026-03-18T19:31:18.851983+00:00,LIVE,ema_rsi_trend,EURUSD,eventless_no_decision,,strategy_returned_none,"{""decision_threshold"": 0.6600000000000001, ""no_trade_band"": 0.0}"
2026-03-18T19:31:53.561144+00:00,LIVE,ema_rsi_trend,EURUSD,calendar_refresh,,events=2506,"{""decision_threshold"": 0.6600000000000001, ""no_trade_band"": 0.0}"
2026-03-18T19:31:54.584782+00:00,LIVE,ema_rsi_trend,EURUSD,eventless_no_decision,,strategy_returned_none,"{""decision_threshold"": 0.6600000000000001, ""no_trade_band"": 0.0}"
2026-03-18T19:32:14.665409+00:00,LIVE,ema_rsi_trend,EURUSD,skip_max_open_positions,eventless_1773862334,open_positions=10,"{""decision_threshold"": 0.6600000000000001, ""no_trade_band"": 0.0}"
2026-03-18T19:32:35.046032+00:00,LIVE,ema_rsi_trend,EURUSD,eventless_no_decision,,strategy_returned_none,"{""decision_threshold"": 0.6600000000000001, ""no_trade_band"": 0.0}"
2026-03-18T19:32:55.766768+00:00,LIVE,ema_rsi_trend,EURUSD,eventless_no_decision,,strategy_returned_none,"{""decision_threshold"": 0.6600000000000001, ""no_trade_band"": 0.0}"
2026-03-18T19:33:16.490284+00:00,LIVE,ema_rsi_trend,EURUSD,eventless_no_decision,,strategy_returned_none,"{""decision_threshold"": 0.6600000000000001, ""no_trade_band"": 0.0}"
2026-03-18T19:33:52.042115+00:00,LIVE,ema_rsi_trend,EURUSD,calendar_refresh,,events=2506,"{""decision_threshold"": 0.6600000000000001, ""no_trade_band"": 0.0}"
2026-03-18T19:33:53.054307+00:00,LIVE,ema_rsi_trend,EURUSD,eventless_no_decision,,strategy_returned_none,"{""decision_threshold"": 0.6600000000000001, ""no_trade_band"": 0.0}"
2026-03-18T19:34:13.078950+00:00,LIVE,ema_rsi_trend,EURUSD,eventless_no_decision,,strategy_returned_none,"{""decision_threshold"": 0.6600000000000001, ""no_trade_band"": 0.0}"
2026-03-18T19:34:33.104249+00:00,LIVE,ema_rsi_trend,EURUSD,eventless_no_decision,,strategy_returned_none,"{""decision_threshold"": 0.6600000000000001, ""no_trade_band"": 0.0}"
2026-03-18T19:35:03.923054+00:00,LIVE,ema_rsi_trend,EURUSD,order_sent_eventless,eventless_1773862502,"side=SELL,confidence=0.8438","{""decision_threshold"": 0.6600000000000001, ""no_trade_band"": 0.0}"
2026-03-18T19:35:23.750182+00:00,LIVE,ema_rsi_trend,EURUSD,order_sent_eventless,eventless_1773862523,"side=SELL,confidence=0.9031","{""decision_threshold"": 0.6600000000000001, ""no_trade_band"": 0.0}"
2026-03-18T19:35:53.391357+00:00,LIVE,ema_rsi_trend,EURUSD,calendar_refresh,,events=2506,"{""decision_threshold"": 0.6600000000000001, ""no_trade_band"": 0.0}"
2026-03-18T19:36:29.364995+00:00,LIVE,ema_rsi_trend,EURUSD,eventless_no_decision,,strategy_returned_none,"{""decision_threshold"": 0.6600000000000001, ""no_trade_band"": 0.0}"
2026-03-18T19:36:50.667369+00:00,LIVE,ema_rsi_trend,EURUSD,eventless_no_decision,,strategy_returned_none,"{""decision_threshold"": 0.6600000000000001, ""no_trade_band"": 0.0}"
2026-03-18T19:37:10.400219+00:00,LIVE,ema_rsi_trend,EURUSD,eventless_no_decision,,strategy_returned_none,"{""decision_threshold"": 0.6600000000000001, ""no_trade_band"": 0.0}"
2026-03-18T19:37:30.426660+00:00,LIVE,ema_rsi_trend,EURUSD,eventless_no_decision,,strategy_returned_none,"{""decision_threshold"": 0.6600000000000001, ""no_trade_band"": 0.0}"
2026-03-18T19:37:54.104898+00:00,LIVE,ema_rsi_trend,EURUSD,calendar_refresh,,events=2506,"{""decision_threshold"": 0.6600000000000001, ""no_trade_band"": 0.0}"
2026-03-18T19:37:55.114777+00:00,LIVE,ema_rsi_trend,EURUSD,eventless_no_decision,,strategy_returned_none,"{""decision_threshold"": 0.6600000000000001, ""no_trade_band"": 0.0}"
2026-03-18T19:38:15.142067+00:00,LIVE,ema_rsi_trend,EURUSD,eventless_no_decision,,strategy_returned_none,"{""decision_threshold"": 0.6600000000000001, ""no_trade_band"": 0.0}"
2026-03-18T19:38:35.682472+00:00,LIVE,ema_rsi_trend,EURUSD,order_sent_eventless,eventless_1773862715,"side=BUY,confidence=0.9174","{""decision_threshold"": 0.6600000000000001, ""no_trade_band"": 0.0}"
2026-03-18T19:38:55.369841+00:00,LIVE,ema_rsi_trend,EURUSD,eventless_no_decision,,strategy_returned_none,"{""decision_threshold"": 0.6600000000000001, ""no_trade_band"": 0.0}"
2026-03-18T19:39:15.745256+00:00,LIVE,ema_rsi_trend,EURUSD,order_sent_eventless,eventless_1773862755,"side=BUY,confidence=0.8779","{""decision_threshold"": 0.6600000000000001, ""no_trade_band"": 0.0}"
2026-03-18T19:39:54.852883+00:00,LIVE,ema_rsi_trend,EURUSD,calendar_refresh,,events=2506,"{""decision_threshold"": 0.6600000000000001, ""no_trade_band"": 0.0}"
2026-03-18T19:39:55.555577+00:00,LIVE,ema_rsi_trend,EURUSD,order_sent_eventless,eventless_1773862775,"side=BUY,confidence=0.8182","{""decision_threshold"": 0.6600000000000001, ""no_trade_band"": 0.0}"
2026-03-18T19:39:57.958202+00:00,LIVE,ema_rsi_trend,EURUSD,order_sent_eventless,eventless_1773862796,"side=BUY,confidence=0.8233","{""decision_threshold"": 0.6600000000000001, ""no_trade_band"": 0.0}"
2026-03-18T19:40:16.609812+00:00,LIVE,ema_rsi_trend,EURUSD,eventless_no_decision,,strategy_returned_none,"{""decision_threshold"": 0.6600000000000001, ""no_trade_band"": 0.0}"
2026-03-18T19:40:36.636937+00:00,LIVE,ema_rsi_trend,EURUSD,eventless_no_decision,,strategy_returned_none,"{""decision_threshold"": 0.6600000000000001, ""no_trade_band"": 0.0}"
2026-03-18T19:40:56.669091+00:00,LIVE,ema_rsi_trend,EURUSD,eventless_no_decision,,strategy_returned_none,"{""decision_threshold"": 0.6600000000000001, ""no_trade_band"": 0.0}"
2026-03-18T19:41:16.697654+00:00,LIVE,ema_rsi_trend,EURUSD,eventless_no_decision,,strategy_returned_none,"{""decision_threshold"": 0.6600000000000001, ""no_trade_band"": 0.0}"
2026-03-18T19:41:54.011059+00:00,LIVE,ema_rsi_trend,EURUSD,calendar_refresh,,events=2506,"{""decision_threshold"": 0.6600000000000001, ""no_trade_band"": 0.0}"
2026-03-18T19:41:55.025083+00:00,LIVE,ema_rsi_trend,EURUSD,eventless_no_decision,,strategy_returned_none,"{""decision_threshold"": 0.6600000000000001, ""no_trade_band"": 0.0}"
2026-03-18T19:42:16.310405+00:00,LIVE,ema_rsi_trend,EURUSD,order_sent_eventless,eventless_1773862935,"side=BUY,confidence=0.9149","{""decision_threshold"": 0.6600000000000001, ""no_trade_band"": 0.0}"
2026-03-18T19:42:36.028588+00:00,LIVE,ema_rsi_trend,EURUSD,eventless_no_decision,,strategy_returned_none,"{""decision_threshold"": 0.6600000000000001, ""no_trade_band"": 0.0}"
2026-03-18T19:42:56.060282+00:00,LIVE,ema_rsi_trend,EURUSD,eventless_no_decision,,strategy_returned_none,"{""decision_threshold"": 0.6600000000000001, ""no_trade_band"": 0.0}"
2026-03-18T19:43:18.180953+00:00,LIVE,ema_rsi_trend,EURUSD,eventless_no_decision,,strategy_returned_none,"{""decision_threshold"": 0.6600000000000001, ""no_trade_band"": 0.0}"
2026-03-18T19:43:54.842606+00:00,LIVE,ema_rsi_trend,EURUSD,calendar_refresh,,events=2506,"{""decision_threshold"": 0.6600000000000001, ""no_trade_band"": 0.0}"
2026-03-18T19:43:56.900310+00:00,LIVE,ema_rsi_trend,EURUSD,order_sent_eventless,eventless_1773863036,"side=BUY,confidence=0.8048","{""decision_threshold"": 0.6600000000000001, ""no_trade_band"": 0.0}"
2026-03-18T19:44:17.357662+00:00,LIVE,ema_rsi_trend,EURUSD,eventless_no_decision,,strategy_returned_none,"{""decision_threshold"": 0.6600000000000001, ""no_trade_band"": 0.0}"
2026-03-18T19:44:43.692652+00:00,LIVE,ema_rsi_trend,EURUSD,order_sent_eventless,eventless_1773863078,"side=SELL,confidence=0.8936","{""decision_threshold"": 0.6600000000000001, ""no_trade_band"": 0.0}"
2026-03-18T19:44:58.406205+00:00,LIVE,ema_rsi_trend,EURUSD,eventless_no_decision,,strategy_returned_none,"{""decision_threshold"": 0.6600000000000001, ""no_trade_band"": 0.0}"
2026-03-18T19:45:20.841067+00:00,LIVE,ema_rsi_trend,EURUSD,eventless_no_decision,,strategy_returned_none,"{""decision_threshold"": 0.6600000000000001, ""no_trade_band"": 0.0}"
2026-03-18T19:45:55.725624+00:00,LIVE,ema_rsi_trend,EURUSD,calendar_refresh,,events=2506,"{""decision_threshold"": 0.6600000000000001, ""no_trade_band"": 0.0}"
2026-03-18T19:45:56.736988+00:00,LIVE,ema_rsi_trend,EURUSD,eventless_no_decision,,strategy_returned_none,"{""decision_threshold"": 0.6600000000000001, ""no_trade_band"": 0.0}"
2026-03-18T19:46:16.764206+00:00,LIVE,ema_rsi_trend,EURUSD,eventless_no_decision,,strategy_returned_none,"{""decision_threshold"": 0.6600000000000001, ""no_trade_band"": 0.0}"
2026-03-18T19:46:36.791564+00:00,LIVE,ema_rsi_trend,EURUSD,eventless_no_decision,,strategy_returned_none,"{""decision_threshold"": 0.6600000000000001, ""no_trade_band"": 0.0}"
2026-03-18T19:46:57.859633+00:00,LIVE,ema_rsi_trend,EURUSD,eventless_no_decision,,strategy_returned_none,"{""decision_threshold"": 0.6600000000000001, ""no_trade_band"": 0.0}"
2026-03-18T19:47:18.132316+00:00,LIVE,ema_rsi_trend,EURUSD,eventless_no_decision,,strategy_returned_none,"{""decision_threshold"": 0.6600000000000001, ""no_trade_band"": 0.0}"
2026-03-18T19:47:55.591561+00:00,LIVE,ema_rsi_trend,EURUSD,calendar_refresh,,events=2506,"{""decision_threshold"": 0.6600000000000001, ""no_trade_band"": 0.0}"
2026-03-18T19:47:56.603773+00:00,LIVE,ema_rsi_trend,EURUSD,eventless_no_decision,,strategy_returned_none,"{""decision_threshold"": 0.6600000000000001, ""no_trade_band"": 0.0}"
2026-03-18T19:48:16.994664+00:00,LIVE,ema_rsi_trend,EURUSD,order_sent_eventless,eventless_1773863296,"side=BUY,confidence=0.7833","{""decision_threshold"": 0.6600000000000001, ""no_trade_band"": 0.0}"
2026-03-18T19:48:37.400926+00:00,LIVE,ema_rsi_trend,EURUSD,eventless_no_decision,,strategy_returned_none,"{""decision_threshold"": 0.6600000000000001, ""no_trade_band"": 0.0}"
2026-03-18T19:48:57.774933+00:00,LIVE,ema_rsi_trend,EURUSD,eventless_no_decision,,strategy_returned_none,"{""decision_threshold"": 0.6600000000000001, ""no_trade_band"": 0.0}"
2026-03-18T19:49:18.840152+00:00,LIVE,ema_rsi_trend,EURUSD,order_sent_eventless,eventless_1773863358,"side=SELL,confidence=0.9074","{""decision_threshold"": 0.6600000000000001, ""no_trade_band"": 0.0}"
2026-03-18T19:49:56.517201+00:00,LIVE,ema_rsi_trend,EURUSD,calendar_refresh,,events=2506,"{""decision_threshold"": 0.6600000000000001, ""no_trade_band"": 0.0}"
2026-03-18T19:49:58.605221+00:00,LIVE,ema_rsi_trend,EURUSD,eventless_no_decision,,strategy_returned_none,"{""decision_threshold"": 0.6600000000000001, ""no_trade_band"": 0.0}"
2026-03-18T19:50:18.174690+00:00,LIVE,ema_rsi_trend,EURUSD,eventless_no_decision,,strategy_returned_none,"{""decision_threshold"": 0.6600000000000001, ""no_trade_band"": 0.0}"
2026-03-18T19:50:38.201644+00:00,LIVE,ema_rsi_trend,EURUSD,eventless_no_decision,,strategy_returned_none,"{""decision_threshold"": 0.6600000000000001, ""no_trade_band"": 0.0}"
2026-03-18T19:50:58.242594+00:00,LIVE,ema_rsi_trend,EURUSD,eventless_no_decision,,strategy_returned_none,"{""decision_threshold"": 0.6600000000000001, ""no_trade_band"": 0.0}"
2026-03-18T19:52:11.847920+00:00,LIVE,ema_rsi_trend,EURUSD,calendar_refresh,,events=2506,"{""decision_threshold"": 0.6600000000000001, ""no_trade_band"": 0.0}"
2026-03-18T19:52:13.651697+00:00,LIVE,ema_rsi_trend,EURUSD,order_sent_eventless,eventless_1773863513,"side=SELL,confidence=0.8251","{""decision_threshold"": 0.6600000000000001, ""no_trade_band"": 0.0}"
2026-03-18T19:52:25.279091+00:00,LIVE,ema_rsi_trend,EURUSD,eventless_no_decision,,strategy_returned_none,"{""decision_threshold"": 0.6600000000000001, ""no_trade_band"": 0.0}"
2026-03-18T19:52:34.767675+00:00,LIVE,ema_rsi_trend,EURUSD,eventless_no_decision,,strategy_returned_none,"{""decision_threshold"": 0.6600000000000001, ""no_trade_band"": 0.0}"
2026-03-18T19:52:56.939588+00:00,LIVE,ema_rsi_trend,EURUSD,order_sent_eventless,eventless_1773863574,"side=BUY,confidence=0.8342","{""decision_threshold"": 0.6600000000000001, ""no_trade_band"": 0.0}"
2026-03-18T19:53:33.372832+00:00,LIVE,ema_rsi_trend,EURUSD,eventless_no_decision,,strategy_returned_none,"{""decision_threshold"": 0.6600000000000001, ""no_trade_band"": 0.0}"
2026-03-18T19:54:34.412729+00:00,LIVE,ema_rsi_trend,EURUSD,calendar_refresh,,events=2506,"{""decision_threshold"": 0.6600000000000001, ""no_trade_band"": 0.0}"
2026-03-18T19:54:36.194708+00:00,LIVE,ema_rsi_trend,EURUSD,eventless_no_decision,,strategy_returned_none,"{""decision_threshold"": 0.6600000000000001, ""no_trade_band"": 0.0}"
2026-03-18T19:54:37.204211+00:00,LIVE,ema_rsi_trend,EURUSD,eventless_no_decision,,strategy_returned_none,"{""decision_threshold"": 0.6600000000000001, ""no_trade_band"": 0.0}"
2026-03-18T19:54:57.232519+00:00,LIVE,ema_rsi_trend,EURUSD,eventless_no_decision,,strategy_returned_none,"{""decision_threshold"": 0.6600000000000001, ""no_trade_band"": 0.0}"
2026-03-18T19:55:19.342425+00:00,LIVE,ema_rsi_trend,EURUSD,eventless_no_decision,,strategy_returned_none,"{""decision_threshold"": 0.6600000000000001, ""no_trade_band"": 0.0}"
2026-03-18T19:55:39.381497+00:00,LIVE,ema_rsi_trend,EURUSD,eventless_no_decision,,strategy_returned_none,"{""decision_threshold"": 0.6600000000000001, ""no_trade_band"": 0.0}"
2026-03-18T19:55:59.408917+00:00,LIVE,ema_rsi_trend,EURUSD,eventless_no_decision,,strategy_returned_none,"{""decision_threshold"": 0.6600000000000001, ""no_trade_band"": 0.0}"
2026-03-18T19:56:35.631800+00:00,LIVE,ema_rsi_trend,EURUSD,calendar_refresh,,events=2506,"{""decision_threshold"": 0.6600000000000001, ""no_trade_band"": 0.0}"
2026-03-18T19:56:36.643170+00:00,LIVE,ema_rsi_trend,EURUSD,eventless_no_decision,,strategy_returned_none,"{""decision_threshold"": 0.6600000000000001, ""no_trade_band"": 0.0}"
2026-03-18T19:56:58.403470+00:00,LIVE,ema_rsi_trend,EURUSD,eventless_no_decision,,strategy_returned_none,"{""decision_threshold"": 0.6600000000000001, ""no_trade_band"": 0.0}"
2026-03-18T19:57:19.158163+00:00,LIVE,ema_rsi_trend,EURUSD,eventless_no_decision,,strategy_returned_none,"{""decision_threshold"": 0.6600000000000001, ""no_trade_band"": 0.0}"
2026-03-18T19:57:39.913403+00:00,LIVE,ema_rsi_trend,EURUSD,eventless_no_decision,,strategy_returned_none,"{""decision_threshold"": 0.6600000000000001, ""no_trade_band"": 0.0}"
2026-03-18T19:57:59.939738+00:00,LIVE,ema_rsi_trend,EURUSD,eventless_no_decision,,strategy_returned_none,"{""decision_threshold"": 0.6600000000000001, ""no_trade_band"": 0.0}"
2026-03-18T19:58:39.286232+00:00,LIVE,ema_rsi_trend,EURUSD,calendar_refresh,,events=2506,"{""decision_threshold"": 0.6600000000000001, ""no_trade_band"": 0.0}"
2026-03-18T19:58:40.296322+00:00,LIVE,ema_rsi_trend,EURUSD,eventless_no_decision,,strategy_returned_none,"{""decision_threshold"": 0.6600000000000001, ""no_trade_band"": 0.0}"
2026-03-18T19:59:00.320285+00:00,LIVE,ema_rsi_trend,EURUSD,eventless_no_decision,,strategy_returned_none,"{""decision_threshold"": 0.6600000000000001, ""no_trade_band"": 0.0}"
2026-03-18T19:59:20.348165+00:00,LIVE,ema_rsi_trend,EURUSD,eventless_no_decision,,strategy_returned_none,"{""decision_threshold"": 0.6600000000000001, ""no_trade_band"": 0.0}"
2026-03-18T19:59:40.377335+00:00,LIVE,ema_rsi_trend,EURUSD,eventless_no_decision,,strategy_returned_none,"{""decision_threshold"": 0.6600000000000001, ""no_trade_band"": 0.0}"
2026-03-18T20:00:00.405734+00:00,LIVE,ema_rsi_trend,EURUSD,eventless_no_decision,,strategy_returned_none,"{""decision_threshold"": 0.6600000000000001, ""no_trade_band"": 0.0}"
2026-03-18T20:00:37.926661+00:00,LIVE,ema_rsi_trend,EURUSD,calendar_refresh,,events=2506,"{""decision_threshold"": 0.6600000000000001, ""no_trade_band"": 0.0}"
2026-03-18T20:00:47.427968+00:00,LIVE,ema_rsi_trend,EURUSD,eventless_no_decision,,strategy_returned_none,"{""decision_threshold"": 0.6600000000000001, ""no_trade_band"": 0.0}"
2026-03-18T20:01:08.186184+00:00,LIVE,ema_rsi_trend,EURUSD,eventless_no_decision,,strategy_returned_none,"{""decision_threshold"": 0.6600000000000001, ""no_trade_band"": 0.0}"
2026-03-18T20:01:28.211890+00:00,LIVE,ema_rsi_trend,EURUSD,eventless_no_decision,,strategy_returned_none,"{""decision_threshold"": 0.6600000000000001, ""no_trade_band"": 0.0}"
2026-03-18T20:01:57.903249+00:00,LIVE,ema_rsi_trend,EURUSD,order_sent_eventless,eventless_1773864117,"side=SELL,confidence=0.8552","{""decision_threshold"": 0.6600000000000001, ""no_trade_band"": 0.0}"
2026-03-18T20:02:17.911486+00:00,LIVE,ema_rsi_trend,EURUSD,eventless_no_decision,,strategy_returned_none,"{""decision_threshold"": 0.6600000000000001, ""no_trade_band"": 0.0}"
2026-03-18T20:02:39.151366+00:00,LIVE,ema_rsi_trend,EURUSD,calendar_refresh,,events=2506,"{""decision_threshold"": 0.6600000000000001, ""no_trade_band"": 0.0}"
2026-03-18T20:02:40.505142+00:00,LIVE,ema_rsi_trend,EURUSD,eventless_no_decision,,strategy_returned_none,"{""decision_threshold"": 0.6600000000000001, ""no_trade_band"": 0.0}"
2026-03-18T20:03:01.324619+00:00,LIVE,ema_rsi_trend,EURUSD,eventless_no_decision,,strategy_returned_none,"{""decision_threshold"": 0.6600000000000001, ""no_trade_band"": 0.0}"
2026-03-18T20:03:21.352857+00:00,LIVE,ema_rsi_trend,EURUSD,eventless_no_decision,,strategy_returned_none,"{""decision_threshold"": 0.6600000000000001, ""no_trade_band"": 0.0}"
2026-03-18T20:03:41.393795+00:00,LIVE,ema_rsi_trend,EURUSD,eventless_no_decision,,strategy_returned_none,"{""decision_threshold"": 0.6600000000000001, ""no_trade_band"": 0.0}"
2026-03-18T20:04:01.423773+00:00,LIVE,ema_rsi_trend,EURUSD,eventless_no_decision,,strategy_returned_none,"{""decision_threshold"": 0.6600000000000001, ""no_trade_band"": 0.0}"
2026-03-18T20:04:39.059916+00:00,LIVE,ema_rsi_trend,EURUSD,calendar_refresh,,events=2506,"{""decision_threshold"": 0.6600000000000001, ""no_trade_band"": 0.0}"
2026-03-18T20:04:40.072089+00:00,LIVE,ema_rsi_trend,EURUSD,eventless_no_decision,,strategy_returned_none,"{""decision_threshold"": 0.6600000000000001, ""no_trade_band"": 0.0}"
2026-03-18T20:05:00.098588+00:00,LIVE,ema_rsi_trend,EURUSD,eventless_no_decision,,strategy_returned_none,"{""decision_threshold"": 0.6600000000000001, ""no_trade_band"": 0.0}"
2026-03-18T20:05:20.125551+00:00,LIVE,ema_rsi_trend,EURUSD,eventless_no_decision,,strategy_returned_none,"{""decision_threshold"": 0.6600000000000001, ""no_trade_band"": 0.0}"
2026-03-18T20:06:19.568665+00:00,LIVE,ema_rsi_trend,EURUSD,eventless_no_decision,,strategy_returned_none,"{""decision_threshold"": 0.6600000000000001, ""no_trade_band"": 0.0}"
2026-03-18T20:06:40.144054+00:00,LIVE,ema_rsi_trend,EURUSD,calendar_refresh,,events=2506,"{""decision_threshold"": 0.6600000000000001, ""no_trade_band"": 0.0}"
2026-03-18T20:06:47.923691+00:00,LIVE,ema_rsi_trend,EURUSD,eventless_no_decision,,strategy_returned_none,"{""decision_threshold"": 0.6600000000000001, ""no_trade_band"": 0.0}"
2026-03-18T20:06:48.933906+00:00,LIVE,ema_rsi_trend,EURUSD,eventless_no_decision,,strategy_returned_none,"{""decision_threshold"": 0.6600000000000001, ""no_trade_band"": 0.0}"
2026-03-18T20:07:16.134521+00:00,LIVE,ema_rsi_trend,EURUSD,order_sent_eventless,eventless_1773864431,"side=BUY,confidence=0.7951","{""decision_threshold"": 0.6600000000000001, ""no_trade_band"": 0.0}"
2026-03-18T20:07:36.795503+00:00,LIVE,ema_rsi_trend,EURUSD,eventless_no_decision,,strategy_returned_none,"{""decision_threshold"": 0.6600000000000001, ""no_trade_band"": 0.0}"
2026-03-18T20:07:56.901829+00:00,LIVE,ema_rsi_trend,EURUSD,eventless_no_decision,,strategy_returned_none,"{""decision_threshold"": 0.6600000000000001, ""no_trade_band"": 0.0}"
2026-03-18T20:08:17.375572+00:00,LIVE,ema_rsi_trend,EURUSD,eventless_no_decision,,strategy_returned_none,"{""decision_threshold"": 0.6600000000000001, ""no_trade_band"": 0.0}"
2026-03-18T20:08:40.438940+00:00,LIVE,ema_rsi_trend,EURUSD,calendar_refresh,,events=2506,"{""decision_threshold"": 0.6600000000000001, ""no_trade_band"": 0.0}"
2026-03-18T20:08:41.794816+00:00,LIVE,ema_rsi_trend,EURUSD,eventless_no_decision,,strategy_returned_none,"{""decision_threshold"": 0.6600000000000001, ""no_trade_band"": 0.0}"
2026-03-18T20:09:02.164101+00:00,LIVE,ema_rsi_trend,EURUSD,eventless_no_decision,,strategy_returned_none,"{""decision_threshold"": 0.6600000000000001, ""no_trade_band"": 0.0}"
2026-03-18T20:09:22.190874+00:00,LIVE,ema_rsi_trend,EURUSD,eventless_no_decision,,strategy_returned_none,"{""decision_threshold"": 0.6600000000000001, ""no_trade_band"": 0.0}"
2026-03-18T20:09:42.463776+00:00,LIVE,ema_rsi_trend,EURUSD,eventless_no_decision,,strategy_returned_none,"{""decision_threshold"": 0.6600000000000001, ""no_trade_band"": 0.0}"
2026-03-18T20:10:02.493210+00:00,LIVE,ema_rsi_trend,EURUSD,eventless_no_decision,,strategy_returned_none,"{""decision_threshold"": 0.6600000000000001, ""no_trade_band"": 0.0}"
2026-03-18T20:10:40.231396+00:00,LIVE,ema_rsi_trend,EURUSD,calendar_refresh,,events=2506,"{""decision_threshold"": 0.6600000000000001, ""no_trade_band"": 0.0}"
2026-03-18T20:10:41.589088+00:00,LIVE,ema_rsi_trend,EURUSD,eventless_no_decision,,strategy_returned_none,"{""decision_threshold"": 0.6600000000000001, ""no_trade_band"": 0.0}"
2026-03-18T20:11:01.961058+00:00,LIVE,ema_rsi_trend,EURUSD,order_sent_eventless,eventless_1773864661,"side=SELL,confidence=0.8157","{""decision_threshold"": 0.6600000000000001, ""no_trade_band"": 0.0}"
2026-03-18T20:11:22.019101+00:00,LIVE,ema_rsi_trend,EURUSD,eventless_no_decision,,strategy_returned_none,"{""decision_threshold"": 0.6600000000000001, ""no_trade_band"": 0.0}"
2026-03-18T20:11:43.078234+00:00,LIVE,ema_rsi_trend,EURUSD,eventless_no_decision,,strategy_returned_none,"{""decision_threshold"": 0.6600000000000001, ""no_trade_band"": 0.0}"
2026-03-18T20:12:02.905622+00:00,LIVE,ema_rsi_trend,EURUSD,eventless_no_decision,,strategy_returned_none,"{""decision_threshold"": 0.6600000000000001, ""no_trade_band"": 0.0}"
2026-03-18T20:13:35.851900+00:00,LIVE,ema_rsi_trend,EURUSD,calendar_refresh,,events=2506,"{""decision_threshold"": 0.6600000000000001, ""no_trade_band"": 0.0}"
2026-03-18T20:13:37.239932+00:00,LIVE,ema_rsi_trend,EURUSD,eventless_no_decision,,strategy_returned_none,"{""decision_threshold"": 0.6600000000000001, ""no_trade_band"": 0.0}"
2026-03-18T20:13:56.264962+00:00,LIVE,ema_rsi_trend,EURUSD,eventless_no_decision,,strategy_returned_none,"{""decision_threshold"": 0.6600000000000001, ""no_trade_band"": 0.0}"
2026-03-18T20:14:16.288298+00:00,LIVE,ema_rsi_trend,EURUSD,eventless_no_decision,,strategy_returned_none,"{""decision_threshold"": 0.6600000000000001, ""no_trade_band"": 0.0}"
2026-03-18T20:14:45.265012+00:00,LIVE,ema_rsi_trend,EURUSD,order_sent_eventless,eventless_1773864876,"side=SELL,confidence=0.7485","{""decision_threshold"": 0.6600000000000001, ""no_trade_band"": 0.0}"
2026-03-18T20:15:17.374045+00:00,LIVE,ema_rsi_trend,EURUSD,eventless_no_decision,,strategy_returned_none,"{""decision_threshold"": 0.6600000000000001, ""no_trade_band"": 0.0}"
2026-03-18T20:15:54.615809+00:00,LIVE,ema_rsi_trend,EURUSD,calendar_refresh,,events=2506,"{""decision_threshold"": 0.6600000000000001, ""no_trade_band"": 0.0}"
2026-03-18T20:15:56.324094+00:00,LIVE,ema_rsi_trend,EURUSD,order_sent_eventless,eventless_1773864955,"side=SELL,confidence=0.8297","{""decision_threshold"": 0.6600000000000001, ""no_trade_band"": 0.0}"
2026-03-18T20:16:16.708900+00:00,LIVE,ema_rsi_trend,EURUSD,eventless_no_decision,,strategy_returned_none,"{""decision_threshold"": 0.6600000000000001, ""no_trade_band"": 0.0}"
2026-03-18T20:16:36.748408+00:00,LIVE,ema_rsi_trend,EURUSD,eventless_no_decision,,strategy_returned_none,"{""decision_threshold"": 0.6600000000000001, ""no_trade_band"": 0.0}"
2026-03-18T20:16:56.771422+00:00,LIVE,ema_rsi_trend,EURUSD,eventless_no_decision,,strategy_returned_none,"{""decision_threshold"": 0.6600000000000001, ""no_trade_band"": 0.0}"
2026-03-18T20:17:16.809794+00:00,LIVE,ema_rsi_trend,EURUSD,eventless_no_decision,,strategy_returned_none,"{""decision_threshold"": 0.6600000000000001, ""no_trade_band"": 0.0}"
2026-03-18T20:17:56.714097+00:00,LIVE,ema_rsi_trend,EURUSD,calendar_refresh,,events=2506,"{""decision_threshold"": 0.6600000000000001, ""no_trade_band"": 0.0}"
2026-03-18T20:17:56.725106+00:00,LIVE,ema_rsi_trend,EURUSD,eventless_no_decision,,strategy_returned_none,"{""decision_threshold"": 0.6600000000000001, ""no_trade_band"": 0.0}"
2026-03-18T20:17:57.733061+00:00,LIVE,ema_rsi_trend,EURUSD,eventless_no_decision,,strategy_returned_none,"{""decision_threshold"": 0.6600000000000001, ""no_trade_band"": 0.0}"
2026-03-18T20:18:17.755343+00:00,LIVE,ema_rsi_trend,EURUSD,eventless_no_decision,,strategy_returned_none,"{""decision_threshold"": 0.6600000000000001, ""no_trade_band"": 0.0}"
2026-03-18T20:18:38.515168+00:00,LIVE,ema_rsi_trend,EURUSD,order_sent_eventless,eventless_1773865118,"side=BUY,confidence=0.9209","{""decision_threshold"": 0.6600000000000001, ""no_trade_band"": 0.0}"
2026-03-18T20:18:58.951235+00:00,LIVE,ema_rsi_trend,EURUSD,eventless_no_decision,,strategy_returned_none,"{""decision_threshold"": 0.6600000000000001, ""no_trade_band"": 0.0}"
2026-03-18T20:19:19.320096+00:00,LIVE,ema_rsi_trend,EURUSD,order_sent_eventless,eventless_1773865158,"side=BUY,confidence=0.9307","{""decision_threshold"": 0.6600000000000001, ""no_trade_band"": 0.0}"
2026-03-18T20:19:56.812940+00:00,LIVE,ema_rsi_trend,EURUSD,calendar_refresh,,events=2506,"{""decision_threshold"": 0.6600000000000001, ""no_trade_band"": 0.0}"
2026-03-18T20:19:59.206800+00:00,LIVE,ema_rsi_trend,EURUSD,eventless_no_decision,,strategy_returned_none,"{""decision_threshold"": 0.6600000000000001, ""no_trade_band"": 0.0}"
2026-03-18T20:20:18.986902+00:00,LIVE,ema_rsi_trend,EURUSD,eventless_no_decision,,strategy_returned_none,"{""decision_threshold"": 0.6600000000000001, ""no_trade_band"": 0.0}"
2026-03-18T20:20:39.013504+00:00,LIVE,ema_rsi_trend,EURUSD,eventless_no_decision,,strategy_returned_none,"{""decision_threshold"": 0.6600000000000001, ""no_trade_band"": 0.0}"
2026-03-18T20:20:59.037997+00:00,LIVE,ema_rsi_trend,EURUSD,eventless_no_decision,,strategy_returned_none,"{""decision_threshold"": 0.6600000000000001, ""no_trade_band"": 0.0}"
2026-03-18T20:21:20.213257+00:00,LIVE,ema_rsi_trend,EURUSD,order_sent_eventless,eventless_1773865279,"side=BUY,confidence=0.7826","{""decision_threshold"": 0.6600000000000001, ""no_trade_band"": 0.0}"
2026-03-18T20:21:56.997489+00:00,LIVE,ema_rsi_trend,EURUSD,calendar_refresh,,events=2506,"{""decision_threshold"": 0.6600000000000001, ""no_trade_band"": 0.0}"
2026-03-18T20:21:58.010942+00:00,LIVE,ema_rsi_trend,EURUSD,eventless_no_decision,,strategy_returned_none,"{""decision_threshold"": 0.6600000000000001, ""no_trade_band"": 0.0}"
2026-03-18T20:22:18.038881+00:00,LIVE,ema_rsi_trend,EURUSD,eventless_no_decision,,strategy_returned_none,"{""decision_threshold"": 0.6600000000000001, ""no_trade_band"": 0.0}"
2026-03-18T20:22:38.065031+00:00,LIVE,ema_rsi_trend,EURUSD,eventless_no_decision,,strategy_returned_none,"{""decision_threshold"": 0.6600000000000001, ""no_trade_band"": 0.0}"
2026-03-18T20:22:58.090488+00:00,LIVE,ema_rsi_trend,EURUSD,eventless_no_decision,,strategy_returned_none,"{""decision_threshold"": 0.6600000000000001, ""no_trade_band"": 0.0}"
2026-03-18T20:23:18.116846+00:00,LIVE,ema_rsi_trend,EURUSD,eventless_no_decision,,strategy_returned_none,"{""decision_threshold"": 0.6600000000000001, ""no_trade_band"": 0.0}"
2026-03-18T20:23:56.537846+00:00,LIVE,ema_rsi_trend,EURUSD,calendar_refresh,,events=2506,"{""decision_threshold"": 0.6600000000000001, ""no_trade_band"": 0.0}"
2026-03-18T20:23:58.255174+00:00,LIVE,ema_rsi_trend,EURUSD,eventless_no_decision,,strategy_returned_none,"{""decision_threshold"": 0.6600000000000001, ""no_trade_band"": 0.0}"
2026-03-18T20:24:18.797677+00:00,LIVE,ema_rsi_trend,EURUSD,eventless_no_decision,,strategy_returned_none,"{""decision_threshold"": 0.6600000000000001, ""no_trade_band"": 0.0}"
2026-03-18T20:24:39.580968+00:00,LIVE,ema_rsi_trend,EURUSD,eventless_no_decision,,strategy_returned_none,"{""decision_threshold"": 0.6600000000000001, ""no_trade_band"": 0.0}"
2026-03-18T20:24:59.638445+00:00,LIVE,ema_rsi_trend,EURUSD,eventless_no_decision,,strategy_returned_none,"{""decision_threshold"": 0.6600000000000001, ""no_trade_band"": 0.0}"
2026-03-18T20:25:20.012661+00:00,LIVE,ema_rsi_trend,EURUSD,eventless_no_decision,,strategy_returned_none,"{""decision_threshold"": 0.6600000000000001, ""no_trade_band"": 0.0}"
2026-03-18T20:25:59.519998+00:00,LIVE,ema_rsi_trend,EURUSD,calendar_refresh,,events=2506,"{""decision_threshold"": 0.6600000000000001, ""no_trade_band"": 0.0}"
2026-03-18T20:26:00.534017+00:00,LIVE,ema_rsi_trend,EURUSD,eventless_no_decision,,strategy_returned_none,"{""decision_threshold"": 0.6600000000000001, ""no_trade_band"": 0.0}"
2026-03-18T20:26:21.351781+00:00,LIVE,ema_rsi_trend,EURUSD,eventless_no_decision,,strategy_returned_none,"{""decision_threshold"": 0.6600000000000001, ""no_trade_band"": 0.0}"
2026-03-18T20:26:41.378160+00:00,LIVE,ema_rsi_trend,EURUSD,eventless_no_decision,,strategy_returned_none,"{""decision_threshold"": 0.6600000000000001, ""no_trade_band"": 0.0}"
2026-03-18T20:27:01.405330+00:00,LIVE,ema_rsi_trend,EURUSD,eventless_no_decision,,strategy_returned_none,"{""decision_threshold"": 0.6600000000000001, ""no_trade_band"": 0.0}"
2026-03-18T20:27:21.431498+00:00,LIVE,ema_rsi_trend,EURUSD,eventless_no_decision,,strategy_returned_none,"{""decision_threshold"": 0.6600000000000001, ""no_trade_band"": 0.0}"
2026-03-18T20:27:56.597134+00:00,LIVE,ema_rsi_trend,EURUSD,calendar_refresh,,events=2506,"{""decision_threshold"": 0.6600000000000001, ""no_trade_band"": 0.0}"
2026-03-18T20:27:57.609031+00:00,LIVE,ema_rsi_trend,EURUSD,eventless_no_decision,,strategy_returned_none,"{""decision_threshold"": 0.6600000000000001, ""no_trade_band"": 0.0}"
2026-03-18T20:28:51.594147+00:00,LIVE,ema_rsi_trend,EURUSD,calendar_refresh,,events=2506,"{""decision_threshold"": 0.6600000000000001, ""no_trade_band"": 0.0}"
2026-03-18T20:28:51.831368+00:00,LIVE,ema_rsi_trend,EURUSD,eventless_no_decision,,strategy_returned_none,"{""decision_threshold"": 0.6600000000000001, ""no_trade_band"": 0.0}"
2026-03-18T20:29:11.855957+00:00,LIVE,ema_rsi_trend,EURUSD,eventless_no_decision,,strategy_returned_none,"{""decision_threshold"": 0.6600000000000001, ""no_trade_band"": 0.0}"
2026-03-18T20:29:31.881337+00:00,LIVE,ema_rsi_trend,EURUSD,eventless_no_decision,,strategy_returned_none,"{""decision_threshold"": 0.6600000000000001, ""no_trade_band"": 0.0}"
2026-03-18T20:29:51.906297+00:00,LIVE,ema_rsi_trend,EURUSD,eventless_no_decision,,strategy_returned_none,"{""decision_threshold"": 0.6600000000000001, ""no_trade_band"": 0.0}"
2026-03-18T20:30:11.931812+00:00,LIVE,ema_rsi_trend,EURUSD,eventless_no_decision,,strategy_returned_none,"{""decision_threshold"": 0.6600000000000001, ""no_trade_band"": 0.0}"
2026-03-18T20:30:33.047923+00:00,LIVE,ema_rsi_trend,EURUSD,order_sent_eventless,eventless_1773865831,"side=SELL,confidence=0.8414","{""decision_threshold"": 0.6600000000000001, ""no_trade_band"": 0.0}"
2026-03-18T20:31:11.612281+00:00,LIVE,ema_rsi_trend,EURUSD,calendar_refresh,,events=2506,"{""decision_threshold"": 0.6600000000000001, ""no_trade_band"": 0.0}"
2026-03-18T20:31:23.154675+00:00,LIVE,ema_rsi_trend,EURUSD,eventless_no_decision,,strategy_returned_none,"{""decision_threshold"": 0.6600000000000001, ""no_trade_band"": 0.0}"
2026-03-18T20:31:24.510526+00:00,LIVE,ema_rsi_trend,EURUSD,eventless_no_decision,,strategy_returned_none,"{""decision_threshold"": 0.6600000000000001, ""no_trade_band"": 0.0}"
2026-03-18T20:31:44.535823+00:00,LIVE,ema_rsi_trend,EURUSD,eventless_no_decision,,strategy_returned_none,"{""decision_threshold"": 0.6600000000000001, ""no_trade_band"": 0.0}"
2026-03-18T20:32:04.562158+00:00,LIVE,ema_rsi_trend,EURUSD,eventless_no_decision,,strategy_returned_none,"{""decision_threshold"": 0.6600000000000001, ""no_trade_band"": 0.0}"
2026-03-18T20:32:25.239312+00:00,LIVE,ema_rsi_trend,EURUSD,eventless_no_decision,,strategy_returned_none,"{""decision_threshold"": 0.6600000000000001, ""no_trade_band"": 0.0}"
2026-03-18T20:32:45.959880+00:00,LIVE,ema_rsi_trend,EURUSD,order_sent_eventless,eventless_1773865965,"side=BUY,confidence=0.8185","{""decision_threshold"": 0.6600000000000001, ""no_trade_band"": 0.0}"
2026-03-18T20:33:11.737276+00:00,LIVE,ema_rsi_trend,EURUSD,calendar_refresh,,events=2506,"{""decision_threshold"": 0.6600000000000001, ""no_trade_band"": 0.0}"
2026-03-18T20:33:13.754199+00:00,LIVE,ema_rsi_trend,EURUSD,order_sent_eventless,eventless_1773865992,"side=BUY,confidence=0.8858","{""decision_threshold"": 0.6600000000000001, ""no_trade_band"": 0.0}"
2026-03-18T20:33:32.777373+00:00,LIVE,ema_rsi_trend,EURUSD,eventless_no_decision,,strategy_returned_none,"{""decision_threshold"": 0.6600000000000001, ""no_trade_band"": 0.0}"
2026-03-18T20:33:53.150887+00:00,LIVE,ema_rsi_trend,EURUSD,order_sent_eventless,eventless_1773866032,"side=BUY,confidence=0.9030","{""decision_threshold"": 0.6600000000000001, ""no_trade_band"": 0.0}"
2026-03-18T20:34:13.252554+00:00,LIVE,ema_rsi_trend,EURUSD,eventless_no_decision,,strategy_returned_none,"{""decision_threshold"": 0.6600000000000001, ""no_trade_band"": 0.0}"
2026-03-18T20:34:33.282374+00:00,LIVE,ema_rsi_trend,EURUSD,eventless_no_decision,,strategy_returned_none,"{""decision_threshold"": 0.6600000000000001, ""no_trade_band"": 0.0}"
2026-03-18T20:35:19.253096+00:00,LIVE,ema_rsi_trend,EURUSD,calendar_refresh,,events=2148,"{""decision_threshold"": 0.6600000000000001, ""no_trade_band"": 0.0}"
2026-03-18T20:35:19.264251+00:00,LIVE,ema_rsi_trend,EURUSD,eventless_no_decision,,strategy_returned_none,"{""decision_threshold"": 0.6600000000000001, ""no_trade_band"": 0.0}"
2026-03-18T20:35:22.274720+00:00,LIVE,ema_rsi_trend,EURUSD,eventless_no_decision,,strategy_returned_none,"{""decision_threshold"": 0.6600000000000001, ""no_trade_band"": 0.0}"
2026-03-18T20:35:42.648525+00:00,LIVE,ema_rsi_trend,EURUSD,order_sent_eventless,eventless_1773866142,"side=BUY,confidence=0.8529","{""decision_threshold"": 0.6600000000000001, ""no_trade_band"": 0.0}"
2026-03-18T20:36:03.024140+00:00,LIVE,ema_rsi_trend,EURUSD,eventless_no_decision,,strategy_returned_none,"{""decision_threshold"": 0.6600000000000001, ""no_trade_band"": 0.0}"
2026-03-18T20:36:24.401972+00:00,LIVE,ema_rsi_trend,EURUSD,eventless_no_decision,,strategy_returned_none,"{""decision_threshold"": 0.6600000000000001, ""no_trade_band"": 0.0}"
2026-03-18T20:36:44.648818+00:00,LIVE,ema_rsi_trend,EURUSD,eventless_no_decision,,strategy_returned_none,"{""decision_threshold"": 0.6600000000000001, ""no_trade_band"": 0.0}"
2026-03-18T20:37:21.632255+00:00,LIVE,ema_rsi_trend,EURUSD,calendar_refresh,,events=2506,"{""decision_threshold"": 0.6600000000000001, ""no_trade_band"": 0.0}"
2026-03-18T20:37:23.246145+00:00,LIVE,ema_rsi_trend,EURUSD,order_sent_eventless,eventless_1773866242,"side=BUY,confidence=0.7923","{""decision_threshold"": 0.6600000000000001, ""no_trade_band"": 0.0}"
2026-03-18T20:37:43.276302+00:00,LIVE,ema_rsi_trend,EURUSD,eventless_no_decision,,strategy_returned_none,"{""decision_threshold"": 0.6600000000000001, ""no_trade_band"": 0.0}"
2026-03-18T20:38:04.092136+00:00,LIVE,ema_rsi_trend,EURUSD,eventless_no_decision,,strategy_returned_none,"{""decision_threshold"": 0.6600000000000001, ""no_trade_band"": 0.0}"
2026-03-18T20:38:38.010847+00:00,LIVE,ema_rsi_trend,EURUSD,eventless_no_decision,,strategy_returned_none,"{""decision_threshold"": 0.6600000000000001, ""no_trade_band"": 0.0}"
2026-03-18T20:39:06.934740+00:00,LIVE,ema_rsi_trend,EURUSD,order_sent_eventless,eventless_1773866336,"side=BUY,confidence=0.8292","{""decision_threshold"": 0.6600000000000001, ""no_trade_band"": 0.0}"
2026-03-18T20:39:26.735642+00:00,LIVE,ema_rsi_trend,EURUSD,calendar_refresh,,events=2506,"{""decision_threshold"": 0.6600000000000001, ""no_trade_band"": 0.0}"
2026-03-18T20:39:27.744953+00:00,LIVE,ema_rsi_trend,EURUSD,eventless_no_decision,,strategy_returned_none,"{""decision_threshold"": 0.6600000000000001, ""no_trade_band"": 0.0}"
2026-03-18T20:39:52.695093+00:00,LIVE,ema_rsi_trend,EURUSD,order_sent_eventless,eventless_1773866387,"side=BUY,confidence=0.7694","{""decision_threshold"": 0.6600000000000001, ""no_trade_band"": 0.0}"
2026-03-18T20:40:09.172965+00:00,LIVE,ema_rsi_trend,EURUSD,order_sent_eventless,eventless_1773866408,"side=SELL,confidence=0.9211","{""decision_threshold"": 0.6600000000000001, ""no_trade_band"": 0.0}"
2026-03-18T20:40:28.891654+00:00,LIVE,ema_rsi_trend,EURUSD,eventless_no_decision,,strategy_returned_none,"{""decision_threshold"": 0.6600000000000001, ""no_trade_band"": 0.0}"
2026-03-18T20:40:48.919718+00:00,LIVE,ema_rsi_trend,EURUSD,eventless_no_decision,,strategy_returned_none,"{""decision_threshold"": 0.6600000000000001, ""no_trade_band"": 0.0}"
2026-03-18T20:41:27.538950+00:00,LIVE,ema_rsi_trend,EURUSD,calendar_refresh,,events=2506,"{""decision_threshold"": 0.6600000000000001, ""no_trade_band"": 0.0}"
2026-03-18T20:41:27.551432+00:00,LIVE,ema_rsi_trend,EURUSD,eventless_no_decision,,strategy_returned_none,"{""decision_threshold"": 0.6600000000000001, ""no_trade_band"": 0.0}"
2026-03-18T20:41:29.561698+00:00,LIVE,ema_rsi_trend,EURUSD,eventless_no_decision,,strategy_returned_none,"{""decision_threshold"": 0.6600000000000001, ""no_trade_band"": 0.0}"
2026-03-18T20:41:49.589899+00:00,LIVE,ema_rsi_trend,EURUSD,eventless_no_decision,,strategy_returned_none,"{""decision_threshold"": 0.6600000000000001, ""no_trade_band"": 0.0}"
2026-03-18T20:42:09.965057+00:00,LIVE,ema_rsi_trend,EURUSD,order_sent_eventless,eventless_1773866529,"side=SELL,confidence=0.9400","{""decision_threshold"": 0.6600000000000001, ""no_trade_band"": 0.0}"
2026-03-18T20:42:30.416842+00:00,LIVE,ema_rsi_trend,EURUSD,eventless_no_decision,,strategy_returned_none,"{""decision_threshold"": 0.6600000000000001, ""no_trade_band"": 0.0}"
2026-03-18T20:42:50.868677+00:00,LIVE,ema_rsi_trend,EURUSD,eventless_no_decision,,strategy_returned_none,"{""decision_threshold"": 0.6600000000000001, ""no_trade_band"": 0.0}"
2026-03-18T20:43:28.087000+00:00,LIVE,ema_rsi_trend,EURUSD,calendar_refresh,,events=2506,"{""decision_threshold"": 0.6600000000000001, ""no_trade_band"": 0.0}"
2026-03-18T20:43:34.964475+00:00,LIVE,ema_rsi_trend,EURUSD,eventless_no_decision,,strategy_returned_none,"{""decision_threshold"": 0.6600000000000001, ""no_trade_band"": 0.0}"
2026-03-18T20:43:54.991562+00:00,LIVE,ema_rsi_trend,EURUSD,eventless_no_decision,,strategy_returned_none,"{""decision_threshold"": 0.6600000000000001, ""no_trade_band"": 0.0}"
2026-03-18T20:44:17.422369+00:00,LIVE,ema_rsi_trend,EURUSD,order_sent_eventless,eventless_1773866655,"side=BUY,confidence=0.8668","{""decision_threshold"": 0.6600000000000001, ""no_trade_band"": 0.0}"
2026-03-18T20:44:35.797044+00:00,LIVE,ema_rsi_trend,EURUSD,order_sent_eventless,eventless_1773866675,"side=BUY,confidence=0.9203","{""decision_threshold"": 0.6600000000000001, ""no_trade_band"": 0.0}"
2026-03-18T20:45:02.351802+00:00,LIVE,ema_rsi_trend,EURUSD,eventless_no_decision,,strategy_returned_none,"{""decision_threshold"": 0.6600000000000001, ""no_trade_band"": 0.0}"
2026-03-18T20:45:29.206608+00:00,LIVE,ema_rsi_trend,EURUSD,calendar_refresh,,events=2506,"{""decision_threshold"": 0.6600000000000001, ""no_trade_band"": 0.0}"
2026-03-18T20:45:30.635644+00:00,LIVE,ema_rsi_trend,EURUSD,order_sent_eventless,eventless_1773866730,"side=BUY,confidence=0.8862","{""decision_threshold"": 0.6600000000000001, ""no_trade_band"": 0.0}"
2026-03-18T20:45:50.662324+00:00,LIVE,ema_rsi_trend,EURUSD,eventless_no_decision,,strategy_returned_none,"{""decision_threshold"": 0.6600000000000001, ""no_trade_band"": 0.0}"
2026-03-18T20:46:18.320767+00:00,LIVE,ema_rsi_trend,EURUSD,eventless_no_decision,,strategy_returned_none,"{""decision_threshold"": 0.6600000000000001, ""no_trade_band"": 0.0}"
2026-03-18T20:46:35.349212+00:00,LIVE,ema_rsi_trend,EURUSD,eventless_no_decision,,strategy_returned_none,"{""decision_threshold"": 0.6600000000000001, ""no_trade_band"": 0.0}"
2026-03-18T20:46:55.725686+00:00,LIVE,ema_rsi_trend,EURUSD,order_sent_eventless,eventless_1773866815,"side=BUY,confidence=0.7962","{""decision_threshold"": 0.6600000000000001, ""no_trade_band"": 0.0}"
2026-03-18T20:47:30.453835+00:00,LIVE,ema_rsi_trend,EURUSD,calendar_refresh,,events=2506,"{""decision_threshold"": 0.6600000000000001, ""no_trade_band"": 0.0}"
2026-03-18T20:47:31.467734+00:00,LIVE,ema_rsi_trend,EURUSD,eventless_no_decision,,strategy_returned_none,"{""decision_threshold"": 0.6600000000000001, ""no_trade_band"": 0.0}"
2026-03-18T20:47:51.497262+00:00,LIVE,ema_rsi_trend,EURUSD,eventless_no_decision,,strategy_returned_none,"{""decision_threshold"": 0.6600000000000001, ""no_trade_band"": 0.0}"
2026-03-18T20:48:11.524993+00:00,LIVE,ema_rsi_trend,EURUSD,eventless_no_decision,,strategy_returned_none,"{""decision_threshold"": 0.6600000000000001, ""no_trade_band"": 0.0}"
2026-03-18T20:48:31.553231+00:00,LIVE,ema_rsi_trend,EURUSD,eventless_no_decision,,strategy_returned_none,"{""decision_threshold"": 0.6600000000000001, ""no_trade_band"": 0.0}"
2026-03-18T20:48:51.583115+00:00,LIVE,ema_rsi_trend,EURUSD,eventless_no_decision,,strategy_returned_none,"{""decision_threshold"": 0.6600000000000001, ""no_trade_band"": 0.0}"
2026-03-18T20:49:11.610801+00:00,LIVE,ema_rsi_trend,EURUSD,eventless_no_decision,,strategy_returned_none,"{""decision_threshold"": 0.6600000000000001, ""no_trade_band"": 0.0}"
2026-03-18T20:49:31.078417+00:00,LIVE,ema_rsi_trend,EURUSD,calendar_refresh,,events=2506,"{""decision_threshold"": 0.6600000000000001, ""no_trade_band"": 0.0}"
2026-03-18T20:49:53.957247+00:00,LIVE,ema_rsi_trend,EURUSD,order_sent_eventless,eventless_1773866972,"side=SELL,confidence=0.9391","{""decision_threshold"": 0.6600000000000001, ""no_trade_band"": 0.0}"
2026-03-18T20:50:10.955339+00:00,LIVE,ema_rsi_trend,EURUSD,order_sent_eventless,eventless_1773866994,"side=SELL,confidence=0.8089","{""decision_threshold"": 0.6600000000000001, ""no_trade_band"": 0.0}"
2026-03-18T20:50:15.969327+00:00,LIVE,ema_rsi_trend,EURUSD,eventless_no_decision,,strategy_returned_none,"{""decision_threshold"": 0.6600000000000001, ""no_trade_band"": 0.0}"
2026-03-18T20:50:37.791689+00:00,LIVE,ema_rsi_trend,EURUSD,eventless_no_decision,,strategy_returned_none,"{""decision_threshold"": 0.6600000000000001, ""no_trade_band"": 0.0}"
2026-03-18T20:50:57.821316+00:00,LIVE,ema_rsi_trend,EURUSD,eventless_no_decision,,strategy_returned_none,"{""decision_threshold"": 0.6600000000000001, ""no_trade_band"": 0.0}"
2026-03-18T20:51:31.331113+00:00,LIVE,ema_rsi_trend,EURUSD,calendar_refresh,,events=2506,"{""decision_threshold"": 0.6600000000000001, ""no_trade_band"": 0.0}"
2026-03-18T20:51:32.342110+00:00,LIVE,ema_rsi_trend,EURUSD,eventless_no_decision,,strategy_returned_none,"{""decision_threshold"": 0.6600000000000001, ""no_trade_band"": 0.0}"
2026-03-18T20:51:52.370584+00:00,LIVE,ema_rsi_trend,EURUSD,eventless_no_decision,,strategy_returned_none,"{""decision_threshold"": 0.6600000000000001, ""no_trade_band"": 0.0}"
2026-03-18T20:52:12.399547+00:00,LIVE,ema_rsi_trend,EURUSD,eventless_no_decision,,strategy_returned_none,"{""decision_threshold"": 0.6600000000000001, ""no_trade_band"": 0.0}"
2026-03-18T20:52:32.423164+00:00,LIVE,ema_rsi_trend,EURUSD,eventless_no_decision,,strategy_returned_none,"{""decision_threshold"": 0.6600000000000001, ""no_trade_band"": 0.0}"
2026-03-18T20:53:09.180229+00:00,LIVE,ema_rsi_trend,EURUSD,eventless_no_decision,,strategy_returned_none,"{""decision_threshold"": 0.6600000000000001, ""no_trade_band"": 0.0}"
2026-03-18T20:53:31.382072+00:00,LIVE,ema_rsi_trend,EURUSD,calendar_refresh,,events=2506,"{""decision_threshold"": 0.6600000000000001, ""no_trade_band"": 0.0}"
2026-03-18T20:53:45.707219+00:00,LIVE,ema_rsi_trend,EURUSD,eventless_no_decision,,strategy_returned_none,"{""decision_threshold"": 0.6600000000000001, ""no_trade_band"": 0.0}"
2026-03-18T20:54:34.991211+00:00,LIVE,ema_rsi_trend,EURUSD,order_sent_eventless,eventless_1773867267,"side=BUY,confidence=0.8136","{""decision_threshold"": 0.6600000000000001, ""no_trade_band"": 0.0}"
2026-03-18T20:54:49.888804+00:00,LIVE,ema_rsi_trend,EURUSD,order_sent_eventless,eventless_1773867288,"side=BUY,confidence=0.9021","{""decision_threshold"": 0.6600000000000001, ""no_trade_band"": 0.0}"
2026-03-18T20:55:09.263574+00:00,LIVE,ema_rsi_trend,EURUSD,order_sent_eventless,eventless_1773867308,"side=BUY,confidence=0.8809","{""decision_threshold"": 0.6600000000000001, ""no_trade_band"": 0.0}"
2026-03-18T20:55:31.279177+00:00,LIVE,ema_rsi_trend,EURUSD,calendar_refresh,,events=2506,"{""decision_threshold"": 0.6600000000000001, ""no_trade_band"": 0.0}"
2026-03-18T20:55:32.290898+00:00,LIVE,ema_rsi_trend,EURUSD,eventless_no_decision,,strategy_returned_none,"{""decision_threshold"": 0.6600000000000001, ""no_trade_band"": 0.0}"
2026-03-18T20:56:17.428775+00:00,LIVE,ema_rsi_trend,EURUSD,eventless_no_decision,,strategy_returned_none,"{""decision_threshold"": 0.6600000000000001, ""no_trade_band"": 0.0}"
2026-03-18T20:56:36.784123+00:00,LIVE,ema_rsi_trend,EURUSD,eventless_no_decision,,strategy_returned_none,"{""decision_threshold"": 0.6600000000000001, ""no_trade_band"": 0.0}"
2026-03-18T20:57:04.342098+00:00,LIVE,ema_rsi_trend,EURUSD,eventless_no_decision,,strategy_returned_none,"{""decision_threshold"": 0.6600000000000001, ""no_trade_band"": 0.0}"
2026-03-18T20:57:33.560319+00:00,LIVE,ema_rsi_trend,EURUSD,calendar_refresh,,events=2506,"{""decision_threshold"": 0.6600000000000001, ""no_trade_band"": 0.0}"
2026-03-18T20:58:15.584329+00:00,LIVE,ema_rsi_trend,EURUSD,eventless_no_decision,,strategy_returned_none,"{""decision_threshold"": 0.6600000000000001, ""no_trade_band"": 0.0}"
2026-03-18T20:58:16.595723+00:00,LIVE,ema_rsi_trend,EURUSD,eventless_no_decision,,strategy_returned_none,"{""decision_threshold"": 0.6600000000000001, ""no_trade_band"": 0.0}"
2026-03-18T20:58:57.088485+00:00,LIVE,ema_rsi_trend,EURUSD,order_sent_eventless,eventless_1773867516,"side=BUY,confidence=0.7903","{""decision_threshold"": 0.6600000000000001, ""no_trade_band"": 0.0}"
2026-03-18T20:58:58.101206+00:00,LIVE,ema_rsi_trend,EURUSD,skip_max_open_positions,eventless_1773867538,open_positions=20,"{""decision_threshold"": 0.6600000000000001, ""no_trade_band"": 0.0}"
2026-03-18T20:59:34.540312+00:00,LIVE,ema_rsi_trend,EURUSD,calendar_refresh,,events=2506,"{""decision_threshold"": 0.6600000000000001, ""no_trade_band"": 0.0}"
2026-03-18T20:59:35.551112+00:00,LIVE,ema_rsi_trend,EURUSD,eventless_no_decision,,strategy_returned_none,"{""decision_threshold"": 0.6600000000000001, ""no_trade_band"": 0.0}"
2026-03-18T20:59:55.581453+00:00,LIVE,ema_rsi_trend,EURUSD,eventless_no_decision,,strategy_returned_none,"{""decision_threshold"": 0.6600000000000001, ""no_trade_band"": 0.0}"
2026-03-18T21:00:15.612237+00:00,LIVE,ema_rsi_trend,EURUSD,skip_max_open_positions,eventless_1773867615,open_positions=20,"{""decision_threshold"": 0.6600000000000001, ""no_trade_band"": 0.0}"
2026-03-18T21:00:35.642329+00:00,LIVE,ema_rsi_trend,EURUSD,eventless_no_decision,,strategy_returned_none,"{""decision_threshold"": 0.6600000000000001, ""no_trade_band"": 0.0}"
2026-03-18T21:00:55.887861+00:00,LIVE,ema_rsi_trend,EURUSD,eventless_no_decision,,strategy_returned_none,"{""decision_threshold"": 0.6600000000000001, ""no_trade_band"": 0.0}"
2026-03-18T21:01:15.913745+00:00,LIVE,ema_rsi_trend,EURUSD,skip_max_open_positions,eventless_1773867675,open_positions=20,"{""decision_threshold"": 0.6600000000000001, ""no_trade_band"": 0.0}"
2026-03-18T21:01:34.910805+00:00,LIVE,ema_rsi_trend,EURUSD,calendar_refresh,,events=2506,"{""decision_threshold"": 0.6600000000000001, ""no_trade_band"": 0.0}"
2026-03-18T21:01:35.921540+00:00,LIVE,ema_rsi_trend,EURUSD,skip_max_open_positions,eventless_1773867695,open_positions=20,"{""decision_threshold"": 0.6600000000000001, ""no_trade_band"": 0.0}"
2026-03-18T21:01:55.948319+00:00,LIVE,ema_rsi_trend,EURUSD,eventless_no_decision,,strategy_returned_none,"{""decision_threshold"": 0.6600000000000001, ""no_trade_band"": 0.0}"
2026-03-18T21:02:15.978624+00:00,LIVE,ema_rsi_trend,EURUSD,eventless_no_decision,,strategy_returned_none,"{""decision_threshold"": 0.6600000000000001, ""no_trade_band"": 0.0}"
2026-03-18T21:02:36.008023+00:00,LIVE,ema_rsi_trend,EURUSD,eventless_no_decision,,strategy_returned_none,"{""decision_threshold"": 0.6600000000000001, ""no_trade_band"": 0.0}"
2026-03-18T21:02:56.038700+00:00,LIVE,ema_rsi_trend,EURUSD,eventless_no_decision,,strategy_returned_none,"{""decision_threshold"": 0.6600000000000001, ""no_trade_band"": 0.0}"
2026-03-18T21:03:16.067757+00:00,LIVE,ema_rsi_trend,EURUSD,eventless_no_decision,,strategy_returned_none,"{""decision_threshold"": 0.6600000000000001, ""no_trade_band"": 0.0}"
2026-03-18T21:03:35.636087+00:00,LIVE,ema_rsi_trend,EURUSD,calendar_refresh,,events=2506,"{""decision_threshold"": 0.6600000000000001, ""no_trade_band"": 0.0}"
2026-03-18T21:03:36.648358+00:00,LIVE,ema_rsi_trend,EURUSD,skip_max_open_positions,eventless_1773867816,open_positions=20,"{""decision_threshold"": 0.6600000000000001, ""no_trade_band"": 0.0}"
2026-03-18T21:03:56.675997+00:00,LIVE,ema_rsi_trend,EURUSD,skip_max_open_positions,eventless_1773867836,open_positions=20,"{""decision_threshold"": 0.6600000000000001, ""no_trade_band"": 0.0}"
2026-03-18T21:04:16.707237+00:00,LIVE,ema_rsi_trend,EURUSD,eventless_no_decision,,strategy_returned_none,"{""decision_threshold"": 0.6600000000000001, ""no_trade_band"": 0.0}"
2026-03-18T21:04:36.737672+00:00,LIVE,ema_rsi_trend,EURUSD,skip_max_open_positions,eventless_1773867876,open_positions=20,"{""decision_threshold"": 0.6600000000000001, ""no_trade_band"": 0.0}"
2026-03-18T21:04:56.766422+00:00,LIVE,ema_rsi_trend,EURUSD,eventless_no_decision,,strategy_returned_none,"{""decision_threshold"": 0.6600000000000001, ""no_trade_band"": 0.0}"
2026-03-18T21:05:35.034092+00:00,LIVE,ema_rsi_trend,EURUSD,calendar_refresh,,events=2506,"{""decision_threshold"": 0.6600000000000001, ""no_trade_band"": 0.0}"
2026-03-18T21:05:35.045272+00:00,LIVE,ema_rsi_trend,EURUSD,eventless_no_decision,,strategy_returned_none,"{""decision_threshold"": 0.6600000000000001, ""no_trade_band"": 0.0}"
2026-03-18T21:05:38.056817+00:00,LIVE,ema_rsi_trend,EURUSD,eventless_no_decision,,strategy_returned_none,"{""decision_threshold"": 0.6600000000000001, ""no_trade_band"": 0.0}"
2026-03-18T21:05:58.086208+00:00,LIVE,ema_rsi_trend,EURUSD,eventless_no_decision,,strategy_returned_none,"{""decision_threshold"": 0.6600000000000001, ""no_trade_band"": 0.0}"
2026-03-18T21:06:18.115334+00:00,LIVE,ema_rsi_trend,EURUSD,eventless_no_decision,,strategy_returned_none,"{""decision_threshold"": 0.6600000000000001, ""no_trade_band"": 0.0}"
2026-03-18T21:06:38.680054+00:00,LIVE,ema_rsi_trend,EURUSD,eventless_no_decision,,strategy_returned_none,"{""decision_threshold"": 0.6600000000000001, ""no_trade_band"": 0.0}"
2026-03-18T21:06:58.718770+00:00,LIVE,ema_rsi_trend,EURUSD,eventless_no_decision,,strategy_returned_none,"{""decision_threshold"": 0.6600000000000001, ""no_trade_band"": 0.0}"
2026-03-18T21:07:46.000606+00:00,LIVE,ema_rsi_trend,EURUSD,calendar_refresh,,events=2506,"{""decision_threshold"": 0.6600000000000001, ""no_trade_band"": 0.0}"
2026-03-18T21:07:53.344780+00:00,LIVE,ema_rsi_trend,EURUSD,order_sent_eventless,eventless_1773868048,"side=SELL,confidence=0.8706","{""decision_threshold"": 0.6600000000000001, ""no_trade_band"": 0.0}"
2026-03-18T21:07:54.355005+00:00,LIVE,ema_rsi_trend,EURUSD,eventless_no_decision,,strategy_returned_none,"{""decision_threshold"": 0.6600000000000001, ""no_trade_band"": 0.0}"
2026-03-18T21:08:31.572288+00:00,LIVE,ema_rsi_trend,EURUSD,order_sent_eventless,eventless_1773868094,"side=SELL,confidence=0.8907","{""decision_threshold"": 0.6600000000000001, ""no_trade_band"": 0.0}"
2026-03-18T21:08:35.177208+00:00,LIVE,ema_rsi_trend,EURUSD,order_sent_eventless,eventless_1773868114,"side=SELL,confidence=0.8731","{""decision_threshold"": 0.6600000000000001, ""no_trade_band"": 0.0}"
2026-03-18T21:08:55.206389+00:00,LIVE,ema_rsi_trend,EURUSD,eventless_no_decision,,strategy_returned_none,"{""decision_threshold"": 0.6600000000000001, ""no_trade_band"": 0.0}"
2026-03-18T21:09:15.233756+00:00,LIVE,ema_rsi_trend,EURUSD,eventless_no_decision,,strategy_returned_none,"{""decision_threshold"": 0.6600000000000001, ""no_trade_band"": 0.0}"
2026-03-18T21:09:47.770972+00:00,LIVE,ema_rsi_trend,EURUSD,calendar_refresh,,events=2506,"{""decision_threshold"": 0.6600000000000001, ""no_trade_band"": 0.0}"
2026-03-18T21:09:49.128472+00:00,LIVE,ema_rsi_trend,EURUSD,order_sent_eventless,eventless_1773868188,"side=SELL,confidence=0.9025","{""decision_threshold"": 0.6600000000000001, ""no_trade_band"": 0.0}"
2026-03-18T21:10:09.156145+00:00,LIVE,ema_rsi_trend,EURUSD,eventless_no_decision,,strategy_returned_none,"{""decision_threshold"": 0.6600000000000001, ""no_trade_band"": 0.0}"
2026-03-18T21:10:29.186862+00:00,LIVE,ema_rsi_trend,EURUSD,eventless_no_decision,,strategy_returned_none,"{""decision_threshold"": 0.6600000000000001, ""no_trade_band"": 0.0}"
2026-03-18T21:10:49.214696+00:00,LIVE,ema_rsi_trend,EURUSD,eventless_no_decision,,strategy_returned_none,"{""decision_threshold"": 0.6600000000000001, ""no_trade_band"": 0.0}"
2026-03-18T21:11:09.696013+00:00,LIVE,ema_rsi_trend,EURUSD,order_sent_eventless,eventless_1773868269,"side=BUY,confidence=0.8847","{""decision_threshold"": 0.6600000000000001, ""no_trade_band"": 0.0}"
2026-03-18T21:11:48.208693+00:00,LIVE,ema_rsi_trend,EURUSD,calendar_refresh,,events=2506,"{""decision_threshold"": 0.6600000000000001, ""no_trade_band"": 0.0}"
2026-03-18T21:11:48.220612+00:00,LIVE,ema_rsi_trend,EURUSD,skip_max_open_positions,eventless_1773868289,open_positions=20,"{""decision_threshold"": 0.6600000000000001, ""no_trade_band"": 0.0}"
2026-03-18T21:11:50.230758+00:00,LIVE,ema_rsi_trend,EURUSD,eventless_no_decision,,strategy_returned_none,"{""decision_threshold"": 0.6600000000000001, ""no_trade_band"": 0.0}"
2026-03-18T21:12:10.779389+00:00,LIVE,ema_rsi_trend,EURUSD,skip_max_open_positions,eventless_1773868330,open_positions=20,"{""decision_threshold"": 0.6600000000000001, ""no_trade_band"": 0.0}"
2026-03-18T21:12:30.807102+00:00,LIVE,ema_rsi_trend,EURUSD,eventless_no_decision,,strategy_returned_none,"{""decision_threshold"": 0.6600000000000001, ""no_trade_band"": 0.0}"
2026-03-18T21:12:51.099677+00:00,LIVE,ema_rsi_trend,EURUSD,skip_max_open_positions,eventless_1773868371,open_positions=20,"{""decision_threshold"": 0.6600000000000001, ""no_trade_band"": 0.0}"
2026-03-18T21:13:11.128530+00:00,LIVE,ema_rsi_trend,EURUSD,eventless_no_decision,,strategy_returned_none,"{""decision_threshold"": 0.6600000000000001, ""no_trade_band"": 0.0}"
2026-03-18T21:13:48.159391+00:00,LIVE,ema_rsi_trend,EURUSD,calendar_refresh,,events=2506,"{""decision_threshold"": 0.6600000000000001, ""no_trade_band"": 0.0}"
2026-03-18T21:13:50.556419+00:00,LIVE,ema_rsi_trend,EURUSD,eventless_no_decision,,strategy_returned_none,"{""decision_threshold"": 0.6600000000000001, ""no_trade_band"": 0.0}"
2026-03-18T21:14:10.587551+00:00,LIVE,ema_rsi_trend,EURUSD,eventless_no_decision,,strategy_returned_none,"{""decision_threshold"": 0.6600000000000001, ""no_trade_band"": 0.0}"
2026-03-18T21:14:31.276763+00:00,LIVE,ema_rsi_trend,EURUSD,skip_max_open_positions,eventless_1773868471,open_positions=20,"{""decision_threshold"": 0.6600000000000001, ""no_trade_band"": 0.0}"
2026-03-18T21:15:40.158848+00:00,LIVE,ema_rsi_trend,EURUSD,eventless_no_decision,,strategy_returned_none,"{""decision_threshold"": 0.6600000000000001, ""no_trade_band"": 0.0}"
2026-03-18T21:15:59.486772+00:00,LIVE,ema_rsi_trend,EURUSD,calendar_refresh,,events=2506,"{""decision_threshold"": 0.6600000000000001, ""no_trade_band"": 0.0}"
2026-03-18T23:38:31.532668+00:00,LIVE,ema_rsi_trend,EURUSD,calendar_refresh,,events=2506,"{""decision_threshold"": 0.6600000000000001, ""no_trade_band"": 0.0}"
2026-03-18T23:38:32.232692+00:00,LIVE,ema_rsi_trend,EURUSD,order_sent_eventless,eventless_1773877111,"side=BUY,confidence=0.8894","{""decision_threshold"": 0.6600000000000001, ""no_trade_band"": 0.0}"
2026-03-18T23:38:51.949898+00:00,LIVE,ema_rsi_trend,EURUSD,order_sent_eventless,eventless_1773877131,"side=BUY,confidence=0.9077","{""decision_threshold"": 0.6600000000000001, ""no_trade_band"": 0.0}"
2026-03-18T23:39:11.661256+00:00,LIVE,ema_rsi_trend,EURUSD,eventless_no_decision,,strategy_returned_none,"{""decision_threshold"": 0.6600000000000001, ""no_trade_band"": 0.0}"
2026-03-18T23:39:32.375259+00:00,LIVE,ema_rsi_trend,EURUSD,eventless_no_decision,,strategy_returned_none,"{""decision_threshold"": 0.6600000000000001, ""no_trade_band"": 0.0}"
2026-03-18T23:39:52.402330+00:00,LIVE,ema_rsi_trend,EURUSD,eventless_no_decision,,strategy_returned_none,"{""decision_threshold"": 0.6600000000000001, ""no_trade_band"": 0.0}"
2026-03-18T23:40:13.276272+00:00,LIVE,ema_rsi_trend,EURUSD,order_sent_eventless,eventless_1773877212,"side=BUY,confidence=0.8646","{""decision_threshold"": 0.6600000000000001, ""no_trade_band"": 0.0}"
2026-03-18T23:40:50.349339+00:00,LIVE,ema_rsi_trend,EURUSD,calendar_refresh,,events=2506,"{""decision_threshold"": 0.6600000000000001, ""no_trade_band"": 0.0}"
2026-03-18T23:40:51.360295+00:00,LIVE,ema_rsi_trend,EURUSD,eventless_no_decision,,strategy_returned_none,"{""decision_threshold"": 0.6600000000000001, ""no_trade_band"": 0.0}"
2026-03-18T23:41:11.384617+00:00,LIVE,ema_rsi_trend,EURUSD,eventless_no_decision,,strategy_returned_none,"{""decision_threshold"": 0.6600000000000001, ""no_trade_band"": 0.0}"
2026-03-18T23:41:31.567540+00:00,LIVE,ema_rsi_trend,EURUSD,eventless_no_decision,,strategy_returned_none,"{""decision_threshold"": 0.6600000000000001, ""no_trade_band"": 0.0}"
2026-03-18T23:41:52.658392+00:00,LIVE,ema_rsi_trend,EURUSD,eventless_no_decision,,strategy_returned_none,"{""decision_threshold"": 0.6600000000000001, ""no_trade_band"": 0.0}"
2026-03-18T23:42:14.776520+00:00,LIVE,ema_rsi_trend,EURUSD,order_sent_eventless,eventless_1773877332,"side=BUY,confidence=0.7886","{""decision_threshold"": 0.6600000000000001, ""no_trade_band"": 0.0}"
2026-03-18T23:42:52.557069+00:00,LIVE,ema_rsi_trend,EURUSD,calendar_refresh,,events=2506,"{""decision_threshold"": 0.6600000000000001, ""no_trade_band"": 0.0}"
2026-03-18T23:42:54.285407+00:00,LIVE,ema_rsi_trend,EURUSD,order_sent_eventless,eventless_1773877353,"side=BUY,confidence=0.8885","{""decision_threshold"": 0.6600000000000001, ""no_trade_band"": 0.0}"
2026-03-18T23:42:55.638259+00:00,LIVE,ema_rsi_trend,EURUSD,order_sent_eventless,eventless_1773877375,"side=BUY,confidence=0.8885","{""decision_threshold"": 0.6600000000000001, ""no_trade_band"": 0.0}"
2026-03-18T23:43:15.664664+00:00,LIVE,ema_rsi_trend,EURUSD,eventless_no_decision,,strategy_returned_none,"{""decision_threshold"": 0.6600000000000001, ""no_trade_band"": 0.0}"
2026-03-18T23:43:35.691523+00:00,LIVE,ema_rsi_trend,EURUSD,eventless_no_decision,,strategy_returned_none,"{""decision_threshold"": 0.6600000000000001, ""no_trade_band"": 0.0}"
2026-03-18T23:43:55.718290+00:00,LIVE,ema_rsi_trend,EURUSD,eventless_no_decision,,strategy_returned_none,"{""decision_threshold"": 0.6600000000000001, ""no_trade_band"": 0.0}"
2026-03-18T23:44:15.746653+00:00,LIVE,ema_rsi_trend,EURUSD,eventless_no_decision,,strategy_returned_none,"{""decision_threshold"": 0.6600000000000001, ""no_trade_band"": 0.0}"
2026-03-18T23:44:52.259533+00:00,LIVE,ema_rsi_trend,EURUSD,calendar_refresh,,events=2506,"{""decision_threshold"": 0.6600000000000001, ""no_trade_band"": 0.0}"
2026-03-18T23:44:53.269729+00:00,LIVE,ema_rsi_trend,EURUSD,eventless_no_decision,,strategy_returned_none,"{""decision_threshold"": 0.6600000000000001, ""no_trade_band"": 0.0}"
2026-03-18T23:45:13.297451+00:00,LIVE,ema_rsi_trend,EURUSD,eventless_no_decision,,strategy_returned_none,"{""decision_threshold"": 0.6600000000000001, ""no_trade_band"": 0.0}"
2026-03-18T23:45:33.324868+00:00,LIVE,ema_rsi_trend,EURUSD,eventless_no_decision,,strategy_returned_none,"{""decision_threshold"": 0.6600000000000001, ""no_trade_band"": 0.0}"
2026-03-18T23:45:53.350045+00:00,LIVE,ema_rsi_trend,EURUSD,eventless_no_decision,,strategy_returned_none,"{""decision_threshold"": 0.6600000000000001, ""no_trade_band"": 0.0}"
2026-03-18T23:46:13.747820+00:00,LIVE,ema_rsi_trend,EURUSD,order_sent_eventless,eventless_1773877573,"side=BUY,confidence=0.9012","{""decision_threshold"": 0.6600000000000001, ""no_trade_band"": 0.0}"
2026-03-18T23:46:53.553252+00:00,LIVE,ema_rsi_trend,EURUSD,calendar_refresh,,events=2506,"{""decision_threshold"": 0.6600000000000001, ""no_trade_band"": 0.0}"
2026-03-18T23:47:03.759216+00:00,LIVE,ema_rsi_trend,EURUSD,eventless_no_decision,,strategy_returned_none,"{""decision_threshold"": 0.6600000000000001, ""no_trade_band"": 0.0}"
2026-03-18T23:47:05.113736+00:00,LIVE,ema_rsi_trend,EURUSD,eventless_no_decision,,strategy_returned_none,"{""decision_threshold"": 0.6600000000000001, ""no_trade_band"": 0.0}"
2026-03-18T23:47:25.136727+00:00,LIVE,ema_rsi_trend,EURUSD,eventless_no_decision,,strategy_returned_none,"{""decision_threshold"": 0.6600000000000001, ""no_trade_band"": 0.0}"
2026-03-18T23:47:45.159707+00:00,LIVE,ema_rsi_trend,EURUSD,eventless_no_decision,,strategy_returned_none,"{""decision_threshold"": 0.6600000000000001, ""no_trade_band"": 0.0}"
2026-03-18T23:48:05.186848+00:00,LIVE,ema_rsi_trend,EURUSD,eventless_no_decision,,strategy_returned_none,"{""decision_threshold"": 0.6600000000000001, ""no_trade_band"": 0.0}"
2026-03-18T23:48:25.212570+00:00,LIVE,ema_rsi_trend,EURUSD,eventless_no_decision,,strategy_returned_none,"{""decision_threshold"": 0.6600000000000001, ""no_trade_band"": 0.0}"
2026-03-18T23:48:53.362654+00:00,LIVE,ema_rsi_trend,EURUSD,calendar_refresh,,events=2506,"{""decision_threshold"": 0.6600000000000001, ""no_trade_band"": 0.0}"
2026-03-18T23:48:54.372516+00:00,LIVE,ema_rsi_trend,EURUSD,eventless_no_decision,,strategy_returned_none,"{""decision_threshold"": 0.6600000000000001, ""no_trade_band"": 0.0}"
2026-03-18T23:49:14.400219+00:00,LIVE,ema_rsi_trend,EURUSD,eventless_no_decision,,strategy_returned_none,"{""decision_threshold"": 0.6600000000000001, ""no_trade_band"": 0.0}"
2026-03-18T23:49:34.427761+00:00,LIVE,ema_rsi_trend,EURUSD,eventless_no_decision,,strategy_returned_none,"{""decision_threshold"": 0.6600000000000001, ""no_trade_band"": 0.0}"
2026-03-18T23:49:54.456022+00:00,LIVE,ema_rsi_trend,EURUSD,eventless_no_decision,,strategy_returned_none,"{""decision_threshold"": 0.6600000000000001, ""no_trade_band"": 0.0}"
2026-03-18T23:50:14.481453+00:00,LIVE,ema_rsi_trend,EURUSD,eventless_no_decision,,strategy_returned_none,"{""decision_threshold"": 0.6600000000000001, ""no_trade_band"": 0.0}"
2026-03-18T23:50:34.853925+00:00,LIVE,ema_rsi_trend,EURUSD,order_sent_eventless,eventless_1773877834,"side=SELL,confidence=0.8239","{""decision_threshold"": 0.6600000000000001, ""no_trade_band"": 0.0}"
2026-03-18T23:50:54.466221+00:00,LIVE,ema_rsi_trend,EURUSD,calendar_refresh,,events=2506,"{""decision_threshold"": 0.6600000000000001, ""no_trade_band"": 0.0}"
2026-03-18T23:50:55.477466+00:00,LIVE,ema_rsi_trend,EURUSD,eventless_no_decision,,strategy_returned_none,"{""decision_threshold"": 0.6600000000000001, ""no_trade_band"": 0.0}"
2026-03-18T23:51:15.845930+00:00,LIVE,ema_rsi_trend,EURUSD,eventless_no_decision,,strategy_returned_none,"{""decision_threshold"": 0.6600000000000001, ""no_trade_band"": 0.0}"
2026-03-18T23:51:35.947548+00:00,LIVE,ema_rsi_trend,EURUSD,eventless_no_decision,,strategy_returned_none,"{""decision_threshold"": 0.6600000000000001, ""no_trade_band"": 0.0}"
2026-03-18T23:51:56.315498+00:00,LIVE,ema_rsi_trend,EURUSD,eventless_no_decision,,strategy_returned_none,"{""decision_threshold"": 0.6600000000000001, ""no_trade_band"": 0.0}"
2026-03-18T23:52:16.341169+00:00,LIVE,ema_rsi_trend,EURUSD,eventless_no_decision,,strategy_returned_none,"{""decision_threshold"": 0.6600000000000001, ""no_trade_band"": 0.0}"
2026-03-18T23:52:55.454418+00:00,LIVE,ema_rsi_trend,EURUSD,calendar_refresh,,events=2506,"{""decision_threshold"": 0.6600000000000001, ""no_trade_band"": 0.0}"
2026-03-18T23:53:21.738334+00:00,LIVE,ema_rsi_trend,EURUSD,order_sent_eventless,eventless_1773877956,"side=SELL,confidence=0.8365","{""decision_threshold"": 0.6600000000000001, ""no_trade_band"": 0.0}"
2026-03-18T23:53:23.091598+00:00,LIVE,ema_rsi_trend,EURUSD,order_sent_eventless,eventless_1773878002,"side=SELL,confidence=0.9230","{""decision_threshold"": 0.6600000000000001, ""no_trade_band"": 0.0}"
2026-03-18T23:53:43.119012+00:00,LIVE,ema_rsi_trend,EURUSD,eventless_no_decision,,strategy_returned_none,"{""decision_threshold"": 0.6600000000000001, ""no_trade_band"": 0.0}"
2026-03-18T23:54:04.647026+00:00,LIVE,ema_rsi_trend,EURUSD,order_sent_eventless,eventless_1773878043,"side=SELL,confidence=0.9156","{""decision_threshold"": 0.6600000000000001, ""no_trade_band"": 0.0}"
2026-03-18T23:54:24.022801+00:00,LIVE,ema_rsi_trend,EURUSD,order_sent_eventless,eventless_1773878063,"side=SELL,confidence=0.8851","{""decision_threshold"": 0.6600000000000001, ""no_trade_band"": 0.0}"
2026-03-18T23:54:55.035881+00:00,LIVE,ema_rsi_trend,EURUSD,calendar_refresh,,events=2506,"{""decision_threshold"": 0.6600000000000001, ""no_trade_band"": 0.0}"
2026-03-18T23:54:56.046223+00:00,LIVE,ema_rsi_trend,EURUSD,eventless_no_decision,,strategy_returned_none,"{""decision_threshold"": 0.6600000000000001, ""no_trade_band"": 0.0}"
2026-03-18T23:55:16.073200+00:00,LIVE,ema_rsi_trend,EURUSD,eventless_no_decision,,strategy_returned_none,"{""decision_threshold"": 0.6600000000000001, ""no_trade_band"": 0.0}"
2026-03-18T23:55:36.100246+00:00,LIVE,ema_rsi_trend,EURUSD,eventless_no_decision,,strategy_returned_none,"{""decision_threshold"": 0.6600000000000001, ""no_trade_band"": 0.0}"
2026-03-18T23:55:56.128704+00:00,LIVE,ema_rsi_trend,EURUSD,eventless_no_decision,,strategy_returned_none,"{""decision_threshold"": 0.6600000000000001, ""no_trade_band"": 0.0}"
2026-03-18T23:56:35.649817+00:00,LIVE,ema_rsi_trend,EURUSD,eventless_no_decision,,strategy_returned_none,"{""decision_threshold"": 0.6600000000000001, ""no_trade_band"": 0.0}"
2026-03-18T23:56:56.407540+00:00,LIVE,ema_rsi_trend,EURUSD,calendar_refresh,,events=2544,"{""decision_threshold"": 0.6600000000000001, ""no_trade_band"": 0.0}"
2026-03-18T23:56:58.105465+00:00,LIVE,ema_rsi_trend,EURUSD,eventless_no_decision,,strategy_returned_none,"{""decision_threshold"": 0.6600000000000001, ""no_trade_band"": 0.0}"
2026-03-18T23:57:18.638219+00:00,LIVE,ema_rsi_trend,EURUSD,eventless_no_decision,,strategy_returned_none,"{""decision_threshold"": 0.6600000000000001, ""no_trade_band"": 0.0}"
2026-03-18T23:57:38.663782+00:00,LIVE,ema_rsi_trend,EURUSD,eventless_no_decision,,strategy_returned_none,"{""decision_threshold"": 0.6600000000000001, ""no_trade_band"": 0.0}"
2026-03-18T23:57:59.317835+00:00,LIVE,ema_rsi_trend,EURUSD,eventless_no_decision,,strategy_returned_none,"{""decision_threshold"": 0.6600000000000001, ""no_trade_band"": 0.0}"
2026-03-18T23:58:19.346965+00:00,LIVE,ema_rsi_trend,EURUSD,eventless_no_decision,,strategy_returned_none,"{""decision_threshold"": 0.6600000000000001, ""no_trade_band"": 0.0}"
2026-03-18T23:58:56.560953+00:00,LIVE,ema_rsi_trend,EURUSD,calendar_refresh,,events=2506,"{""decision_threshold"": 0.6600000000000001, ""no_trade_band"": 0.0}"
2026-03-18T23:58:57.572430+00:00,LIVE,ema_rsi_trend,EURUSD,eventless_no_decision,,strategy_returned_none,"{""decision_threshold"": 0.6600000000000001, ""no_trade_band"": 0.0}"
2026-03-18T23:59:17.598067+00:00,LIVE,ema_rsi_trend,EURUSD,eventless_no_decision,,strategy_returned_none,"{""decision_threshold"": 0.6600000000000001, ""no_trade_band"": 0.0}"
2026-03-18T23:59:37.624079+00:00,LIVE,ema_rsi_trend,EURUSD,eventless_no_decision,,strategy_returned_none,"{""decision_threshold"": 0.6600000000000001, ""no_trade_band"": 0.0}"
2026-03-18T23:59:57.649823+00:00,LIVE,ema_rsi_trend,EURUSD,eventless_no_decision,,strategy_returned_none,"{""decision_threshold"": 0.6600000000000001, ""no_trade_band"": 0.0}"
2026-03-19T00:00:20.233616+00:00,LIVE,ema_rsi_trend,EURUSD,order_sent_eventless,eventless_1773878419,"side=BUY,confidence=0.8035","{""decision_threshold"": 0.6600000000000001, ""no_trade_band"": 0.0}"
2026-03-19T00:00:57.736026+00:00,LIVE,ema_rsi_trend,EURUSD,calendar_refresh,,events=2506,"{""decision_threshold"": 0.6600000000000001, ""no_trade_band"": 0.0}"
2026-03-19T00:01:00.215067+00:00,LIVE,ema_rsi_trend,EURUSD,order_sent_eventless,eventless_1773878459,"side=BUY,confidence=0.8734","{""decision_threshold"": 0.6600000000000001, ""no_trade_band"": 0.0}"
2026-03-19T00:01:20.385977+00:00,LIVE,ema_rsi_trend,EURUSD,eventless_no_decision,,strategy_returned_none,"{""decision_threshold"": 0.6600000000000001, ""no_trade_band"": 0.0}"
2026-03-19T00:01:40.413439+00:00,LIVE,ema_rsi_trend,EURUSD,eventless_no_decision,,strategy_returned_none,"{""decision_threshold"": 0.6600000000000001, ""no_trade_band"": 0.0}"
2026-03-19T00:02:00.440951+00:00,LIVE,ema_rsi_trend,EURUSD,eventless_no_decision,,strategy_returned_none,"{""decision_threshold"": 0.6600000000000001, ""no_trade_band"": 0.0}"
2026-03-19T00:02:20.816186+00:00,LIVE,ema_rsi_trend,EURUSD,order_sent_eventless,eventless_1773878540,"side=BUY,confidence=0.8777","{""decision_threshold"": 0.6600000000000001, ""no_trade_band"": 0.0}"
2026-03-19T00:02:58.047135+00:00,LIVE,ema_rsi_trend,EURUSD,calendar_refresh,,events=2506,"{""decision_threshold"": 0.6600000000000001, ""no_trade_band"": 0.0}"
2026-03-19T00:03:10.145894+00:00,LIVE,ema_rsi_trend,EURUSD,eventless_no_decision,,strategy_returned_none,"{""decision_threshold"": 0.6600000000000001, ""no_trade_band"": 0.0}"
2026-03-19T00:03:31.098847+00:00,LIVE,ema_rsi_trend,EURUSD,order_sent_eventless,eventless_1773878610,"side=BUY,confidence=0.8907","{""decision_threshold"": 0.6600000000000001, ""no_trade_band"": 0.0}"
2026-03-19T00:03:52.571004+00:00,LIVE,ema_rsi_trend,EURUSD,order_sent_eventless,eventless_1773878632,"side=BUY,confidence=0.8907","{""decision_threshold"": 0.6600000000000001, ""no_trade_band"": 0.0}"
2026-03-19T00:04:15.553061+00:00,LIVE,ema_rsi_trend,EURUSD,order_sent_eventless,eventless_1773878652,"side=BUY,confidence=0.8907","{""decision_threshold"": 0.6600000000000001, ""no_trade_band"": 0.0}"
2026-03-19T00:04:32.825660+00:00,LIVE,ema_rsi_trend,EURUSD,eventless_no_decision,,strategy_returned_none,"{""decision_threshold"": 0.6600000000000001, ""no_trade_band"": 0.0}"
2026-03-19T00:05:35.815579+00:00,LIVE,ema_rsi_trend,EURUSD,calendar_refresh,,events=2506,"{""decision_threshold"": 0.6600000000000001, ""no_trade_band"": 0.0}"
2026-03-19T00:06:04.360406+00:00,LIVE,ema_rsi_trend,EURUSD,eventless_no_decision,,strategy_returned_none,"{""decision_threshold"": 0.6600000000000001, ""no_trade_band"": 0.0}"
2026-03-19T00:06:14.759441+00:00,LIVE,ema_rsi_trend,EURUSD,eventless_no_decision,,strategy_returned_none,"{""decision_threshold"": 0.6600000000000001, ""no_trade_band"": 0.0}"
2026-03-19T00:06:25.666020+00:00,LIVE,ema_rsi_trend,EURUSD,eventless_no_decision,,strategy_returned_none,"{""decision_threshold"": 0.6600000000000001, ""no_trade_band"": 0.0}"
2026-03-19T00:06:46.122271+00:00,LIVE,ema_rsi_trend,EURUSD,eventless_no_decision,,strategy_returned_none,"{""decision_threshold"": 0.6600000000000001, ""no_trade_band"": 0.0}"
2026-03-19T00:07:06.148396+00:00,LIVE,ema_rsi_trend,EURUSD,eventless_no_decision,,strategy_returned_none,"{""decision_threshold"": 0.6600000000000001, ""no_trade_band"": 0.0}"
2026-03-19T00:07:36.132198+00:00,LIVE,ema_rsi_trend,EURUSD,calendar_refresh,,events=2506,"{""decision_threshold"": 0.6600000000000001, ""no_trade_band"": 0.0}"
2026-03-19T00:07:37.142123+00:00,LIVE,ema_rsi_trend,EURUSD,eventless_no_decision,,strategy_returned_none,"{""decision_threshold"": 0.6600000000000001, ""no_trade_band"": 0.0}"
2026-03-19T00:07:57.166194+00:00,LIVE,ema_rsi_trend,EURUSD,eventless_no_decision,,strategy_returned_none,"{""decision_threshold"": 0.6600000000000001, ""no_trade_band"": 0.0}"
2026-03-19T00:08:17.193097+00:00,LIVE,ema_rsi_trend,EURUSD,eventless_no_decision,,strategy_returned_none,"{""decision_threshold"": 0.6600000000000001, ""no_trade_band"": 0.0}"
2026-03-19T00:08:37.217313+00:00,LIVE,ema_rsi_trend,EURUSD,eventless_no_decision,,strategy_returned_none,"{""decision_threshold"": 0.6600000000000001, ""no_trade_band"": 0.0}"
2026-03-19T00:08:57.242883+00:00,LIVE,ema_rsi_trend,EURUSD,eventless_no_decision,,strategy_returned_none,"{""decision_threshold"": 0.6600000000000001, ""no_trade_band"": 0.0}"
2026-03-19T00:09:17.267365+00:00,LIVE,ema_rsi_trend,EURUSD,eventless_no_decision,,strategy_returned_none,"{""decision_threshold"": 0.6600000000000001, ""no_trade_band"": 0.0}"
2026-03-19T00:09:36.659533+00:00,LIVE,ema_rsi_trend,EURUSD,calendar_refresh,,events=2506,"{""decision_threshold"": 0.6600000000000001, ""no_trade_band"": 0.0}"
2026-03-19T00:09:37.666854+00:00,LIVE,ema_rsi_trend,EURUSD,eventless_no_decision,,strategy_returned_none,"{""decision_threshold"": 0.6600000000000001, ""no_trade_band"": 0.0}"
2026-03-19T00:09:57.691215+00:00,LIVE,ema_rsi_trend,EURUSD,eventless_no_decision,,strategy_returned_none,"{""decision_threshold"": 0.6600000000000001, ""no_trade_band"": 0.0}"
2026-03-19T00:10:17.716032+00:00,LIVE,ema_rsi_trend,EURUSD,eventless_no_decision,,strategy_returned_none,"{""decision_threshold"": 0.6600000000000001, ""no_trade_band"": 0.0}"
2026-03-19T00:10:37.742463+00:00,LIVE,ema_rsi_trend,EURUSD,eventless_no_decision,,strategy_returned_none,"{""decision_threshold"": 0.6600000000000001, ""no_trade_band"": 0.0}"
2026-03-19T00:10:57.767688+00:00,LIVE,ema_rsi_trend,EURUSD,eventless_no_decision,,strategy_returned_none,"{""decision_threshold"": 0.6600000000000001, ""no_trade_band"": 0.0}"
2026-03-19T00:11:17.792824+00:00,LIVE,ema_rsi_trend,EURUSD,eventless_no_decision,,strategy_returned_none,"{""decision_threshold"": 0.6600000000000001, ""no_trade_band"": 0.0}"
2026-03-19T00:11:37.638322+00:00,LIVE,ema_rsi_trend,EURUSD,calendar_refresh,,events=2506,"{""decision_threshold"": 0.6600000000000001, ""no_trade_band"": 0.0}"
2026-03-19T00:11:38.644972+00:00,LIVE,ema_rsi_trend,EURUSD,eventless_no_decision,,strategy_returned_none,"{""decision_threshold"": 0.6600000000000001, ""no_trade_band"": 0.0}"
2026-03-19T00:11:58.667575+00:00,LIVE,ema_rsi_trend,EURUSD,eventless_no_decision,,strategy_returned_none,"{""decision_threshold"": 0.6600000000000001, ""no_trade_band"": 0.0}"
2026-03-19T00:12:18.710372+00:00,LIVE,ema_rsi_trend,EURUSD,eventless_no_decision,,strategy_returned_none,"{""decision_threshold"": 0.6600000000000001, ""no_trade_band"": 0.0}"
2026-03-19T00:12:38.734345+00:00,LIVE,ema_rsi_trend,EURUSD,eventless_no_decision,,strategy_returned_none,"{""decision_threshold"": 0.6600000000000001, ""no_trade_band"": 0.0}"
2026-03-19T00:12:58.761744+00:00,LIVE,ema_rsi_trend,EURUSD,eventless_no_decision,,strategy_returned_none,"{""decision_threshold"": 0.6600000000000001, ""no_trade_band"": 0.0}"
2026-03-19T00:13:18.788123+00:00,LIVE,ema_rsi_trend,EURUSD,eventless_no_decision,,strategy_returned_none,"{""decision_threshold"": 0.6600000000000001, ""no_trade_band"": 0.0}"
2026-03-19T00:13:39.492376+00:00,LIVE,ema_rsi_trend,EURUSD,calendar_refresh,,events=2506,"{""decision_threshold"": 0.6600000000000001, ""no_trade_band"": 0.0}"
2026-03-19T00:13:40.502628+00:00,LIVE,ema_rsi_trend,EURUSD,eventless_no_decision,,strategy_returned_none,"{""decision_threshold"": 0.6600000000000001, ""no_trade_band"": 0.0}"
2026-03-19T00:14:08.911000+00:00,LIVE,ema_rsi_trend,EURUSD,order_sent_eventless,eventless_1773879240,"side=BUY,confidence=0.8867","{""decision_threshold"": 0.6600000000000001, ""no_trade_band"": 0.0}"
2026-03-19T00:14:43.217154+00:00,LIVE,ema_rsi_trend,EURUSD,order_sent_eventless,eventless_1773879260,"side=BUY,confidence=0.8547","{""decision_threshold"": 0.6600000000000001, ""no_trade_band"": 0.0}"
2026-03-19T00:14:44.227369+00:00,LIVE,ema_rsi_trend,EURUSD,eventless_no_decision,,strategy_returned_none,"{""decision_threshold"": 0.6600000000000001, ""no_trade_band"": 0.0}"
2026-03-19T00:15:44.890764+00:00,LIVE,ema_rsi_trend,EURUSD,order_sent_eventless,eventless_1773879304,"side=BUY,confidence=0.8100","{""decision_threshold"": 0.6600000000000001, ""no_trade_band"": 0.0}"
2026-03-19T00:16:04.394081+00:00,LIVE,ema_rsi_trend,EURUSD,calendar_refresh,,events=2506,"{""decision_threshold"": 0.6600000000000001, ""no_trade_band"": 0.0}"
2026-03-19T00:16:04.404187+00:00,LIVE,ema_rsi_trend,EURUSD,eventless_no_decision,,strategy_returned_none,"{""decision_threshold"": 0.6600000000000001, ""no_trade_band"": 0.0}"
2026-03-19T00:16:06.413854+00:00,LIVE,ema_rsi_trend,EURUSD,eventless_no_decision,,strategy_returned_none,"{""decision_threshold"": 0.6600000000000001, ""no_trade_band"": 0.0}"
2026-03-19T00:16:26.442063+00:00,LIVE,ema_rsi_trend,EURUSD,eventless_no_decision,,strategy_returned_none,"{""decision_threshold"": 0.6600000000000001, ""no_trade_band"": 0.0}"
2026-03-19T00:16:46.471843+00:00,LIVE,ema_rsi_trend,EURUSD,eventless_no_decision,,strategy_returned_none,"{""decision_threshold"": 0.6600000000000001, ""no_trade_band"": 0.0}"
2026-03-19T00:17:06.903429+00:00,LIVE,ema_rsi_trend,EURUSD,order_sent_eventless,eventless_1773879426,"side=BUY,confidence=0.9349","{""decision_threshold"": 0.6600000000000001, ""no_trade_band"": 0.0}"
2026-03-19T00:17:26.969122+00:00,LIVE,ema_rsi_trend,EURUSD,eventless_no_decision,,strategy_returned_none,"{""decision_threshold"": 0.6600000000000001, ""no_trade_band"": 0.0}"
2026-03-19T00:18:06.811899+00:00,LIVE,ema_rsi_trend,EURUSD,calendar_refresh,,events=2506,"{""decision_threshold"": 0.6600000000000001, ""no_trade_band"": 0.0}"
2026-03-19T00:18:10.983344+00:00,LIVE,ema_rsi_trend,EURUSD,order_sent_eventless,eventless_1773879468,"side=BUY,confidence=0.8322","{""decision_threshold"": 0.6600000000000001, ""no_trade_band"": 0.0}"
2026-03-19T00:18:12.352927+00:00,LIVE,ema_rsi_trend,EURUSD,eventless_no_decision,,strategy_returned_none,"{""decision_threshold"": 0.6600000000000001, ""no_trade_band"": 0.0}"
2026-03-19T00:18:32.383793+00:00,LIVE,ema_rsi_trend,EURUSD,eventless_no_decision,,strategy_returned_none,"{""decision_threshold"": 0.6600000000000001, ""no_trade_band"": 0.0}"
2026-03-19T00:18:53.146277+00:00,LIVE,ema_rsi_trend,EURUSD,eventless_no_decision,,strategy_returned_none,"{""decision_threshold"": 0.6600000000000001, ""no_trade_band"": 0.0}"
2026-03-19T00:19:13.189688+00:00,LIVE,ema_rsi_trend,EURUSD,eventless_no_decision,,strategy_returned_none,"{""decision_threshold"": 0.6600000000000001, ""no_trade_band"": 0.0}"
2026-03-19T00:19:33.570239+00:00,LIVE,ema_rsi_trend,EURUSD,order_sent_eventless,eventless_1773879573,"side=BUY,confidence=0.9219","{""decision_threshold"": 0.6600000000000001, ""no_trade_band"": 0.0}"
2026-03-19T00:20:06.555008+00:00,LIVE,ema_rsi_trend,EURUSD,calendar_refresh,,events=2327,"{""decision_threshold"": 0.6600000000000001, ""no_trade_band"": 0.0}"
2026-03-19T00:20:07.578612+00:00,LIVE,ema_rsi_trend,EURUSD,eventless_no_decision,,strategy_returned_none,"{""decision_threshold"": 0.6600000000000001, ""no_trade_band"": 0.0}"
2026-03-19T00:20:27.605211+00:00,LIVE,ema_rsi_trend,EURUSD,eventless_no_decision,,strategy_returned_none,"{""decision_threshold"": 0.6600000000000001, ""no_trade_band"": 0.0}"
2026-03-19T00:20:48.056210+00:00,LIVE,ema_rsi_trend,EURUSD,eventless_no_decision,,strategy_returned_none,"{""decision_threshold"": 0.6600000000000001, ""no_trade_band"": 0.0}"
2026-03-19T00:21:21.897104+00:00,LIVE,ema_rsi_trend,EURUSD,order_sent_eventless,eventless_1773879668,"side=BUY,confidence=0.8781","{""decision_threshold"": 0.6600000000000001, ""no_trade_band"": 0.0}"
2026-03-19T00:22:11.344870+00:00,LIVE,ema_rsi_trend,EURUSD,calendar_refresh,,events=2506,"{""decision_threshold"": 0.6600000000000001, ""no_trade_band"": 0.0}"
2026-03-19T00:22:17.919385+00:00,LIVE,ema_rsi_trend,EURUSD,order_sent_eventless,eventless_1773879712,"side=BUY,confidence=0.7975","{""decision_threshold"": 0.6600000000000001, ""no_trade_band"": 0.0}"
2026-03-19T00:22:20.595184+00:00,LIVE,ema_rsi_trend,EURUSD,skip_max_open_positions,eventless_1773879738,open_positions=20,"{""decision_threshold"": 0.6600000000000001, ""no_trade_band"": 0.0}"
2026-03-19T00:22:39.635999+00:00,LIVE,ema_rsi_trend,EURUSD,skip_max_open_positions,eventless_1773879759,open_positions=20,"{""decision_threshold"": 0.6600000000000001, ""no_trade_band"": 0.0}"
2026-03-19T00:22:59.663743+00:00,LIVE,ema_rsi_trend,EURUSD,eventless_no_decision,,strategy_returned_none,"{""decision_threshold"": 0.6600000000000001, ""no_trade_band"": 0.0}"
2026-03-19T00:24:46.567476+00:00,LIVE,ema_rsi_trend,EURUSD,calendar_refresh,,events=2506,"{""decision_threshold"": 0.6600000000000001, ""no_trade_band"": 0.0}"
2026-03-19T00:24:49.910139+00:00,LIVE,ema_rsi_trend,EURUSD,eventless_no_decision,,strategy_returned_none,"{""decision_threshold"": 0.6600000000000001, ""no_trade_band"": 0.0}"
2026-03-19T00:24:51.265848+00:00,LIVE,ema_rsi_trend,EURUSD,eventless_no_decision,,strategy_returned_none,"{""decision_threshold"": 0.6600000000000001, ""no_trade_band"": 0.0}"
2026-03-19T00:25:11.294195+00:00,LIVE,ema_rsi_trend,EURUSD,skip_max_open_positions,eventless_1773879911,open_positions=20,"{""decision_threshold"": 0.6600000000000001, ""no_trade_band"": 0.0}"
2026-03-19T00:25:31.321043+00:00,LIVE,ema_rsi_trend,EURUSD,eventless_no_decision,,strategy_returned_none,"{""decision_threshold"": 0.6600000000000001, ""no_trade_band"": 0.0}"
2026-03-19T00:25:52.169113+00:00,LIVE,ema_rsi_trend,EURUSD,eventless_no_decision,,strategy_returned_none,"{""decision_threshold"": 0.6600000000000001, ""no_trade_band"": 0.0}"
2026-03-19T00:26:12.906038+00:00,LIVE,ema_rsi_trend,EURUSD,eventless_no_decision,,strategy_returned_none,"{""decision_threshold"": 0.6600000000000001, ""no_trade_band"": 0.0}"
2026-03-19T00:26:47.631832+00:00,LIVE,ema_rsi_trend,EURUSD,calendar_refresh,,events=2506,"{""decision_threshold"": 0.6600000000000001, ""no_trade_band"": 0.0}"
2026-03-19T00:27:48.735589+00:00,LIVE,ema_rsi_trend,EURUSD,eventless_no_decision,,strategy_returned_none,"{""decision_threshold"": 0.6600000000000001, ""no_trade_band"": 0.0}"
2026-03-19T00:28:11.813454+00:00,LIVE,ema_rsi_trend,EURUSD,eventless_no_decision,,strategy_returned_none,"{""decision_threshold"": 0.6600000000000001, ""no_trade_band"": 0.0}"
2026-03-19T00:28:12.823022+00:00,LIVE,ema_rsi_trend,EURUSD,eventless_no_decision,,strategy_returned_none,"{""decision_threshold"": 0.6600000000000001, ""no_trade_band"": 0.0}"
2026-03-19T00:28:58.083336+00:00,LIVE,ema_rsi_trend,EURUSD,calendar_refresh,,events=2506,"{""decision_threshold"": 0.6600000000000001, ""no_trade_band"": 0.0}"
2026-03-19T00:29:02.118974+00:00,LIVE,ema_rsi_trend,EURUSD,eventless_no_decision,,strategy_returned_none,"{""decision_threshold"": 0.6600000000000001, ""no_trade_band"": 0.0}"
2026-03-19T00:29:03.130957+00:00,LIVE,ema_rsi_trend,EURUSD,eventless_no_decision,,strategy_returned_none,"{""decision_threshold"": 0.6600000000000001, ""no_trade_band"": 0.0}"
2026-03-19T00:29:23.157256+00:00,LIVE,ema_rsi_trend,EURUSD,skip_max_open_positions,eventless_1773880163,open_positions=20,"{""decision_threshold"": 0.6600000000000001, ""no_trade_band"": 0.0}"
2026-03-19T00:29:43.456540+00:00,LIVE,ema_rsi_trend,EURUSD,skip_max_open_positions,eventless_1773880183,open_positions=20,"{""decision_threshold"": 0.6600000000000001, ""no_trade_band"": 0.0}"
2026-03-19T00:30:37.674573+00:00,LIVE,ema_rsi_trend,EURUSD,eventless_no_decision,,strategy_returned_none,"{""decision_threshold"": 0.6600000000000001, ""no_trade_band"": 0.0}"
2026-03-19T00:30:44.113729+00:00,LIVE,ema_rsi_trend,EURUSD,eventless_no_decision,,strategy_returned_none,"{""decision_threshold"": 0.6600000000000001, ""no_trade_band"": 0.0}"
2026-03-19T00:31:03.701562+00:00,LIVE,ema_rsi_trend,EURUSD,calendar_refresh,,events=2506,"{""decision_threshold"": 0.6600000000000001, ""no_trade_band"": 0.0}"
2026-03-19T00:31:10.079696+00:00,LIVE,ema_rsi_trend,EURUSD,eventless_no_decision,,strategy_returned_none,"{""decision_threshold"": 0.6600000000000001, ""no_trade_band"": 0.0}"
2026-03-19T00:31:30.477819+00:00,LIVE,ema_rsi_trend,EURUSD,order_sent_eventless,eventless_1773880290,"side=BUY,confidence=0.7710","{""decision_threshold"": 0.6600000000000001, ""no_trade_band"": 0.0}"
2026-03-19T00:31:50.507035+00:00,LIVE,ema_rsi_trend,EURUSD,eventless_no_decision,,strategy_returned_none,"{""decision_threshold"": 0.6600000000000001, ""no_trade_band"": 0.0}"
2026-03-19T00:32:10.546951+00:00,LIVE,ema_rsi_trend,EURUSD,eventless_no_decision,,strategy_returned_none,"{""decision_threshold"": 0.6600000000000001, ""no_trade_band"": 0.0}"
2026-03-19T00:32:30.588123+00:00,LIVE,ema_rsi_trend,EURUSD,eventless_no_decision,,strategy_returned_none,"{""decision_threshold"": 0.6600000000000001, ""no_trade_band"": 0.0}"
2026-03-19T00:33:04.618609+00:00,LIVE,ema_rsi_trend,EURUSD,calendar_refresh,,events=2506,"{""decision_threshold"": 0.6600000000000001, ""no_trade_band"": 0.0}"
2026-03-19T00:33:05.977777+00:00,LIVE,ema_rsi_trend,EURUSD,eventless_no_decision,,strategy_returned_none,"{""decision_threshold"": 0.6600000000000001, ""no_trade_band"": 0.0}"
2026-03-19T00:33:26.313106+00:00,LIVE,ema_rsi_trend,EURUSD,eventless_no_decision,,strategy_returned_none,"{""decision_threshold"": 0.6600000000000001, ""no_trade_band"": 0.0}"
2026-03-19T00:33:46.350564+00:00,LIVE,ema_rsi_trend,EURUSD,eventless_no_decision,,strategy_returned_none,"{""decision_threshold"": 0.6600000000000001, ""no_trade_band"": 0.0}"
2026-03-19T00:34:06.747291+00:00,LIVE,ema_rsi_trend,EURUSD,order_sent_eventless,eventless_1773880446,"side=SELL,confidence=0.8067","{""decision_threshold"": 0.6600000000000001, ""no_trade_band"": 0.0}"
2026-03-19T00:34:26.481272+00:00,LIVE,ema_rsi_trend,EURUSD,eventless_no_decision,,strategy_returned_none,"{""decision_threshold"": 0.6600000000000001, ""no_trade_band"": 0.0}"
2026-03-19T00:35:05.905759+00:00,LIVE,ema_rsi_trend,EURUSD,calendar_refresh,,events=2506,"{""decision_threshold"": 0.6600000000000001, ""no_trade_band"": 0.0}"
2026-03-19T00:35:05.916262+00:00,LIVE,ema_rsi_trend,EURUSD,eventless_no_decision,,strategy_returned_none,"{""decision_threshold"": 0.6600000000000001, ""no_trade_band"": 0.0}"
2026-03-19T00:35:06.924247+00:00,LIVE,ema_rsi_trend,EURUSD,eventless_no_decision,,strategy_returned_none,"{""decision_threshold"": 0.6600000000000001, ""no_trade_band"": 0.0}"
2026-03-19T00:35:26.950981+00:00,LIVE,ema_rsi_trend,EURUSD,eventless_no_decision,,strategy_returned_none,"{""decision_threshold"": 0.6600000000000001, ""no_trade_band"": 0.0}"
2026-03-19T00:35:46.978130+00:00,LIVE,ema_rsi_trend,EURUSD,eventless_no_decision,,strategy_returned_none,"{""decision_threshold"": 0.6600000000000001, ""no_trade_band"": 0.0}"
2026-03-19T00:36:07.017866+00:00,LIVE,ema_rsi_trend,EURUSD,eventless_no_decision,,strategy_returned_none,"{""decision_threshold"": 0.6600000000000001, ""no_trade_band"": 0.0}"
2026-03-19T00:36:27.057539+00:00,LIVE,ema_rsi_trend,EURUSD,eventless_no_decision,,strategy_returned_none,"{""decision_threshold"": 0.6600000000000001, ""no_trade_band"": 0.0}"
2026-03-19T00:37:06.155168+00:00,LIVE,ema_rsi_trend,EURUSD,calendar_refresh,,events=2506,"{""decision_threshold"": 0.6600000000000001, ""no_trade_band"": 0.0}"
2026-03-19T00:37:06.164844+00:00,LIVE,ema_rsi_trend,EURUSD,eventless_no_decision,,strategy_returned_none,"{""decision_threshold"": 0.6600000000000001, ""no_trade_band"": 0.0}"
2026-03-19T00:37:07.174424+00:00,LIVE,ema_rsi_trend,EURUSD,eventless_no_decision,,strategy_returned_none,"{""decision_threshold"": 0.6600000000000001, ""no_trade_band"": 0.0}"
2026-03-19T00:37:27.204449+00:00,LIVE,ema_rsi_trend,EURUSD,eventless_no_decision,,strategy_returned_none,"{""decision_threshold"": 0.6600000000000001, ""no_trade_band"": 0.0}"
2026-03-19T00:37:47.232309+00:00,LIVE,ema_rsi_trend,EURUSD,eventless_no_decision,,strategy_returned_none,"{""decision_threshold"": 0.6600000000000001, ""no_trade_band"": 0.0}"
2026-03-19T00:38:07.273627+00:00,LIVE,ema_rsi_trend,EURUSD,eventless_no_decision,,strategy_returned_none,"{""decision_threshold"": 0.6600000000000001, ""no_trade_band"": 0.0}"
2026-03-19T00:38:27.299094+00:00,LIVE,ema_rsi_trend,EURUSD,eventless_no_decision,,strategy_returned_none,"{""decision_threshold"": 0.6600000000000001, ""no_trade_band"": 0.0}"
2026-03-19T00:39:05.757551+00:00,LIVE,ema_rsi_trend,EURUSD,calendar_refresh,,events=2506,"{""decision_threshold"": 0.6600000000000001, ""no_trade_band"": 0.0}"
2026-03-19T00:39:05.767539+00:00,LIVE,ema_rsi_trend,EURUSD,eventless_no_decision,,strategy_returned_none,"{""decision_threshold"": 0.6600000000000001, ""no_trade_band"": 0.0}"
2026-03-19T00:39:07.779673+00:00,LIVE,ema_rsi_trend,EURUSD,eventless_no_decision,,strategy_returned_none,"{""decision_threshold"": 0.6600000000000001, ""no_trade_band"": 0.0}"
2026-03-19T00:39:27.822224+00:00,LIVE,ema_rsi_trend,EURUSD,eventless_no_decision,,strategy_returned_none,"{""decision_threshold"": 0.6600000000000001, ""no_trade_band"": 0.0}"
2026-03-19T00:39:47.849688+00:00,LIVE,ema_rsi_trend,EURUSD,eventless_no_decision,,strategy_returned_none,"{""decision_threshold"": 0.6600000000000001, ""no_trade_band"": 0.0}"
2026-03-19T00:40:07.876584+00:00,LIVE,ema_rsi_trend,EURUSD,eventless_no_decision,,strategy_returned_none,"{""decision_threshold"": 0.6600000000000001, ""no_trade_band"": 0.0}"
2026-03-19T00:40:27.903138+00:00,LIVE,ema_rsi_trend,EURUSD,eventless_no_decision,,strategy_returned_none,"{""decision_threshold"": 0.6600000000000001, ""no_trade_band"": 0.0}"
2026-03-19T00:41:05.975260+00:00,LIVE,ema_rsi_trend,EURUSD,calendar_refresh,,events=2506,"{""decision_threshold"": 0.6600000000000001, ""no_trade_band"": 0.0}"
2026-03-19T00:41:05.983325+00:00,LIVE,ema_rsi_trend,EURUSD,eventless_no_decision,,strategy_returned_none,"{""decision_threshold"": 0.6600000000000001, ""no_trade_band"": 0.0}"
2026-03-19T00:41:07.990781+00:00,LIVE,ema_rsi_trend,EURUSD,eventless_no_decision,,strategy_returned_none,"{""decision_threshold"": 0.6600000000000001, ""no_trade_band"": 0.0}"
2026-03-19T00:41:28.031878+00:00,LIVE,ema_rsi_trend,EURUSD,eventless_no_decision,,strategy_returned_none,"{""decision_threshold"": 0.6600000000000001, ""no_trade_band"": 0.0}"
2026-03-19T00:41:48.059345+00:00,LIVE,ema_rsi_trend,EURUSD,eventless_no_decision,,strategy_returned_none,"{""decision_threshold"": 0.6600000000000001, ""no_trade_band"": 0.0}"
2026-03-19T00:42:08.089426+00:00,LIVE,ema_rsi_trend,EURUSD,eventless_no_decision,,strategy_returned_none,"{""decision_threshold"": 0.6600000000000001, ""no_trade_band"": 0.0}"
2026-03-19T00:42:28.118024+00:00,LIVE,ema_rsi_trend,EURUSD,eventless_no_decision,,strategy_returned_none,"{""decision_threshold"": 0.6600000000000001, ""no_trade_band"": 0.0}"
2026-03-19T00:43:07.908840+00:00,LIVE,ema_rsi_trend,EURUSD,calendar_refresh,,events=2506,"{""decision_threshold"": 0.6600000000000001, ""no_trade_band"": 0.0}"
2026-03-19T00:43:07.920446+00:00,LIVE,ema_rsi_trend,EURUSD,eventless_no_decision,,strategy_returned_none,"{""decision_threshold"": 0.6600000000000001, ""no_trade_band"": 0.0}"
2026-03-19T00:43:08.928923+00:00,LIVE,ema_rsi_trend,EURUSD,eventless_no_decision,,strategy_returned_none,"{""decision_threshold"": 0.6600000000000001, ""no_trade_band"": 0.0}"
2026-03-19T00:43:29.517806+00:00,LIVE,ema_rsi_trend,EURUSD,order_sent_eventless,eventless_1773881008,"side=BUY,confidence=0.7911","{""decision_threshold"": 0.6600000000000001, ""no_trade_band"": 0.0}"
2026-03-19T00:43:50.250325+00:00,LIVE,ema_rsi_trend,EURUSD,order_sent_eventless,eventless_1773881029,"side=BUY,confidence=0.9035","{""decision_threshold"": 0.6600000000000001, ""no_trade_band"": 0.0}"
2026-03-19T00:44:10.628710+00:00,LIVE,ema_rsi_trend,EURUSD,order_sent_eventless,eventless_1773881050,"side=BUY,confidence=0.8957","{""decision_threshold"": 0.6600000000000001, ""no_trade_band"": 0.0}"
2026-03-19T00:44:30.355149+00:00,LIVE,ema_rsi_trend,EURUSD,eventless_no_decision,,strategy_returned_none,"{""decision_threshold"": 0.6600000000000001, ""no_trade_band"": 0.0}"
2026-03-19T00:45:06.805425+00:00,LIVE,ema_rsi_trend,EURUSD,calendar_refresh,,events=2365,"{""decision_threshold"": 0.6600000000000001, ""no_trade_band"": 0.0}"
2026-03-19T00:45:07.830219+00:00,LIVE,ema_rsi_trend,EURUSD,eventless_no_decision,,strategy_returned_none,"{""decision_threshold"": 0.6600000000000001, ""no_trade_band"": 0.0}"
2026-03-19T00:45:27.859250+00:00,LIVE,ema_rsi_trend,EURUSD,eventless_no_decision,,strategy_returned_none,"{""decision_threshold"": 0.6600000000000001, ""no_trade_band"": 0.0}"
2026-03-19T00:45:47.886013+00:00,LIVE,ema_rsi_trend,EURUSD,eventless_no_decision,,strategy_returned_none,"{""decision_threshold"": 0.6600000000000001, ""no_trade_band"": 0.0}"
2026-03-19T00:46:07.913015+00:00,LIVE,ema_rsi_trend,EURUSD,eventless_no_decision,,strategy_returned_none,"{""decision_threshold"": 0.6600000000000001, ""no_trade_band"": 0.0}"
2026-03-19T00:46:29.565540+00:00,LIVE,ema_rsi_trend,EURUSD,eventless_no_decision,,strategy_returned_none,"{""decision_threshold"": 0.6600000000000001, ""no_trade_band"": 0.0}"
2026-03-19T00:47:08.331834+00:00,LIVE,ema_rsi_trend,EURUSD,calendar_refresh,,events=2506,"{""decision_threshold"": 0.6600000000000001, ""no_trade_band"": 0.0}"
2026-03-19T00:47:12.639755+00:00,LIVE,ema_rsi_trend,EURUSD,eventless_no_decision,,strategy_returned_none,"{""decision_threshold"": 0.6600000000000001, ""no_trade_band"": 0.0}"
2026-03-19T00:47:33.165253+00:00,LIVE,ema_rsi_trend,EURUSD,eventless_no_decision,,strategy_returned_none,"{""decision_threshold"": 0.6600000000000001, ""no_trade_band"": 0.0}"
2026-03-19T00:47:54.229291+00:00,LIVE,ema_rsi_trend,EURUSD,eventless_no_decision,,strategy_returned_none,"{""decision_threshold"": 0.6600000000000001, ""no_trade_band"": 0.0}"
2026-03-19T00:48:13.231117+00:00,LIVE,ema_rsi_trend,EURUSD,eventless_no_decision,,strategy_returned_none,"{""decision_threshold"": 0.6600000000000001, ""no_trade_band"": 0.0}"
2026-03-19T00:48:33.256280+00:00,LIVE,ema_rsi_trend,EURUSD,eventless_no_decision,,strategy_returned_none,"{""decision_threshold"": 0.6600000000000001, ""no_trade_band"": 0.0}"
2026-03-19T00:49:23.849381+00:00,LIVE,ema_rsi_trend,EURUSD,calendar_refresh,,events=2506,"{""decision_threshold"": 0.6600000000000001, ""no_trade_band"": 0.0}"
2026-03-19T00:49:31.555793+00:00,LIVE,ema_rsi_trend,EURUSD,eventless_no_decision,,strategy_returned_none,"{""decision_threshold"": 0.6600000000000001, ""no_trade_band"": 0.0}"
2026-03-19T00:50:07.074396+00:00,LIVE,ema_rsi_trend,EURUSD,eventless_no_decision,,strategy_returned_none,"{""decision_threshold"": 0.6600000000000001, ""no_trade_band"": 0.0}"
2026-03-19T00:50:27.100207+00:00,LIVE,ema_rsi_trend,EURUSD,eventless_no_decision,,strategy_returned_none,"{""decision_threshold"": 0.6600000000000001, ""no_trade_band"": 0.0}"
2026-03-19T00:50:47.506529+00:00,LIVE,ema_rsi_trend,EURUSD,order_sent_eventless,eventless_1773881447,"side=SELL,confidence=0.9260","{""decision_threshold"": 0.6600000000000001, ""no_trade_band"": 0.0}"
2026-03-19T00:51:09.384160+00:00,LIVE,ema_rsi_trend,EURUSD,calendar_refresh,,events=2506,"{""decision_threshold"": 0.6600000000000001, ""no_trade_band"": 0.0}"
2026-03-19T00:51:10.400486+00:00,LIVE,ema_rsi_trend,EURUSD,skip_max_open_positions,eventless_1773881470,open_positions=20,"{""decision_threshold"": 0.6600000000000001, ""no_trade_band"": 0.0}"
2026-03-19T00:51:30.428067+00:00,LIVE,ema_rsi_trend,EURUSD,skip_max_open_positions,eventless_1773881490,open_positions=20,"{""decision_threshold"": 0.6600000000000001, ""no_trade_band"": 0.0}"
2026-03-19T00:51:50.455876+00:00,LIVE,ema_rsi_trend,EURUSD,skip_max_open_positions,eventless_1773881510,open_positions=20,"{""decision_threshold"": 0.6600000000000001, ""no_trade_band"": 0.0}"
2026-03-19T00:52:10.484359+00:00,LIVE,ema_rsi_trend,EURUSD,eventless_no_decision,,strategy_returned_none,"{""decision_threshold"": 0.6600000000000001, ""no_trade_band"": 0.0}"
2026-03-19T00:52:30.511441+00:00,LIVE,ema_rsi_trend,EURUSD,eventless_no_decision,,strategy_returned_none,"{""decision_threshold"": 0.6600000000000001, ""no_trade_band"": 0.0}"
2026-03-19T00:53:13.178652+00:00,LIVE,ema_rsi_trend,EURUSD,calendar_refresh,,events=2506,"{""decision_threshold"": 0.6600000000000001, ""no_trade_band"": 0.0}"
2026-03-19T00:53:13.535933+00:00,LIVE,ema_rsi_trend,EURUSD,eventless_no_decision,,strategy_returned_none,"{""decision_threshold"": 0.6600000000000001, ""no_trade_band"": 0.0}"
2026-03-19T00:53:14.545347+00:00,LIVE,ema_rsi_trend,EURUSD,eventless_no_decision,,strategy_returned_none,"{""decision_threshold"": 0.6600000000000001, ""no_trade_band"": 0.0}"
2026-03-19T00:53:35.259690+00:00,LIVE,ema_rsi_trend,EURUSD,eventless_no_decision,,strategy_returned_none,"{""decision_threshold"": 0.6600000000000001, ""no_trade_band"": 0.0}"
2026-03-19T00:53:55.298082+00:00,LIVE,ema_rsi_trend,EURUSD,eventless_no_decision,,strategy_returned_none,"{""decision_threshold"": 0.6600000000000001, ""no_trade_band"": 0.0}"
2026-03-19T00:54:15.325025+00:00,LIVE,ema_rsi_trend,EURUSD,eventless_no_decision,,strategy_returned_none,"{""decision_threshold"": 0.6600000000000001, ""no_trade_band"": 0.0}"
2026-03-19T00:54:35.367092+00:00,LIVE,ema_rsi_trend,EURUSD,eventless_no_decision,,strategy_returned_none,"{""decision_threshold"": 0.6600000000000001, ""no_trade_band"": 0.0}"
2026-03-19T00:55:10.668192+00:00,LIVE,ema_rsi_trend,EURUSD,calendar_refresh,,events=2327,"{""decision_threshold"": 0.6600000000000001, ""no_trade_band"": 0.0}"
2026-03-19T00:55:11.682487+00:00,LIVE,ema_rsi_trend,EURUSD,eventless_no_decision,,strategy_returned_none,"{""decision_threshold"": 0.6600000000000001, ""no_trade_band"": 0.0}"
2026-03-19T00:55:31.712650+00:00,LIVE,ema_rsi_trend,EURUSD,eventless_no_decision,,strategy_returned_none,"{""decision_threshold"": 0.6600000000000001, ""no_trade_band"": 0.0}"
2026-03-19T00:55:51.737444+00:00,LIVE,ema_rsi_trend,EURUSD,eventless_no_decision,,strategy_returned_none,"{""decision_threshold"": 0.6600000000000001, ""no_trade_band"": 0.0}"
2026-03-19T00:56:11.777885+00:00,LIVE,ema_rsi_trend,EURUSD,eventless_no_decision,,strategy_returned_none,"{""decision_threshold"": 0.6600000000000001, ""no_trade_band"": 0.0}"
2026-03-19T00:56:31.822093+00:00,LIVE,ema_rsi_trend,EURUSD,eventless_no_decision,,strategy_returned_none,"{""decision_threshold"": 0.6600000000000001, ""no_trade_band"": 0.0}"
2026-03-19T00:57:11.180602+00:00,LIVE,ema_rsi_trend,EURUSD,calendar_refresh,,events=2506,"{""decision_threshold"": 0.6600000000000001, ""no_trade_band"": 0.0}"
2026-03-19T00:57:11.188615+00:00,LIVE,ema_rsi_trend,EURUSD,eventless_no_decision,,strategy_returned_none,"{""decision_threshold"": 0.6600000000000001, ""no_trade_band"": 0.0}"
2026-03-19T00:57:12.197956+00:00,LIVE,ema_rsi_trend,EURUSD,eventless_no_decision,,strategy_returned_none,"{""decision_threshold"": 0.6600000000000001, ""no_trade_band"": 0.0}"
2026-03-19T00:57:32.239813+00:00,LIVE,ema_rsi_trend,EURUSD,eventless_no_decision,,strategy_returned_none,"{""decision_threshold"": 0.6600000000000001, ""no_trade_band"": 0.0}"
2026-03-19T00:57:52.277932+00:00,LIVE,ema_rsi_trend,EURUSD,eventless_no_decision,,strategy_returned_none,"{""decision_threshold"": 0.6600000000000001, ""no_trade_band"": 0.0}"
2026-03-19T00:58:12.311949+00:00,LIVE,ema_rsi_trend,EURUSD,eventless_no_decision,,strategy_returned_none,"{""decision_threshold"": 0.6600000000000001, ""no_trade_band"": 0.0}"
2026-03-19T00:58:38.226438+00:00,LIVE,ema_rsi_trend,EURUSD,eventless_no_decision,,strategy_returned_none,"{""decision_threshold"": 0.6600000000000001, ""no_trade_band"": 0.0}"
2026-03-19T00:59:18.497410+00:00,LIVE,ema_rsi_trend,EURUSD,calendar_refresh,,events=2506,"{""decision_threshold"": 0.6600000000000001, ""no_trade_band"": 0.0}"
2026-03-19T00:59:24.225364+00:00,LIVE,ema_rsi_trend,EURUSD,order_sent_eventless,eventless_1773881936,"side=BUY,confidence=0.8250","{""decision_threshold"": 0.6600000000000001, ""no_trade_band"": 0.0}"
2026-03-19T00:59:41.074527+00:00,LIVE,ema_rsi_trend,EURUSD,order_sent_eventless,eventless_1773881965,"side=BUY,confidence=0.8480","{""decision_threshold"": 0.6600000000000001, ""no_trade_band"": 0.0}"
2026-03-19T00:59:46.089594+00:00,LIVE,ema_rsi_trend,EURUSD,eventless_no_decision,,strategy_returned_none,"{""decision_threshold"": 0.6600000000000001, ""no_trade_band"": 0.0}"
2026-03-19T01:00:06.133458+00:00,LIVE,ema_rsi_trend,EURUSD,eventless_no_decision,,strategy_returned_none,"{""decision_threshold"": 0.6600000000000001, ""no_trade_band"": 0.0}"
2026-03-19T01:00:26.288246+00:00,LIVE,ema_rsi_trend,EURUSD,eventless_no_decision,,strategy_returned_none,"{""decision_threshold"": 0.6600000000000001, ""no_trade_band"": 0.0}"
2026-03-19T01:00:46.930824+00:00,LIVE,ema_rsi_trend,EURUSD,order_sent_eventless,eventless_1773882046,"side=BUY,confidence=0.7836","{""decision_threshold"": 0.6600000000000001, ""no_trade_band"": 0.0}"
2026-03-19T01:01:44.775310+00:00,LIVE,ema_rsi_trend,EURUSD,calendar_refresh,,events=2506,"{""decision_threshold"": 0.6600000000000001, ""no_trade_band"": 0.0}"
2026-03-19T01:01:48.561738+00:00,LIVE,ema_rsi_trend,EURUSD,eventless_no_decision,,strategy_returned_none,"{""decision_threshold"": 0.6600000000000001, ""no_trade_band"": 0.0}"
2026-03-19T01:02:08.589778+00:00,LIVE,ema_rsi_trend,EURUSD,eventless_no_decision,,strategy_returned_none,"{""decision_threshold"": 0.6600000000000001, ""no_trade_band"": 0.0}"
2026-03-19T01:02:33.268979+00:00,LIVE,ema_rsi_trend,EURUSD,eventless_no_decision,,strategy_returned_none,"{""decision_threshold"": 0.6600000000000001, ""no_trade_band"": 0.0}"
2026-03-19T01:02:52.247452+00:00,LIVE,ema_rsi_trend,EURUSD,eventless_no_decision,,strategy_returned_none,"{""decision_threshold"": 0.6600000000000001, ""no_trade_band"": 0.0}"
2026-03-19T01:03:21.121584+00:00,LIVE,ema_rsi_trend,EURUSD,calendar_refresh,,events=2506,"{""decision_threshold"": 0.6600000000000001, ""no_trade_band"": 0.0}"
2026-03-19T01:03:22.485324+00:00,LIVE,ema_rsi_trend,EURUSD,order_sent_eventless,eventless_1773882202,"side=BUY,confidence=0.9179","{""decision_threshold"": 0.6600000000000001, ""no_trade_band"": 0.0}"
2026-03-19T01:03:42.527091+00:00,LIVE,ema_rsi_trend,EURUSD,eventless_no_decision,,strategy_returned_none,"{""decision_threshold"": 0.6600000000000001, ""no_trade_band"": 0.0}"
2026-03-19T01:04:02.898480+00:00,LIVE,ema_rsi_trend,EURUSD,order_sent_eventless,eventless_1773882242,"side=SELL,confidence=0.8062","{""decision_threshold"": 0.6600000000000001, ""no_trade_band"": 0.0}"
2026-03-19T01:04:22.928446+00:00,LIVE,ema_rsi_trend,EURUSD,eventless_no_decision,,strategy_returned_none,"{""decision_threshold"": 0.6600000000000001, ""no_trade_band"": 0.0}"
2026-03-19T01:04:43.365591+00:00,LIVE,ema_rsi_trend,EURUSD,order_sent_eventless,eventless_1773882283,"side=SELL,confidence=0.7462","{""decision_threshold"": 0.6600000000000001, ""no_trade_band"": 0.0}"
2026-03-19T01:05:19.087339+00:00,LIVE,ema_rsi_trend,EURUSD,calendar_refresh,,events=2506,"{""decision_threshold"": 0.6600000000000001, ""no_trade_band"": 0.0}"
2026-03-19T01:05:21.385416+00:00,LIVE,ema_rsi_trend,EURUSD,eventless_no_decision,,strategy_returned_none,"{""decision_threshold"": 0.6600000000000001, ""no_trade_band"": 0.0}"
2026-03-19T01:05:40.402864+00:00,LIVE,ema_rsi_trend,EURUSD,eventless_no_decision,,strategy_returned_none,"{""decision_threshold"": 0.6600000000000001, ""no_trade_band"": 0.0}"
2026-03-19T01:06:00.427505+00:00,LIVE,ema_rsi_trend,EURUSD,eventless_no_decision,,strategy_returned_none,"{""decision_threshold"": 0.6600000000000001, ""no_trade_band"": 0.0}"
2026-03-19T01:06:20.453784+00:00,LIVE,ema_rsi_trend,EURUSD,eventless_no_decision,,strategy_returned_none,"{""decision_threshold"": 0.6600000000000001, ""no_trade_band"": 0.0}"
2026-03-19T01:06:57.602945+00:00,LIVE,ema_rsi_trend,EURUSD,order_sent_eventless,eventless_1773882400,"side=BUY,confidence=0.8963","{""decision_threshold"": 0.6600000000000001, ""no_trade_band"": 0.0}"
2026-03-19T01:07:19.753922+00:00,LIVE,ema_rsi_trend,EURUSD,calendar_refresh,,events=2506,"{""decision_threshold"": 0.6600000000000001, ""no_trade_band"": 0.0}"
2026-03-19T01:07:25.985838+00:00,LIVE,ema_rsi_trend,EURUSD,order_sent_eventless,eventless_1773882440,"side=BUY,confidence=0.9400","{""decision_threshold"": 0.6600000000000001, ""no_trade_band"": 0.0}"
2026-03-19T01:07:49.673167+00:00,LIVE,ema_rsi_trend,EURUSD,order_sent_eventless,eventless_1773882461,"side=BUY,confidence=0.9400","{""decision_threshold"": 0.6600000000000001, ""no_trade_band"": 0.0}"
2026-03-19T01:08:07.137795+00:00,LIVE,ema_rsi_trend,EURUSD,eventless_no_decision,,strategy_returned_none,"{""decision_threshold"": 0.6600000000000001, ""no_trade_band"": 0.0}"
2026-03-19T01:08:24.379513+00:00,LIVE,ema_rsi_trend,EURUSD,eventless_no_decision,,strategy_returned_none,"{""decision_threshold"": 0.6600000000000001, ""no_trade_band"": 0.0}"
2026-03-19T01:08:44.405045+00:00,LIVE,ema_rsi_trend,EURUSD,eventless_no_decision,,strategy_returned_none,"{""decision_threshold"": 0.6600000000000001, ""no_trade_band"": 0.0}"
2026-03-19T01:09:20.485548+00:00,LIVE,ema_rsi_trend,EURUSD,calendar_refresh,,events=2506,"{""decision_threshold"": 0.6600000000000001, ""no_trade_band"": 0.0}"
2026-03-19T01:09:21.499695+00:00,LIVE,ema_rsi_trend,EURUSD,eventless_no_decision,,strategy_returned_none,"{""decision_threshold"": 0.6600000000000001, ""no_trade_band"": 0.0}"
2026-03-19T01:09:41.545720+00:00,LIVE,ema_rsi_trend,EURUSD,eventless_no_decision,,strategy_returned_none,"{""decision_threshold"": 0.6600000000000001, ""no_trade_band"": 0.0}"
2026-03-19T01:10:01.572763+00:00,LIVE,ema_rsi_trend,EURUSD,eventless_no_decision,,strategy_returned_none,"{""decision_threshold"": 0.6600000000000001, ""no_trade_band"": 0.0}"
2026-03-19T01:10:22.140153+00:00,LIVE,ema_rsi_trend,EURUSD,eventless_no_decision,,strategy_returned_none,"{""decision_threshold"": 0.6600000000000001, ""no_trade_band"": 0.0}"
2026-03-19T01:10:43.140620+00:00,LIVE,ema_rsi_trend,EURUSD,order_sent_eventless,eventless_1773882642,"side=SELL,confidence=0.9012","{""decision_threshold"": 0.6600000000000001, ""no_trade_band"": 0.0}"
2026-03-19T01:11:22.570115+00:00,LIVE,ema_rsi_trend,EURUSD,calendar_refresh,,events=2506,"{""decision_threshold"": 0.6600000000000001, ""no_trade_band"": 0.0}"
2026-03-19T01:11:24.095902+00:00,LIVE,ema_rsi_trend,EURUSD,order_sent_eventless,eventless_1773882662,"side=SELL,confidence=0.8047","{""decision_threshold"": 0.6600000000000001, ""no_trade_band"": 0.0}"
2026-03-19T01:11:26.687092+00:00,LIVE,ema_rsi_trend,EURUSD,order_sent_eventless,eventless_1773882685,"side=SELL,confidence=0.8047","{""decision_threshold"": 0.6600000000000001, ""no_trade_band"": 0.0}"
2026-03-19T01:11:45.768721+00:00,LIVE,ema_rsi_trend,EURUSD,eventless_no_decision,,strategy_returned_none,"{""decision_threshold"": 0.6600000000000001, ""no_trade_band"": 0.0}"
2026-03-19T01:12:05.800276+00:00,LIVE,ema_rsi_trend,EURUSD,eventless_no_decision,,strategy_returned_none,"{""decision_threshold"": 0.6600000000000001, ""no_trade_band"": 0.0}"
2026-03-19T01:12:25.822393+00:00,LIVE,ema_rsi_trend,EURUSD,eventless_no_decision,,strategy_returned_none,"{""decision_threshold"": 0.6600000000000001, ""no_trade_band"": 0.0}"
2026-03-19T01:12:46.196349+00:00,LIVE,ema_rsi_trend,EURUSD,order_sent_eventless,eventless_1773882765,"side=SELL,confidence=0.9400","{""decision_threshold"": 0.6600000000000001, ""no_trade_band"": 0.0}"
2026-03-19T01:13:23.321054+00:00,LIVE,ema_rsi_trend,EURUSD,calendar_refresh,,events=2506,"{""decision_threshold"": 0.6600000000000001, ""no_trade_band"": 0.0}"
2026-03-19T01:13:24.675925+00:00,LIVE,ema_rsi_trend,EURUSD,eventless_no_decision,,strategy_returned_none,"{""decision_threshold"": 0.6600000000000001, ""no_trade_band"": 0.0}"
2026-03-19T01:13:54.227845+00:00,LIVE,ema_rsi_trend,EURUSD,eventless_no_decision,,strategy_returned_none,"{""decision_threshold"": 0.6600000000000001, ""no_trade_band"": 0.0}"
2026-03-19T01:14:13.257123+00:00,LIVE,ema_rsi_trend,EURUSD,eventless_no_decision,,strategy_returned_none,"{""decision_threshold"": 0.6600000000000001, ""no_trade_band"": 0.0}"
2026-03-19T01:14:33.817220+00:00,LIVE,ema_rsi_trend,EURUSD,order_sent_eventless,eventless_1773882873,"side=SELL,confidence=0.7857","{""decision_threshold"": 0.6600000000000001, ""no_trade_band"": 0.0}"
2026-03-19T01:15:48.236744+00:00,LIVE,ema_rsi_trend,EURUSD,calendar_refresh,,events=2506,"{""decision_threshold"": 0.6600000000000001, ""no_trade_band"": 0.0}"
2026-03-19T01:15:53.635598+00:00,LIVE,ema_rsi_trend,EURUSD,eventless_no_decision,,strategy_returned_none,"{""decision_threshold"": 0.6600000000000001, ""no_trade_band"": 0.0}"
2026-03-19T01:16:09.100879+00:00,LIVE,ema_rsi_trend,EURUSD,eventless_no_decision,,strategy_returned_none,"{""decision_threshold"": 0.6600000000000001, ""no_trade_band"": 0.0}"
2026-03-19T01:16:52.375436+00:00,LIVE,ema_rsi_trend,EURUSD,order_sent_eventless,eventless_1773882989,"side=BUY,confidence=0.8152","{""decision_threshold"": 0.6600000000000001, ""no_trade_band"": 0.0}"
2026-03-19T01:16:54.148922+00:00,LIVE,ema_rsi_trend,EURUSD,order_sent_eventless,eventless_1773883013,"side=BUY,confidence=0.7973","{""decision_threshold"": 0.6600000000000001, ""no_trade_band"": 0.0}"
2026-03-19T01:17:21.689362+00:00,LIVE,ema_rsi_trend,EURUSD,eventless_no_decision,,strategy_returned_none,"{""decision_threshold"": 0.6600000000000001, ""no_trade_band"": 0.0}"
2026-03-19T01:18:10.496555+00:00,LIVE,ema_rsi_trend,EURUSD,calendar_refresh,,events=2506,"{""decision_threshold"": 0.6600000000000001, ""no_trade_band"": 0.0}"
2026-03-19T01:18:17.516190+00:00,LIVE,ema_rsi_trend,EURUSD,order_sent_eventless,eventless_1773883070,"side=BUY,confidence=0.8340","{""decision_threshold"": 0.6600000000000001, ""no_trade_band"": 0.0}"
2026-03-19T01:18:21.020542+00:00,LIVE,ema_rsi_trend,EURUSD,order_sent_eventless,eventless_1773883098,"side=BUY,confidence=0.8643","{""decision_threshold"": 0.6600000000000001, ""no_trade_band"": 0.0}"
2026-03-19T01:18:39.391778+00:00,LIVE,ema_rsi_trend,EURUSD,eventless_no_decision,,strategy_returned_none,"{""decision_threshold"": 0.6600000000000001, ""no_trade_band"": 0.0}"
2026-03-19T01:19:00.864896+00:00,LIVE,ema_rsi_trend,EURUSD,order_sent_eventless,eventless_1773883140,"side=BUY,confidence=0.7871","{""decision_threshold"": 0.6600000000000001, ""no_trade_band"": 0.0}"
2026-03-19T01:19:21.587801+00:00,LIVE,ema_rsi_trend,EURUSD,order_sent_eventless,eventless_1773883160,"side=SELL,confidence=0.9214","{""decision_threshold"": 0.6600000000000001, ""no_trade_band"": 0.0}"
2026-03-19T01:19:41.307737+00:00,LIVE,ema_rsi_trend,EURUSD,eventless_no_decision,,strategy_returned_none,"{""decision_threshold"": 0.6600000000000001, ""no_trade_band"": 0.0}"
2026-03-19T01:20:10.432543+00:00,LIVE,ema_rsi_trend,EURUSD,calendar_refresh,,events=2523,"{""decision_threshold"": 0.6600000000000001, ""no_trade_band"": 0.0}"
2026-03-19T01:20:11.446716+00:00,LIVE,ema_rsi_trend,EURUSD,eventless_no_decision,,strategy_returned_none,"{""decision_threshold"": 0.6600000000000001, ""no_trade_band"": 0.0}"
2026-03-19T01:20:33.623987+00:00,LIVE,ema_rsi_trend,EURUSD,order_sent_eventless,eventless_1773883232,"side=SELL,confidence=0.8170","{""decision_threshold"": 0.6600000000000001, ""no_trade_band"": 0.0}"
2026-03-19T01:20:53.837919+00:00,LIVE,ema_rsi_trend,EURUSD,order_sent_eventless,eventless_1773883252,"side=SELL,confidence=0.9152","{""decision_threshold"": 0.6600000000000001, ""no_trade_band"": 0.0}"
2026-03-19T01:21:13.177468+00:00,LIVE,ema_rsi_trend,EURUSD,eventless_no_decision,,strategy_returned_none,"{""decision_threshold"": 0.6600000000000001, ""no_trade_band"": 0.0}"
2026-03-19T01:21:33.200366+00:00,LIVE,ema_rsi_trend,EURUSD,eventless_no_decision,,strategy_returned_none,"{""decision_threshold"": 0.6600000000000001, ""no_trade_band"": 0.0}"
2026-03-19T01:22:15.018084+00:00,LIVE,ema_rsi_trend,EURUSD,calendar_refresh,,events=2506,"{""decision_threshold"": 0.6600000000000001, ""no_trade_band"": 0.0}"
2026-03-19T01:22:16.032249+00:00,LIVE,ema_rsi_trend,EURUSD,skip_max_open_positions,eventless_1773883336,open_positions=20,"{""decision_threshold"": 0.6600000000000001, ""no_trade_band"": 0.0}"
2026-03-19T01:22:36.056938+00:00,LIVE,ema_rsi_trend,EURUSD,eventless_no_decision,,strategy_returned_none,"{""decision_threshold"": 0.6600000000000001, ""no_trade_band"": 0.0}"
2026-03-19T01:22:56.101581+00:00,LIVE,ema_rsi_trend,EURUSD,eventless_no_decision,,strategy_returned_none,"{""decision_threshold"": 0.6600000000000001, ""no_trade_band"": 0.0}"
2026-03-19T01:23:18.472159+00:00,LIVE,ema_rsi_trend,EURUSD,eventless_no_decision,,strategy_returned_none,"{""decision_threshold"": 0.6600000000000001, ""no_trade_band"": 0.0}"
2026-03-19T01:23:39.937119+00:00,LIVE,ema_rsi_trend,EURUSD,eventless_no_decision,,strategy_returned_none,"{""decision_threshold"": 0.6600000000000001, ""no_trade_band"": 0.0}"
2026-03-19T01:24:13.281328+00:00,LIVE,ema_rsi_trend,EURUSD,calendar_refresh,,events=2506,"{""decision_threshold"": 0.6600000000000001, ""no_trade_band"": 0.0}"
2026-03-19T01:24:14.296255+00:00,LIVE,ema_rsi_trend,EURUSD,eventless_no_decision,,strategy_returned_none,"{""decision_threshold"": 0.6600000000000001, ""no_trade_band"": 0.0}"
2026-03-19T01:24:34.322956+00:00,LIVE,ema_rsi_trend,EURUSD,skip_max_open_positions,eventless_1773883474,open_positions=20,"{""decision_threshold"": 0.6600000000000001, ""no_trade_band"": 0.0}"
2026-03-19T01:24:54.352171+00:00,LIVE,ema_rsi_trend,EURUSD,skip_max_open_positions,eventless_1773883494,open_positions=20,"{""decision_threshold"": 0.6600000000000001, ""no_trade_band"": 0.0}"
2026-03-19T01:25:14.377022+00:00,LIVE,ema_rsi_trend,EURUSD,eventless_no_decision,,strategy_returned_none,"{""decision_threshold"": 0.6600000000000001, ""no_trade_band"": 0.0}"
2026-03-19T01:25:34.403799+00:00,LIVE,ema_rsi_trend,EURUSD,eventless_no_decision,,strategy_returned_none,"{""decision_threshold"": 0.6600000000000001, ""no_trade_band"": 0.0}"
2026-03-19T01:26:13.350705+00:00,LIVE,ema_rsi_trend,EURUSD,calendar_refresh,,events=2506,"{""decision_threshold"": 0.6600000000000001, ""no_trade_band"": 0.0}"
2026-03-19T01:26:14.361676+00:00,LIVE,ema_rsi_trend,EURUSD,eventless_no_decision,,strategy_returned_none,"{""decision_threshold"": 0.6600000000000001, ""no_trade_band"": 0.0}"
2026-03-19T01:26:34.385736+00:00,LIVE,ema_rsi_trend,EURUSD,eventless_no_decision,,strategy_returned_none,"{""decision_threshold"": 0.6600000000000001, ""no_trade_band"": 0.0}"
2026-03-19T01:26:54.427485+00:00,LIVE,ema_rsi_trend,EURUSD,eventless_no_decision,,strategy_returned_none,"{""decision_threshold"": 0.6600000000000001, ""no_trade_band"": 0.0}"
2026-03-19T01:27:14.470081+00:00,LIVE,ema_rsi_trend,EURUSD,eventless_no_decision,,strategy_returned_none,"{""decision_threshold"": 0.6600000000000001, ""no_trade_band"": 0.0}"
2026-03-19T01:27:34.502537+00:00,LIVE,ema_rsi_trend,EURUSD,eventless_no_decision,,strategy_returned_none,"{""decision_threshold"": 0.6600000000000001, ""no_trade_band"": 0.0}"
2026-03-19T01:28:13.888526+00:00,LIVE,ema_rsi_trend,EURUSD,calendar_refresh,,events=2506,"{""decision_threshold"": 0.6600000000000001, ""no_trade_band"": 0.0}"
2026-03-19T01:28:14.902921+00:00,LIVE,ema_rsi_trend,EURUSD,eventless_no_decision,,strategy_returned_none,"{""decision_threshold"": 0.6600000000000001, ""no_trade_band"": 0.0}"
2026-03-19T01:28:34.938492+00:00,LIVE,ema_rsi_trend,EURUSD,skip_max_open_positions,eventless_1773883714,open_positions=20,"{""decision_threshold"": 0.6600000000000001, ""no_trade_band"": 0.0}"
2026-03-19T01:28:54.965886+00:00,LIVE,ema_rsi_trend,EURUSD,eventless_no_decision,,strategy_returned_none,"{""decision_threshold"": 0.6600000000000001, ""no_trade_band"": 0.0}"
2026-03-19T01:29:37.598315+00:00,LIVE,ema_rsi_trend,EURUSD,eventless_no_decision,,strategy_returned_none,"{""decision_threshold"": 0.6600000000000001, ""no_trade_band"": 0.0}"
2026-03-19T01:29:48.157837+00:00,LIVE,ema_rsi_trend,EURUSD,eventless_no_decision,,strategy_returned_none,"{""decision_threshold"": 0.6600000000000001, ""no_trade_band"": 0.0}"
2026-03-19T01:30:13.389494+00:00,LIVE,ema_rsi_trend,EURUSD,calendar_refresh,,events=2506,"{""decision_threshold"": 0.6600000000000001, ""no_trade_band"": 0.0}"
2026-03-19T01:30:14.399271+00:00,LIVE,ema_rsi_trend,EURUSD,eventless_no_decision,,strategy_returned_none,"{""decision_threshold"": 0.6600000000000001, ""no_trade_band"": 0.0}"
2026-03-19T01:30:34.424775+00:00,LIVE,ema_rsi_trend,EURUSD,eventless_no_decision,,strategy_returned_none,"{""decision_threshold"": 0.6600000000000001, ""no_trade_band"": 0.0}"
2026-03-19T01:30:54.481193+00:00,LIVE,ema_rsi_trend,EURUSD,eventless_no_decision,,strategy_returned_none,"{""decision_threshold"": 0.6600000000000001, ""no_trade_band"": 0.0}"
2026-03-19T01:31:21.130393+00:00,LIVE,ema_rsi_trend,EURUSD,eventless_no_decision,,strategy_returned_none,"{""decision_threshold"": 0.6600000000000001, ""no_trade_band"": 0.0}"
2026-03-19T01:31:39.375056+00:00,LIVE,ema_rsi_trend,EURUSD,order_sent_eventless,eventless_1773883898,"side=SELL,confidence=0.7957","{""decision_threshold"": 0.6600000000000001, ""no_trade_band"": 0.0}"
2026-03-19T01:32:15.000826+00:00,LIVE,ema_rsi_trend,EURUSD,calendar_refresh,,events=2506,"{""decision_threshold"": 0.6600000000000001, ""no_trade_band"": 0.0}"
2026-03-19T01:32:21.213163+00:00,LIVE,ema_rsi_trend,EURUSD,eventless_no_decision,,strategy_returned_none,"{""decision_threshold"": 0.6600000000000001, ""no_trade_band"": 0.0}"
2026-03-19T01:32:41.238213+00:00,LIVE,ema_rsi_trend,EURUSD,eventless_no_decision,,strategy_returned_none,"{""decision_threshold"": 0.6600000000000001, ""no_trade_band"": 0.0}"
2026-03-19T01:33:05.815188+00:00,LIVE,ema_rsi_trend,EURUSD,eventless_no_decision,,strategy_returned_none,"{""decision_threshold"": 0.6600000000000001, ""no_trade_band"": 0.0}"
2026-03-19T01:33:21.836799+00:00,LIVE,ema_rsi_trend,EURUSD,eventless_no_decision,,strategy_returned_none,"{""decision_threshold"": 0.6600000000000001, ""no_trade_band"": 0.0}"
2026-03-19T01:33:41.862739+00:00,LIVE,ema_rsi_trend,EURUSD,eventless_no_decision,,strategy_returned_none,"{""decision_threshold"": 0.6600000000000001, ""no_trade_band"": 0.0}"
2026-03-19T01:34:17.789410+00:00,LIVE,ema_rsi_trend,EURUSD,calendar_refresh,,events=2506,"{""decision_threshold"": 0.6600000000000001, ""no_trade_band"": 0.0}"
2026-03-19T01:34:19.567025+00:00,LIVE,ema_rsi_trend,EURUSD,order_sent_eventless,eventless_1773884058,"side=SELL,confidence=0.8747","{""decision_threshold"": 0.6600000000000001, ""no_trade_band"": 0.0}"
2026-03-19T01:34:39.642527+00:00,LIVE,ema_rsi_trend,EURUSD,eventless_no_decision,,strategy_returned_none,"{""decision_threshold"": 0.6600000000000001, ""no_trade_band"": 0.0}"
2026-03-19T01:34:59.923658+00:00,LIVE,ema_rsi_trend,EURUSD,eventless_no_decision,,strategy_returned_none,"{""decision_threshold"": 0.6600000000000001, ""no_trade_band"": 0.0}"
2026-03-19T01:35:19.951423+00:00,LIVE,ema_rsi_trend,EURUSD,eventless_no_decision,,strategy_returned_none,"{""decision_threshold"": 0.6600000000000001, ""no_trade_band"": 0.0}"
2026-03-19T01:35:39.976786+00:00,LIVE,ema_rsi_trend,EURUSD,eventless_no_decision,,strategy_returned_none,"{""decision_threshold"": 0.6600000000000001, ""no_trade_band"": 0.0}"
2026-03-19T01:36:16.239355+00:00,LIVE,ema_rsi_trend,EURUSD,calendar_refresh,,events=2506,"{""decision_threshold"": 0.6600000000000001, ""no_trade_band"": 0.0}"
2026-03-19T01:36:17.251608+00:00,LIVE,ema_rsi_trend,EURUSD,eventless_no_decision,,strategy_returned_none,"{""decision_threshold"": 0.6600000000000001, ""no_trade_band"": 0.0}"
2026-03-19T01:36:37.274195+00:00,LIVE,ema_rsi_trend,EURUSD,eventless_no_decision,,strategy_returned_none,"{""decision_threshold"": 0.6600000000000001, ""no_trade_band"": 0.0}"
2026-03-19T01:36:57.302139+00:00,LIVE,ema_rsi_trend,EURUSD,eventless_no_decision,,strategy_returned_none,"{""decision_threshold"": 0.6600000000000001, ""no_trade_band"": 0.0}"
2026-03-19T01:37:26.340945+00:00,LIVE,ema_rsi_trend,EURUSD,eventless_no_decision,,strategy_returned_none,"{""decision_threshold"": 0.6600000000000001, ""no_trade_band"": 0.0}"
2026-03-19T01:37:42.985260+00:00,LIVE,ema_rsi_trend,EURUSD,eventless_no_decision,,strategy_returned_none,"{""decision_threshold"": 0.6600000000000001, ""no_trade_band"": 0.0}"
2026-03-19T01:38:15.760463+00:00,LIVE,ema_rsi_trend,EURUSD,calendar_refresh,,events=2506,"{""decision_threshold"": 0.6600000000000001, ""no_trade_band"": 0.0}"
2026-03-19T01:38:16.770510+00:00,LIVE,ema_rsi_trend,EURUSD,eventless_no_decision,,strategy_returned_none,"{""decision_threshold"": 0.6600000000000001, ""no_trade_band"": 0.0}"
2026-03-19T01:38:36.794109+00:00,LIVE,ema_rsi_trend,EURUSD,eventless_no_decision,,strategy_returned_none,"{""decision_threshold"": 0.6600000000000001, ""no_trade_band"": 0.0}"
2026-03-19T01:38:56.823661+00:00,LIVE,ema_rsi_trend,EURUSD,eventless_no_decision,,strategy_returned_none,"{""decision_threshold"": 0.6600000000000001, ""no_trade_band"": 0.0}"
2026-03-19T01:39:18.931400+00:00,LIVE,ema_rsi_trend,EURUSD,order_sent_eventless,eventless_1773884356,"side=BUY,confidence=0.8368","{""decision_threshold"": 0.6600000000000001, ""no_trade_band"": 0.0}"
2026-03-19T01:39:38.008973+00:00,LIVE,ema_rsi_trend,EURUSD,order_sent_eventless,eventless_1773884377,"side=BUY,confidence=0.7725","{""decision_threshold"": 0.6600000000000001, ""no_trade_band"": 0.0}"
2026-03-19T01:40:16.832121+00:00,LIVE,ema_rsi_trend,EURUSD,calendar_refresh,,events=2506,"{""decision_threshold"": 0.6600000000000001, ""no_trade_band"": 0.0}"
2026-03-19T01:40:17.842076+00:00,LIVE,ema_rsi_trend,EURUSD,eventless_no_decision,,strategy_returned_none,"{""decision_threshold"": 0.6600000000000001, ""no_trade_band"": 0.0}"
2026-03-19T01:40:37.868225+00:00,LIVE,ema_rsi_trend,EURUSD,eventless_no_decision,,strategy_returned_none,"{""decision_threshold"": 0.6600000000000001, ""no_trade_band"": 0.0}"
2026-03-19T01:40:58.584385+00:00,LIVE,ema_rsi_trend,EURUSD,eventless_no_decision,,strategy_returned_none,"{""decision_threshold"": 0.6600000000000001, ""no_trade_band"": 0.0}"
2026-03-19T01:41:19.304683+00:00,LIVE,ema_rsi_trend,EURUSD,eventless_no_decision,,strategy_returned_none,"{""decision_threshold"": 0.6600000000000001, ""no_trade_band"": 0.0}"
2026-03-19T01:41:55.860463+00:00,LIVE,ema_rsi_trend,EURUSD,order_sent_eventless,eventless_1773884499,"side=SELL,confidence=0.8583","{""decision_threshold"": 0.6600000000000001, ""no_trade_band"": 0.0}"
2026-03-19T01:42:17.617935+00:00,LIVE,ema_rsi_trend,EURUSD,calendar_refresh,,events=2506,"{""decision_threshold"": 0.6600000000000001, ""no_trade_band"": 0.0}"
2026-03-19T01:42:19.340350+00:00,LIVE,ema_rsi_trend,EURUSD,eventless_no_decision,,strategy_returned_none,"{""decision_threshold"": 0.6600000000000001, ""no_trade_band"": 0.0}"
2026-03-19T01:42:39.373053+00:00,LIVE,ema_rsi_trend,EURUSD,eventless_no_decision,,strategy_returned_none,"{""decision_threshold"": 0.6600000000000001, ""no_trade_band"": 0.0}"
2026-03-19T01:42:59.399678+00:00,LIVE,ema_rsi_trend,EURUSD,eventless_no_decision,,strategy_returned_none,"{""decision_threshold"": 0.6600000000000001, ""no_trade_band"": 0.0}"
2026-03-19T01:43:19.426210+00:00,LIVE,ema_rsi_trend,EURUSD,eventless_no_decision,,strategy_returned_none,"{""decision_threshold"": 0.6600000000000001, ""no_trade_band"": 0.0}"
2026-03-19T01:43:40.148637+00:00,LIVE,ema_rsi_trend,EURUSD,order_sent_eventless,eventless_1773884619,"side=BUY,confidence=0.9121","{""decision_threshold"": 0.6600000000000001, ""no_trade_band"": 0.0}"
2026-03-19T01:44:17.691853+00:00,LIVE,ema_rsi_trend,EURUSD,calendar_refresh,,events=2506,"{""decision_threshold"": 0.6600000000000001, ""no_trade_band"": 0.0}"
2026-03-19T01:44:19.413064+00:00,LIVE,ema_rsi_trend,EURUSD,order_sent_eventless,eventless_1773884658,"side=BUY,confidence=0.9163","{""decision_threshold"": 0.6600000000000001, ""no_trade_band"": 0.0}"
2026-03-19T01:44:39.133403+00:00,LIVE,ema_rsi_trend,EURUSD,eventless_no_decision,,strategy_returned_none,"{""decision_threshold"": 0.6600000000000001, ""no_trade_band"": 0.0}"
2026-03-19T01:44:59.853911+00:00,LIVE,ema_rsi_trend,EURUSD,eventless_no_decision,,strategy_returned_none,"{""decision_threshold"": 0.6600000000000001, ""no_trade_band"": 0.0}"
2026-03-19T01:45:28.671852+00:00,LIVE,ema_rsi_trend,EURUSD,eventless_no_decision,,strategy_returned_none,"{""decision_threshold"": 0.6600000000000001, ""no_trade_band"": 0.0}"
2026-03-19T01:45:43.708512+00:00,LIVE,ema_rsi_trend,EURUSD,eventless_no_decision,,strategy_returned_none,"{""decision_threshold"": 0.6600000000000001, ""no_trade_band"": 0.0}"
2026-03-19T01:46:18.856967+00:00,LIVE,ema_rsi_trend,EURUSD,calendar_refresh,,events=2506,"{""decision_threshold"": 0.6600000000000001, ""no_trade_band"": 0.0}"
2026-03-19T01:46:19.870740+00:00,LIVE,ema_rsi_trend,EURUSD,eventless_no_decision,,strategy_returned_none,"{""decision_threshold"": 0.6600000000000001, ""no_trade_band"": 0.0}"
2026-03-19T01:46:39.896456+00:00,LIVE,ema_rsi_trend,EURUSD,eventless_no_decision,,strategy_returned_none,"{""decision_threshold"": 0.6600000000000001, ""no_trade_band"": 0.0}"
2026-03-19T01:46:59.926295+00:00,LIVE,ema_rsi_trend,EURUSD,eventless_no_decision,,strategy_returned_none,"{""decision_threshold"": 0.6600000000000001, ""no_trade_band"": 0.0}"
2026-03-19T01:47:19.954718+00:00,LIVE,ema_rsi_trend,EURUSD,eventless_no_decision,,strategy_returned_none,"{""decision_threshold"": 0.6600000000000001, ""no_trade_band"": 0.0}"
2026-03-19T01:47:39.981973+00:00,LIVE,ema_rsi_trend,EURUSD,eventless_no_decision,,strategy_returned_none,"{""decision_threshold"": 0.6600000000000001, ""no_trade_band"": 0.0}"
2026-03-19T01:48:19.316384+00:00,LIVE,ema_rsi_trend,EURUSD,calendar_refresh,,events=2506,"{""decision_threshold"": 0.6600000000000001, ""no_trade_band"": 0.0}"
2026-03-19T01:48:22.527816+00:00,LIVE,ema_rsi_trend,EURUSD,order_sent_eventless,eventless_1773884901,"side=BUY,confidence=0.8711","{""decision_threshold"": 0.6600000000000001, ""no_trade_band"": 0.0}"
2026-03-19T01:48:42.602554+00:00,LIVE,ema_rsi_trend,EURUSD,eventless_no_decision,,strategy_returned_none,"{""decision_threshold"": 0.6600000000000001, ""no_trade_band"": 0.0}"
2026-03-19T01:49:03.314809+00:00,LIVE,ema_rsi_trend,EURUSD,eventless_no_decision,,strategy_returned_none,"{""decision_threshold"": 0.6600000000000001, ""no_trade_band"": 0.0}"
2026-03-19T01:49:23.790857+00:00,LIVE,ema_rsi_trend,EURUSD,eventless_no_decision,,strategy_returned_none,"{""decision_threshold"": 0.6600000000000001, ""no_trade_band"": 0.0}"
2026-03-19T01:49:43.816933+00:00,LIVE,ema_rsi_trend,EURUSD,eventless_no_decision,,strategy_returned_none,"{""decision_threshold"": 0.6600000000000001, ""no_trade_band"": 0.0}"
2026-03-19T01:50:19.745726+00:00,LIVE,ema_rsi_trend,EURUSD,calendar_refresh,,events=2506,"{""decision_threshold"": 0.6600000000000001, ""no_trade_band"": 0.0}"
2026-03-19T01:50:21.562682+00:00,LIVE,ema_rsi_trend,EURUSD,order_sent_eventless,eventless_1773885020,"side=SELL,confidence=0.8233","{""decision_threshold"": 0.6600000000000001, ""no_trade_band"": 0.0}"
2026-03-19T01:50:41.367165+00:00,LIVE,ema_rsi_trend,EURUSD,eventless_no_decision,,strategy_returned_none,"{""decision_threshold"": 0.6600000000000001, ""no_trade_band"": 0.0}"
2026-03-19T01:51:10.069632+00:00,LIVE,ema_rsi_trend,EURUSD,order_sent_eventless,eventless_1773885061,"side=BUY,confidence=0.7941","{""decision_threshold"": 0.6600000000000001, ""no_trade_band"": 0.0}"
2026-03-19T01:51:22.088830+00:00,LIVE,ema_rsi_trend,EURUSD,eventless_no_decision,,strategy_returned_none,"{""decision_threshold"": 0.6600000000000001, ""no_trade_band"": 0.0}"
2026-03-19T01:51:42.112321+00:00,LIVE,ema_rsi_trend,EURUSD,eventless_no_decision,,strategy_returned_none,"{""decision_threshold"": 0.6600000000000001, ""no_trade_band"": 0.0}"
2026-03-19T01:52:21.754212+00:00,LIVE,ema_rsi_trend,EURUSD,calendar_refresh,,events=2506,"{""decision_threshold"": 0.6600000000000001, ""no_trade_band"": 0.0}"
2026-03-19T01:52:22.766722+00:00,LIVE,ema_rsi_trend,EURUSD,eventless_no_decision,,strategy_returned_none,"{""decision_threshold"": 0.6600000000000001, ""no_trade_band"": 0.0}"
2026-03-19T01:52:43.169171+00:00,LIVE,ema_rsi_trend,EURUSD,eventless_no_decision,,strategy_returned_none,"{""decision_threshold"": 0.6600000000000001, ""no_trade_band"": 0.0}"
2026-03-19T01:53:03.194187+00:00,LIVE,ema_rsi_trend,EURUSD,eventless_no_decision,,strategy_returned_none,"{""decision_threshold"": 0.6600000000000001, ""no_trade_band"": 0.0}"
2026-03-19T01:53:23.233155+00:00,LIVE,ema_rsi_trend,EURUSD,eventless_no_decision,,strategy_returned_none,"{""decision_threshold"": 0.6600000000000001, ""no_trade_band"": 0.0}"
2026-03-19T01:53:43.269569+00:00,LIVE,ema_rsi_trend,EURUSD,eventless_no_decision,,strategy_returned_none,"{""decision_threshold"": 0.6600000000000001, ""no_trade_band"": 0.0}"
2026-03-19T01:54:22.228126+00:00,LIVE,ema_rsi_trend,EURUSD,calendar_refresh,,events=2506,"{""decision_threshold"": 0.6600000000000001, ""no_trade_band"": 0.0}"
2026-03-19T01:54:23.239265+00:00,LIVE,ema_rsi_trend,EURUSD,eventless_no_decision,,strategy_returned_none,"{""decision_threshold"": 0.6600000000000001, ""no_trade_band"": 0.0}"
2026-03-19T01:54:43.265371+00:00,LIVE,ema_rsi_trend,EURUSD,eventless_no_decision,,strategy_returned_none,"{""decision_threshold"": 0.6600000000000001, ""no_trade_band"": 0.0}"
2026-03-19T01:55:05.980283+00:00,LIVE,ema_rsi_trend,EURUSD,order_sent_eventless,eventless_1773885303,"side=SELL,confidence=0.7806","{""decision_threshold"": 0.6600000000000001, ""no_trade_band"": 0.0}"
2026-03-19T01:55:23.801127+00:00,LIVE,ema_rsi_trend,EURUSD,eventless_no_decision,,strategy_returned_none,"{""decision_threshold"": 0.6600000000000001, ""no_trade_band"": 0.0}"
2026-03-19T01:55:44.299596+00:00,LIVE,ema_rsi_trend,EURUSD,eventless_no_decision,,strategy_returned_none,"{""decision_threshold"": 0.6600000000000001, ""no_trade_band"": 0.0}"
2026-03-19T01:56:21.790006+00:00,LIVE,ema_rsi_trend,EURUSD,calendar_refresh,,events=2506,"{""decision_threshold"": 0.6600000000000001, ""no_trade_band"": 0.0}"
2026-03-19T01:56:22.801995+00:00,LIVE,ema_rsi_trend,EURUSD,eventless_no_decision,,strategy_returned_none,"{""decision_threshold"": 0.6600000000000001, ""no_trade_band"": 0.0}"
2026-03-19T01:56:43.519685+00:00,LIVE,ema_rsi_trend,EURUSD,order_sent_eventless,eventless_1773885402,"side=SELL,confidence=0.9311","{""decision_threshold"": 0.6600000000000001, ""no_trade_band"": 0.0}"
2026-03-19T01:57:04.346862+00:00,LIVE,ema_rsi_trend,EURUSD,order_sent_eventless,eventless_1773885422,"side=SELL,confidence=0.9016","{""decision_threshold"": 0.6600000000000001, ""no_trade_band"": 0.0}"
2026-03-19T01:57:22.892041+00:00,LIVE,ema_rsi_trend,EURUSD,eventless_no_decision,,strategy_returned_none,"{""decision_threshold"": 0.6600000000000001, ""no_trade_band"": 0.0}"
2026-03-19T01:57:43.631938+00:00,LIVE,ema_rsi_trend,EURUSD,eventless_no_decision,,strategy_returned_none,"{""decision_threshold"": 0.6600000000000001, ""no_trade_band"": 0.0}"
2026-03-19T01:58:22.510967+00:00,LIVE,ema_rsi_trend,EURUSD,calendar_refresh,,events=2506,"{""decision_threshold"": 0.6600000000000001, ""no_trade_band"": 0.0}"
2026-03-19T01:58:24.863873+00:00,LIVE,ema_rsi_trend,EURUSD,eventless_no_decision,,strategy_returned_none,"{""decision_threshold"": 0.6600000000000001, ""no_trade_band"": 0.0}"
2026-03-19T01:58:54.508618+00:00,LIVE,ema_rsi_trend,EURUSD,eventless_no_decision,,strategy_returned_none,"{""decision_threshold"": 0.6600000000000001, ""no_trade_band"": 0.0}"
2026-03-19T01:59:15.276841+00:00,LIVE,ema_rsi_trend,EURUSD,eventless_no_decision,,strategy_returned_none,"{""decision_threshold"": 0.6600000000000001, ""no_trade_band"": 0.0}"
2026-03-19T01:59:35.453662+00:00,LIVE,ema_rsi_trend,EURUSD,eventless_no_decision,,strategy_returned_none,"{""decision_threshold"": 0.6600000000000001, ""no_trade_band"": 0.0}"
2026-03-19T01:59:57.442593+00:00,LIVE,ema_rsi_trend,EURUSD,eventless_no_decision,,strategy_returned_none,"{""decision_threshold"": 0.6600000000000001, ""no_trade_band"": 0.0}"
2026-03-19T02:00:22.959771+00:00,LIVE,ema_rsi_trend,EURUSD,calendar_refresh,,events=2506,"{""decision_threshold"": 0.6600000000000001, ""no_trade_band"": 0.0}"
2026-03-19T02:00:25.733568+00:00,LIVE,ema_rsi_trend,EURUSD,eventless_no_decision,,strategy_returned_none,"{""decision_threshold"": 0.6600000000000001, ""no_trade_band"": 0.0}"
2026-03-19T02:00:46.319906+00:00,LIVE,ema_rsi_trend,EURUSD,eventless_no_decision,,strategy_returned_none,"{""decision_threshold"": 0.6600000000000001, ""no_trade_band"": 0.0}"
2026-03-19T02:01:07.545068+00:00,LIVE,ema_rsi_trend,EURUSD,eventless_no_decision,,strategy_returned_none,"{""decision_threshold"": 0.6600000000000001, ""no_trade_band"": 0.0}"
2026-03-19T02:01:28.527130+00:00,LIVE,ema_rsi_trend,EURUSD,order_sent_eventless,eventless_1773885687,"side=BUY,confidence=0.9157","{""decision_threshold"": 0.6600000000000001, ""no_trade_band"": 0.0}"
2026-03-19T02:01:47.900430+00:00,LIVE,ema_rsi_trend,EURUSD,eventless_no_decision,,strategy_returned_none,"{""decision_threshold"": 0.6600000000000001, ""no_trade_band"": 0.0}"
2026-03-19T02:02:23.875902+00:00,LIVE,ema_rsi_trend,EURUSD,calendar_refresh,,events=2506,"{""decision_threshold"": 0.6600000000000001, ""no_trade_band"": 0.0}"
2026-03-19T02:02:24.885727+00:00,LIVE,ema_rsi_trend,EURUSD,eventless_no_decision,,strategy_returned_none,"{""decision_threshold"": 0.6600000000000001, ""no_trade_band"": 0.0}"
2026-03-19T02:03:13.013133+00:00,LIVE,ema_rsi_trend,EURUSD,eventless_no_decision,,strategy_returned_none,"{""decision_threshold"": 0.6600000000000001, ""no_trade_band"": 0.0}"
2026-03-19T02:03:41.029931+00:00,LIVE,ema_rsi_trend,EURUSD,eventless_no_decision,,strategy_returned_none,"{""decision_threshold"": 0.6600000000000001, ""no_trade_band"": 0.0}"
2026-03-19T02:03:54.047971+00:00,LIVE,ema_rsi_trend,EURUSD,eventless_no_decision,,strategy_returned_none,"{""decision_threshold"": 0.6600000000000001, ""no_trade_band"": 0.0}"
2026-03-19T02:04:28.154078+00:00,LIVE,ema_rsi_trend,EURUSD,calendar_refresh,,events=2506,"{""decision_threshold"": 0.6600000000000001, ""no_trade_band"": 0.0}"
2026-03-19T02:04:29.166560+00:00,LIVE,ema_rsi_trend,EURUSD,eventless_no_decision,,strategy_returned_none,"{""decision_threshold"": 0.6600000000000001, ""no_trade_band"": 0.0}"
2026-03-19T02:04:49.189980+00:00,LIVE,ema_rsi_trend,EURUSD,eventless_no_decision,,strategy_returned_none,"{""decision_threshold"": 0.6600000000000001, ""no_trade_band"": 0.0}"
2026-03-19T02:05:09.212559+00:00,LIVE,ema_rsi_trend,EURUSD,eventless_no_decision,,strategy_returned_none,"{""decision_threshold"": 0.6600000000000001, ""no_trade_band"": 0.0}"
2026-03-19T02:05:29.971711+00:00,LIVE,ema_rsi_trend,EURUSD,eventless_no_decision,,strategy_returned_none,"{""decision_threshold"": 0.6600000000000001, ""no_trade_band"": 0.0}"
2026-03-19T02:05:50.637251+00:00,LIVE,ema_rsi_trend,EURUSD,eventless_no_decision,,strategy_returned_none,"{""decision_threshold"": 0.6600000000000001, ""no_trade_band"": 0.0}"
2026-03-19T02:06:23.254626+00:00,LIVE,ema_rsi_trend,EURUSD,calendar_refresh,,events=2506,"{""decision_threshold"": 0.6600000000000001, ""no_trade_band"": 0.0}"
2026-03-19T02:06:24.265675+00:00,LIVE,ema_rsi_trend,EURUSD,eventless_no_decision,,strategy_returned_none,"{""decision_threshold"": 0.6600000000000001, ""no_trade_band"": 0.0}"
2026-03-19T02:06:45.197689+00:00,LIVE,ema_rsi_trend,EURUSD,eventless_no_decision,,strategy_returned_none,"{""decision_threshold"": 0.6600000000000001, ""no_trade_band"": 0.0}"
2026-03-19T02:07:18.419463+00:00,LIVE,ema_rsi_trend,EURUSD,eventless_no_decision,,strategy_returned_none,"{""decision_threshold"": 0.6600000000000001, ""no_trade_band"": 0.0}"
2026-03-19T02:07:49.017151+00:00,LIVE,ema_rsi_trend,EURUSD,eventless_no_decision,,strategy_returned_none,"{""decision_threshold"": 0.6600000000000001, ""no_trade_band"": 0.0}"
2026-03-19T02:08:24.012571+00:00,LIVE,ema_rsi_trend,EURUSD,calendar_refresh,,events=2506,"{""decision_threshold"": 0.6600000000000001, ""no_trade_band"": 0.0}"
2026-03-19T02:08:25.025665+00:00,LIVE,ema_rsi_trend,EURUSD,eventless_no_decision,,strategy_returned_none,"{""decision_threshold"": 0.6600000000000001, ""no_trade_band"": 0.0}"
2026-03-19T02:08:45.066228+00:00,LIVE,ema_rsi_trend,EURUSD,eventless_no_decision,,strategy_returned_none,"{""decision_threshold"": 0.6600000000000001, ""no_trade_band"": 0.0}"
2026-03-19T02:09:05.089809+00:00,LIVE,ema_rsi_trend,EURUSD,eventless_no_decision,,strategy_returned_none,"{""decision_threshold"": 0.6600000000000001, ""no_trade_band"": 0.0}"
2026-03-19T02:09:25.130970+00:00,LIVE,ema_rsi_trend,EURUSD,eventless_no_decision,,strategy_returned_none,"{""decision_threshold"": 0.6600000000000001, ""no_trade_band"": 0.0}"
2026-03-19T02:09:45.158193+00:00,LIVE,ema_rsi_trend,EURUSD,eventless_no_decision,,strategy_returned_none,"{""decision_threshold"": 0.6600000000000001, ""no_trade_band"": 0.0}"
2026-03-19T02:10:23.593467+00:00,LIVE,ema_rsi_trend,EURUSD,calendar_refresh,,events=2506,"{""decision_threshold"": 0.6600000000000001, ""no_trade_band"": 0.0}"
2026-03-19T02:10:33.663954+00:00,LIVE,ema_rsi_trend,EURUSD,order_sent_eventless,eventless_1773886205,"side=SELL,confidence=0.8749","{""decision_threshold"": 0.6600000000000001, ""no_trade_band"": 0.0}"
2026-03-19T02:10:35.035371+00:00,LIVE,ema_rsi_trend,EURUSD,eventless_no_decision,,strategy_returned_none,"{""decision_threshold"": 0.6600000000000001, ""no_trade_band"": 0.0}"
2026-03-19T02:10:55.062399+00:00,LIVE,ema_rsi_trend,EURUSD,eventless_no_decision,,strategy_returned_none,"{""decision_threshold"": 0.6600000000000001, ""no_trade_band"": 0.0}"
2026-03-19T02:11:15.086641+00:00,LIVE,ema_rsi_trend,EURUSD,eventless_no_decision,,strategy_returned_none,"{""decision_threshold"": 0.6600000000000001, ""no_trade_band"": 0.0}"
2026-03-19T02:11:35.112375+00:00,LIVE,ema_rsi_trend,EURUSD,eventless_no_decision,,strategy_returned_none,"{""decision_threshold"": 0.6600000000000001, ""no_trade_band"": 0.0}"
2026-03-19T02:11:55.831088+00:00,LIVE,ema_rsi_trend,EURUSD,order_sent_eventless,eventless_1773886315,"side=BUY,confidence=0.7709","{""decision_threshold"": 0.6600000000000001, ""no_trade_band"": 0.0}"
2026-03-19T02:12:25.060003+00:00,LIVE,ema_rsi_trend,EURUSD,calendar_refresh,,events=2506,"{""decision_threshold"": 0.6600000000000001, ""no_trade_band"": 0.0}"
2026-03-19T02:12:26.070586+00:00,LIVE,ema_rsi_trend,EURUSD,eventless_no_decision,,strategy_returned_none,"{""decision_threshold"": 0.6600000000000001, ""no_trade_band"": 0.0}"
2026-03-19T02:12:46.095559+00:00,LIVE,ema_rsi_trend,EURUSD,eventless_no_decision,,strategy_returned_none,"{""decision_threshold"": 0.6600000000000001, ""no_trade_band"": 0.0}"
2026-03-19T02:13:07.373024+00:00,LIVE,ema_rsi_trend,EURUSD,order_sent_eventless,eventless_1773886386,"side=SELL,confidence=0.8722","{""decision_threshold"": 0.6600000000000001, ""no_trade_band"": 0.0}"
2026-03-19T02:13:27.003577+00:00,LIVE,ema_rsi_trend,EURUSD,order_sent_eventless,eventless_1773886406,"side=SELL,confidence=0.8304","{""decision_threshold"": 0.6600000000000001, ""no_trade_band"": 0.0}"
2026-03-19T02:13:46.385087+00:00,LIVE,ema_rsi_trend,EURUSD,eventless_no_decision,,strategy_returned_none,"{""decision_threshold"": 0.6600000000000001, ""no_trade_band"": 0.0}"
2026-03-19T02:14:24.779624+00:00,LIVE,ema_rsi_trend,EURUSD,calendar_refresh,,events=2506,"{""decision_threshold"": 0.6600000000000001, ""no_trade_band"": 0.0}"
2026-03-19T02:14:26.991257+00:00,LIVE,ema_rsi_trend,EURUSD,order_sent_eventless,eventless_1773886446,"side=SELL,confidence=0.7829","{""decision_threshold"": 0.6600000000000001, ""no_trade_band"": 0.0}"
2026-03-19T02:14:28.698442+00:00,LIVE,ema_rsi_trend,EURUSD,order_sent_eventless,eventless_1773886467,"side=SELL,confidence=0.7895","{""decision_threshold"": 0.6600000000000001, ""no_trade_band"": 0.0}"
2026-03-19T02:14:48.965454+00:00,LIVE,ema_rsi_trend,EURUSD,eventless_no_decision,,strategy_returned_none,"{""decision_threshold"": 0.6600000000000001, ""no_trade_band"": 0.0}"
2026-03-19T02:15:09.767855+00:00,LIVE,ema_rsi_trend,EURUSD,eventless_no_decision,,strategy_returned_none,"{""decision_threshold"": 0.6600000000000001, ""no_trade_band"": 0.0}"
2026-03-19T02:15:44.887493+00:00,LIVE,ema_rsi_trend,EURUSD,order_sent_eventless,eventless_1773886529,"side=BUY,confidence=0.7559","{""decision_threshold"": 0.6600000000000001, ""no_trade_band"": 0.0}"
2026-03-19T02:15:50.640449+00:00,LIVE,ema_rsi_trend,EURUSD,order_sent_eventless,eventless_1773886549,"side=BUY,confidence=0.7456","{""decision_threshold"": 0.6600000000000001, ""no_trade_band"": 0.0}"
2026-03-19T02:16:25.813575+00:00,LIVE,ema_rsi_trend,EURUSD,calendar_refresh,,events=2506,"{""decision_threshold"": 0.6600000000000001, ""no_trade_band"": 0.0}"
2026-03-19T02:16:29.078322+00:00,LIVE,ema_rsi_trend,EURUSD,eventless_no_decision,,strategy_returned_none,"{""decision_threshold"": 0.6600000000000001, ""no_trade_band"": 0.0}"
2026-03-19T02:16:52.699152+00:00,LIVE,ema_rsi_trend,EURUSD,eventless_no_decision,,strategy_returned_none,"{""decision_threshold"": 0.6600000000000001, ""no_trade_band"": 0.0}"
2026-03-19T02:17:11.197408+00:00,LIVE,ema_rsi_trend,EURUSD,eventless_no_decision,,strategy_returned_none,"{""decision_threshold"": 0.6600000000000001, ""no_trade_band"": 0.0}"
2026-03-19T02:17:31.225691+00:00,LIVE,ema_rsi_trend,EURUSD,eventless_no_decision,,strategy_returned_none,"{""decision_threshold"": 0.6600000000000001, ""no_trade_band"": 0.0}"
2026-03-19T02:17:51.265243+00:00,LIVE,ema_rsi_trend,EURUSD,eventless_no_decision,,strategy_returned_none,"{""decision_threshold"": 0.6600000000000001, ""no_trade_band"": 0.0}"
2026-03-19T02:18:26.006794+00:00,LIVE,ema_rsi_trend,EURUSD,calendar_refresh,,events=2506,"{""decision_threshold"": 0.6600000000000001, ""no_trade_band"": 0.0}"
2026-03-19T02:18:35.229265+00:00,LIVE,ema_rsi_trend,EURUSD,eventless_no_decision,,strategy_returned_none,"{""decision_threshold"": 0.6600000000000001, ""no_trade_band"": 0.0}"
2026-03-19T02:18:55.261295+00:00,LIVE,ema_rsi_trend,EURUSD,eventless_no_decision,,strategy_returned_none,"{""decision_threshold"": 0.6600000000000001, ""no_trade_band"": 0.0}"
2026-03-19T02:20:07.163087+00:00,LIVE,ema_rsi_trend,EURUSD,eventless_no_decision,,strategy_returned_none,"{""decision_threshold"": 0.6600000000000001, ""no_trade_band"": 0.0}"
2026-03-19T02:20:29.137745+00:00,LIVE,ema_rsi_trend,EURUSD,calendar_refresh,,events=2506,"{""decision_threshold"": 0.6600000000000001, ""no_trade_band"": 0.0}"
2026-03-19T02:20:38.708367+00:00,LIVE,ema_rsi_trend,EURUSD,eventless_no_decision,,strategy_returned_none,"{""decision_threshold"": 0.6600000000000001, ""no_trade_band"": 0.0}"
2026-03-19T02:20:39.718825+00:00,LIVE,ema_rsi_trend,EURUSD,eventless_no_decision,,strategy_returned_none,"{""decision_threshold"": 0.6600000000000001, ""no_trade_band"": 0.0}"
2026-03-19T02:20:59.741192+00:00,LIVE,ema_rsi_trend,EURUSD,eventless_no_decision,,strategy_returned_none,"{""decision_threshold"": 0.6600000000000001, ""no_trade_band"": 0.0}"
2026-03-19T02:21:20.609455+00:00,LIVE,ema_rsi_trend,EURUSD,order_sent_eventless,eventless_1773886879,"side=BUY,confidence=0.8722","{""decision_threshold"": 0.6600000000000001, ""no_trade_band"": 0.0}"
2026-03-19T02:21:45.578158+00:00,LIVE,ema_rsi_trend,EURUSD,order_sent_eventless,eventless_1773886904,"side=BUY,confidence=0.8359","{""decision_threshold"": 0.6600000000000001, ""no_trade_band"": 0.0}"
2026-03-19T02:22:36.377126+00:00,LIVE,ema_rsi_trend,EURUSD,calendar_refresh,,events=2506,"{""decision_threshold"": 0.6600000000000001, ""no_trade_band"": 0.0}"
2026-03-19T02:22:36.387126+00:00,LIVE,ema_rsi_trend,EURUSD,eventless_no_decision,,strategy_returned_none,"{""decision_threshold"": 0.6600000000000001, ""no_trade_band"": 0.0}"
2026-03-19T02:22:37.394880+00:00,LIVE,ema_rsi_trend,EURUSD,eventless_no_decision,,strategy_returned_none,"{""decision_threshold"": 0.6600000000000001, ""no_trade_band"": 0.0}"
2026-03-19T02:22:57.417538+00:00,LIVE,ema_rsi_trend,EURUSD,eventless_no_decision,,strategy_returned_none,"{""decision_threshold"": 0.6600000000000001, ""no_trade_band"": 0.0}"
2026-03-19T02:23:17.438458+00:00,LIVE,ema_rsi_trend,EURUSD,eventless_no_decision,,strategy_returned_none,"{""decision_threshold"": 0.6600000000000001, ""no_trade_band"": 0.0}"
2026-03-19T02:23:37.459776+00:00,LIVE,ema_rsi_trend,EURUSD,eventless_no_decision,,strategy_returned_none,"{""decision_threshold"": 0.6600000000000001, ""no_trade_band"": 0.0}"
2026-03-19T02:23:57.483603+00:00,LIVE,ema_rsi_trend,EURUSD,eventless_no_decision,,strategy_returned_none,"{""decision_threshold"": 0.6600000000000001, ""no_trade_band"": 0.0}"
2026-03-19T02:24:36.867242+00:00,LIVE,ema_rsi_trend,EURUSD,calendar_refresh,,events=2506,"{""decision_threshold"": 0.6600000000000001, ""no_trade_band"": 0.0}"
2026-03-19T02:24:47.087429+00:00,LIVE,ema_rsi_trend,EURUSD,eventless_no_decision,,strategy_returned_none,"{""decision_threshold"": 0.6600000000000001, ""no_trade_band"": 0.0}"
2026-03-19T02:25:07.111252+00:00,LIVE,ema_rsi_trend,EURUSD,eventless_no_decision,,strategy_returned_none,"{""decision_threshold"": 0.6600000000000001, ""no_trade_band"": 0.0}"
2026-03-19T02:25:27.137434+00:00,LIVE,ema_rsi_trend,EURUSD,eventless_no_decision,,strategy_returned_none,"{""decision_threshold"": 0.6600000000000001, ""no_trade_band"": 0.0}"
2026-03-19T02:25:47.161229+00:00,LIVE,ema_rsi_trend,EURUSD,eventless_no_decision,,strategy_returned_none,"{""decision_threshold"": 0.6600000000000001, ""no_trade_band"": 0.0}"
2026-03-19T02:26:07.184798+00:00,LIVE,ema_rsi_trend,EURUSD,eventless_no_decision,,strategy_returned_none,"{""decision_threshold"": 0.6600000000000001, ""no_trade_band"": 0.0}"
2026-03-19T02:26:35.036504+00:00,LIVE,ema_rsi_trend,EURUSD,calendar_refresh,,events=2506,"{""decision_threshold"": 0.6600000000000001, ""no_trade_band"": 0.0}"
2026-03-19T02:26:39.524223+00:00,LIVE,ema_rsi_trend,EURUSD,order_sent_eventless,eventless_1773887196,"side=BUY,confidence=0.9035","{""decision_threshold"": 0.6600000000000001, ""no_trade_band"": 0.0}"
2026-03-19T02:26:58.638757+00:00,LIVE,ema_rsi_trend,EURUSD,order_sent_eventless,eventless_1773887216,"side=BUY,confidence=0.8211","{""decision_threshold"": 0.6600000000000001, ""no_trade_band"": 0.0}"
2026-03-19T02:27:19.506113+00:00,LIVE,ema_rsi_trend,EURUSD,eventless_no_decision,,strategy_returned_none,"{""decision_threshold"": 0.6600000000000001, ""no_trade_band"": 0.0}"
2026-03-19T02:27:38.533073+00:00,LIVE,ema_rsi_trend,EURUSD,eventless_no_decision,,strategy_returned_none,"{""decision_threshold"": 0.6600000000000001, ""no_trade_band"": 0.0}"
2026-03-19T02:27:58.559875+00:00,LIVE,ema_rsi_trend,EURUSD,eventless_no_decision,,strategy_returned_none,"{""decision_threshold"": 0.6600000000000001, ""no_trade_band"": 0.0}"
2026-03-19T02:28:35.116956+00:00,LIVE,ema_rsi_trend,EURUSD,calendar_refresh,,events=2506,"{""decision_threshold"": 0.6600000000000001, ""no_trade_band"": 0.0}"
2026-03-19T02:28:36.127368+00:00,LIVE,ema_rsi_trend,EURUSD,eventless_no_decision,,strategy_returned_none,"{""decision_threshold"": 0.6600000000000001, ""no_trade_band"": 0.0}"
2026-03-19T02:29:34.075916+00:00,LIVE,ema_rsi_trend,EURUSD,order_sent_eventless,eventless_1773887336,"side=SELL,confidence=0.8163","{""decision_threshold"": 0.6600000000000001, ""no_trade_band"": 0.0}"
2026-03-19T02:29:35.087131+00:00,LIVE,ema_rsi_trend,EURUSD,eventless_no_decision,,strategy_returned_none,"{""decision_threshold"": 0.6600000000000001, ""no_trade_band"": 0.0}"
2026-03-19T02:29:55.472559+00:00,LIVE,ema_rsi_trend,EURUSD,eventless_no_decision,,strategy_returned_none,"{""decision_threshold"": 0.6600000000000001, ""no_trade_band"": 0.0}"
2026-03-19T02:30:45.185461+00:00,LIVE,ema_rsi_trend,EURUSD,calendar_refresh,,events=2506,"{""decision_threshold"": 0.6600000000000001, ""no_trade_band"": 0.0}"
2026-03-19T02:30:46.786062+00:00,LIVE,ema_rsi_trend,EURUSD,eventless_no_decision,,strategy_returned_none,"{""decision_threshold"": 0.6600000000000001, ""no_trade_band"": 0.0}"
2026-03-19T02:30:47.795639+00:00,LIVE,ema_rsi_trend,EURUSD,eventless_no_decision,,strategy_returned_none,"{""decision_threshold"": 0.6600000000000001, ""no_trade_band"": 0.0}"
2026-03-19T02:31:07.822649+00:00,LIVE,ema_rsi_trend,EURUSD,eventless_no_decision,,strategy_returned_none,"{""decision_threshold"": 0.6600000000000001, ""no_trade_band"": 0.0}"
2026-03-19T02:31:28.578250+00:00,LIVE,ema_rsi_trend,EURUSD,order_sent_eventless,eventless_1773887487,"side=SELL,confidence=0.8215","{""decision_threshold"": 0.6600000000000001, ""no_trade_band"": 0.0}"
2026-03-19T02:31:48.323289+00:00,LIVE,ema_rsi_trend,EURUSD,eventless_no_decision,,strategy_returned_none,"{""decision_threshold"": 0.6600000000000001, ""no_trade_band"": 0.0}"
2026-03-19T02:32:09.404297+00:00,LIVE,ema_rsi_trend,EURUSD,eventless_no_decision,,strategy_returned_none,"{""decision_threshold"": 0.6600000000000001, ""no_trade_band"": 0.0}"
2026-03-19T02:33:45.808510+00:00,LIVE,ema_rsi_trend,EURUSD,calendar_refresh,,events=2506,"{""decision_threshold"": 0.6600000000000001, ""no_trade_band"": 0.0}"
2026-03-19T02:33:46.512537+00:00,LIVE,ema_rsi_trend,EURUSD,order_sent_eventless,eventless_1773887606,"side=BUY,confidence=0.8069","{""decision_threshold"": 0.6600000000000001, ""no_trade_band"": 0.0}"
2026-03-19T02:33:48.922163+00:00,LIVE,ema_rsi_trend,EURUSD,order_sent_eventless,eventless_1773887627,"side=BUY,confidence=0.8069","{""decision_threshold"": 0.6600000000000001, ""no_trade_band"": 0.0}"
2026-03-19T02:34:07.956940+00:00,LIVE,ema_rsi_trend,EURUSD,eventless_no_decision,,strategy_returned_none,"{""decision_threshold"": 0.6600000000000001, ""no_trade_band"": 0.0}"
2026-03-19T02:34:27.996808+00:00,LIVE,ema_rsi_trend,EURUSD,eventless_no_decision,,strategy_returned_none,"{""decision_threshold"": 0.6600000000000001, ""no_trade_band"": 0.0}"
2026-03-19T02:34:48.025162+00:00,LIVE,ema_rsi_trend,EURUSD,eventless_no_decision,,strategy_returned_none,"{""decision_threshold"": 0.6600000000000001, ""no_trade_band"": 0.0}"
2026-03-19T02:35:08.439281+00:00,LIVE,ema_rsi_trend,EURUSD,eventless_no_decision,,strategy_returned_none,"{""decision_threshold"": 0.6600000000000001, ""no_trade_band"": 0.0}"
2026-03-19T02:35:46.356879+00:00,LIVE,ema_rsi_trend,EURUSD,calendar_refresh,,events=2506,"{""decision_threshold"": 0.6600000000000001, ""no_trade_band"": 0.0}"
2026-03-19T02:35:48.154081+00:00,LIVE,ema_rsi_trend,EURUSD,order_sent_eventless,eventless_1773887747,"side=SELL,confidence=0.8656","{""decision_threshold"": 0.6600000000000001, ""no_trade_band"": 0.0}"
2026-03-19T02:36:09.035471+00:00,LIVE,ema_rsi_trend,EURUSD,eventless_no_decision,,strategy_returned_none,"{""decision_threshold"": 0.6600000000000001, ""no_trade_band"": 0.0}"
2026-03-19T02:36:28.757860+00:00,LIVE,ema_rsi_trend,EURUSD,eventless_no_decision,,strategy_returned_none,"{""decision_threshold"": 0.6600000000000001, ""no_trade_band"": 0.0}"
2026-03-19T02:36:49.496750+00:00,LIVE,ema_rsi_trend,EURUSD,eventless_no_decision,,strategy_returned_none,"{""decision_threshold"": 0.6600000000000001, ""no_trade_band"": 0.0}"
2026-03-19T02:37:09.536554+00:00,LIVE,ema_rsi_trend,EURUSD,eventless_no_decision,,strategy_returned_none,"{""decision_threshold"": 0.6600000000000001, ""no_trade_band"": 0.0}"
2026-03-19T02:37:46.767559+00:00,LIVE,ema_rsi_trend,EURUSD,calendar_refresh,,events=2506,"{""decision_threshold"": 0.6600000000000001, ""no_trade_band"": 0.0}"
2026-03-19T02:37:48.838400+00:00,LIVE,ema_rsi_trend,EURUSD,order_sent_eventless,eventless_1773887868,"side=BUY,confidence=0.8456","{""decision_threshold"": 0.6600000000000001, ""no_trade_band"": 0.0}"
2026-03-19T02:38:09.093814+00:00,LIVE,ema_rsi_trend,EURUSD,eventless_no_decision,,strategy_returned_none,"{""decision_threshold"": 0.6600000000000001, ""no_trade_band"": 0.0}"
2026-03-19T02:38:29.951760+00:00,LIVE,ema_rsi_trend,EURUSD,eventless_no_decision,,strategy_returned_none,"{""decision_threshold"": 0.6600000000000001, ""no_trade_band"": 0.0}"
2026-03-19T02:38:49.978742+00:00,LIVE,ema_rsi_trend,EURUSD,eventless_no_decision,,strategy_returned_none,"{""decision_threshold"": 0.6600000000000001, ""no_trade_band"": 0.0}"
2026-03-19T02:39:10.454880+00:00,LIVE,ema_rsi_trend,EURUSD,eventless_no_decision,,strategy_returned_none,"{""decision_threshold"": 0.6600000000000001, ""no_trade_band"": 0.0}"
2026-03-19T02:39:48.908696+00:00,LIVE,ema_rsi_trend,EURUSD,calendar_refresh,,events=2506,"{""decision_threshold"": 0.6600000000000001, ""no_trade_band"": 0.0}"
2026-03-19T02:39:49.933677+00:00,LIVE,ema_rsi_trend,EURUSD,eventless_no_decision,,strategy_returned_none,"{""decision_threshold"": 0.6600000000000001, ""no_trade_band"": 0.0}"
2026-03-19T02:40:15.823627+00:00,LIVE,ema_rsi_trend,EURUSD,order_sent_eventless,eventless_1773888009,"side=BUY,confidence=0.7199","{""decision_threshold"": 0.6600000000000001, ""no_trade_band"": 0.0}"
2026-03-19T02:40:30.953449+00:00,LIVE,ema_rsi_trend,EURUSD,order_sent_eventless,eventless_1773888030,"side=BUY,confidence=0.8431","{""decision_threshold"": 0.6600000000000001, ""no_trade_band"": 0.0}"
2026-03-19T02:40:51.458465+00:00,LIVE,ema_rsi_trend,EURUSD,order_sent_eventless,eventless_1773888050,"side=BUY,confidence=0.7963","{""decision_threshold"": 0.6600000000000001, ""no_trade_band"": 0.0}"
2026-03-19T02:41:12.027960+00:00,LIVE,ema_rsi_trend,EURUSD,eventless_no_decision,,strategy_returned_none,"{""decision_threshold"": 0.6600000000000001, ""no_trade_band"": 0.0}"
2026-03-19T02:41:48.369794+00:00,LIVE,ema_rsi_trend,EURUSD,calendar_refresh,,events=2506,"{""decision_threshold"": 0.6600000000000001, ""no_trade_band"": 0.0}"
2026-03-19T02:41:50.434496+00:00,LIVE,ema_rsi_trend,EURUSD,order_sent_eventless,eventless_1773888109,"side=BUY,confidence=0.8712","{""decision_threshold"": 0.6600000000000001, ""no_trade_band"": 0.0}"
2026-03-19T02:42:09.805430+00:00,LIVE,ema_rsi_trend,EURUSD,eventless_no_decision,,strategy_returned_none,"{""decision_threshold"": 0.6600000000000001, ""no_trade_band"": 0.0}"
2026-03-19T02:42:29.832681+00:00,LIVE,ema_rsi_trend,EURUSD,eventless_no_decision,,strategy_returned_none,"{""decision_threshold"": 0.6600000000000001, ""no_trade_band"": 0.0}"
2026-03-19T02:42:51.126880+00:00,LIVE,ema_rsi_trend,EURUSD,order_sent_eventless,eventless_1773888170,"side=BUY,confidence=0.7586","{""decision_threshold"": 0.6600000000000001, ""no_trade_band"": 0.0}"
2026-03-19T02:43:10.925071+00:00,LIVE,ema_rsi_trend,EURUSD,eventless_no_decision,,strategy_returned_none,"{""decision_threshold"": 0.6600000000000001, ""no_trade_band"": 0.0}"
2026-03-19T02:43:47.962604+00:00,LIVE,ema_rsi_trend,EURUSD,calendar_refresh,,events=2506,"{""decision_threshold"": 0.6600000000000001, ""no_trade_band"": 0.0}"
2026-03-19T02:43:48.987330+00:00,LIVE,ema_rsi_trend,EURUSD,eventless_no_decision,,strategy_returned_none,"{""decision_threshold"": 0.6600000000000001, ""no_trade_band"": 0.0}"
2026-03-19T02:44:09.014634+00:00,LIVE,ema_rsi_trend,EURUSD,eventless_no_decision,,strategy_returned_none,"{""decision_threshold"": 0.6600000000000001, ""no_trade_band"": 0.0}"
2026-03-19T02:44:29.042760+00:00,LIVE,ema_rsi_trend,EURUSD,eventless_no_decision,,strategy_returned_none,"{""decision_threshold"": 0.6600000000000001, ""no_trade_band"": 0.0}"
2026-03-19T02:44:49.071779+00:00,LIVE,ema_rsi_trend,EURUSD,eventless_no_decision,,strategy_returned_none,"{""decision_threshold"": 0.6600000000000001, ""no_trade_band"": 0.0}"
2026-03-19T02:45:09.101271+00:00,LIVE,ema_rsi_trend,EURUSD,eventless_no_decision,,strategy_returned_none,"{""decision_threshold"": 0.6600000000000001, ""no_trade_band"": 0.0}"
2026-03-19T02:45:29.136317+00:00,LIVE,ema_rsi_trend,EURUSD,eventless_no_decision,,strategy_returned_none,"{""decision_threshold"": 0.6600000000000001, ""no_trade_band"": 0.0}"
2026-03-19T02:45:49.305465+00:00,LIVE,ema_rsi_trend,EURUSD,calendar_refresh,,events=2507,"{""decision_threshold"": 0.6600000000000001, ""no_trade_band"": 0.0}"
2026-03-19T02:45:55.568770+00:00,LIVE,ema_rsi_trend,EURUSD,order_sent_eventless,eventless_1773888350,"side=BUY,confidence=0.8498","{""decision_threshold"": 0.6600000000000001, ""no_trade_band"": 0.0}"
2026-03-19T02:46:11.884868+00:00,LIVE,ema_rsi_trend,EURUSD,order_sent_eventless,eventless_1773888371,"side=BUY,confidence=0.7531","{""decision_threshold"": 0.6600000000000001, ""no_trade_band"": 0.0}"
2026-03-19T02:46:32.303620+00:00,LIVE,ema_rsi_trend,EURUSD,order_sent_eventless,eventless_1773888391,"side=BUY,confidence=0.8757","{""decision_threshold"": 0.6600000000000001, ""no_trade_band"": 0.0}"
2026-03-19T02:46:52.021528+00:00,LIVE,ema_rsi_trend,EURUSD,eventless_no_decision,,strategy_returned_none,"{""decision_threshold"": 0.6600000000000001, ""no_trade_band"": 0.0}"
2026-03-19T02:47:12.064354+00:00,LIVE,ema_rsi_trend,EURUSD,eventless_no_decision,,strategy_returned_none,"{""decision_threshold"": 0.6600000000000001, ""no_trade_band"": 0.0}"
2026-03-19T02:47:50.815378+00:00,LIVE,ema_rsi_trend,EURUSD,calendar_refresh,,events=2506,"{""decision_threshold"": 0.6600000000000001, ""no_trade_band"": 0.0}"
2026-03-19T02:47:52.898764+00:00,LIVE,ema_rsi_trend,EURUSD,eventless_no_decision,,strategy_returned_none,"{""decision_threshold"": 0.6600000000000001, ""no_trade_band"": 0.0}"
2026-03-19T02:48:12.926004+00:00,LIVE,ema_rsi_trend,EURUSD,eventless_no_decision,,strategy_returned_none,"{""decision_threshold"": 0.6600000000000001, ""no_trade_band"": 0.0}"
2026-03-19T02:48:32.952232+00:00,LIVE,ema_rsi_trend,EURUSD,eventless_no_decision,,strategy_returned_none,"{""decision_threshold"": 0.6600000000000001, ""no_trade_band"": 0.0}"
2026-03-19T02:48:52.982311+00:00,LIVE,ema_rsi_trend,EURUSD,eventless_no_decision,,strategy_returned_none,"{""decision_threshold"": 0.6600000000000001, ""no_trade_band"": 0.0}"
2026-03-19T02:49:13.011721+00:00,LIVE,ema_rsi_trend,EURUSD,eventless_no_decision,,strategy_returned_none,"{""decision_threshold"": 0.6600000000000001, ""no_trade_band"": 0.0}"
2026-03-19T02:49:51.703880+00:00,LIVE,ema_rsi_trend,EURUSD,calendar_refresh,,events=2506,"{""decision_threshold"": 0.6600000000000001, ""no_trade_band"": 0.0}"
2026-03-19T02:49:52.729508+00:00,LIVE,ema_rsi_trend,EURUSD,eventless_no_decision,,strategy_returned_none,"{""decision_threshold"": 0.6600000000000001, ""no_trade_band"": 0.0}"
2026-03-19T02:50:12.755531+00:00,LIVE,ema_rsi_trend,EURUSD,eventless_no_decision,,strategy_returned_none,"{""decision_threshold"": 0.6600000000000001, ""no_trade_band"": 0.0}"
2026-03-19T02:50:32.824016+00:00,LIVE,ema_rsi_trend,EURUSD,eventless_no_decision,,strategy_returned_none,"{""decision_threshold"": 0.6600000000000001, ""no_trade_band"": 0.0}"
2026-03-19T02:50:53.071834+00:00,LIVE,ema_rsi_trend,EURUSD,eventless_no_decision,,strategy_returned_none,"{""decision_threshold"": 0.6600000000000001, ""no_trade_band"": 0.0}"
2026-03-19T02:51:14.874140+00:00,LIVE,ema_rsi_trend,EURUSD,eventless_no_decision,,strategy_returned_none,"{""decision_threshold"": 0.6600000000000001, ""no_trade_band"": 0.0}"
2026-03-19T02:51:50.987617+00:00,LIVE,ema_rsi_trend,EURUSD,calendar_refresh,,events=2506,"{""decision_threshold"": 0.6600000000000001, ""no_trade_band"": 0.0}"
2026-03-19T02:51:52.756004+00:00,LIVE,ema_rsi_trend,EURUSD,order_sent_eventless,eventless_1773888711,"side=SELL,confidence=0.9166","{""decision_threshold"": 0.6600000000000001, ""no_trade_band"": 0.0}"
2026-03-19T02:52:12.783552+00:00,LIVE,ema_rsi_trend,EURUSD,eventless_no_decision,,strategy_returned_none,"{""decision_threshold"": 0.6600000000000001, ""no_trade_band"": 0.0}"
2026-03-19T02:52:32.811832+00:00,LIVE,ema_rsi_trend,EURUSD,eventless_no_decision,,strategy_returned_none,"{""decision_threshold"": 0.6600000000000001, ""no_trade_band"": 0.0}"
2026-03-19T02:52:52.838511+00:00,LIVE,ema_rsi_trend,EURUSD,eventless_no_decision,,strategy_returned_none,"{""decision_threshold"": 0.6600000000000001, ""no_trade_band"": 0.0}"
2026-03-19T02:53:12.863874+00:00,LIVE,ema_rsi_trend,EURUSD,eventless_no_decision,,strategy_returned_none,"{""decision_threshold"": 0.6600000000000001, ""no_trade_band"": 0.0}"
2026-03-19T02:53:50.890525+00:00,LIVE,ema_rsi_trend,EURUSD,calendar_refresh,,events=2506,"{""decision_threshold"": 0.6600000000000001, ""no_trade_band"": 0.0}"
2026-03-19T02:53:50.914290+00:00,LIVE,ema_rsi_trend,EURUSD,eventless_no_decision,,strategy_returned_none,"{""decision_threshold"": 0.6600000000000001, ""no_trade_band"": 0.0}"
2026-03-19T02:53:52.925601+00:00,LIVE,ema_rsi_trend,EURUSD,eventless_no_decision,,strategy_returned_none,"{""decision_threshold"": 0.6600000000000001, ""no_trade_band"": 0.0}"
2026-03-19T02:54:12.954159+00:00,LIVE,ema_rsi_trend,EURUSD,eventless_no_decision,,strategy_returned_none,"{""decision_threshold"": 0.6600000000000001, ""no_trade_band"": 0.0}"
2026-03-19T02:54:33.494963+00:00,LIVE,ema_rsi_trend,EURUSD,eventless_no_decision,,strategy_returned_none,"{""decision_threshold"": 0.6600000000000001, ""no_trade_band"": 0.0}"
2026-03-19T02:54:53.522575+00:00,LIVE,ema_rsi_trend,EURUSD,eventless_no_decision,,strategy_returned_none,"{""decision_threshold"": 0.6600000000000001, ""no_trade_band"": 0.0}"
2026-03-19T02:55:13.548900+00:00,LIVE,ema_rsi_trend,EURUSD,eventless_no_decision,,strategy_returned_none,"{""decision_threshold"": 0.6600000000000001, ""no_trade_band"": 0.0}"
2026-03-19T02:55:52.188943+00:00,LIVE,ema_rsi_trend,EURUSD,calendar_refresh,,events=2506,"{""decision_threshold"": 0.6600000000000001, ""no_trade_band"": 0.0}"
2026-03-19T02:55:52.198496+00:00,LIVE,ema_rsi_trend,EURUSD,eventless_no_decision,,strategy_returned_none,"{""decision_threshold"": 0.6600000000000001, ""no_trade_band"": 0.0}"
2026-03-19T02:55:54.209047+00:00,LIVE,ema_rsi_trend,EURUSD,eventless_no_decision,,strategy_returned_none,"{""decision_threshold"": 0.6600000000000001, ""no_trade_band"": 0.0}"
2026-03-19T02:56:14.235565+00:00,LIVE,ema_rsi_trend,EURUSD,eventless_no_decision,,strategy_returned_none,"{""decision_threshold"": 0.6600000000000001, ""no_trade_band"": 0.0}"
2026-03-19T02:56:34.977738+00:00,LIVE,ema_rsi_trend,EURUSD,order_sent_eventless,eventless_1773888994,"side=SELL,confidence=0.8087","{""decision_threshold"": 0.6600000000000001, ""no_trade_band"": 0.0}"
2026-03-19T02:56:55.292815+00:00,LIVE,ema_rsi_trend,EURUSD,order_sent_eventless,eventless_1773889014,"side=SELL,confidence=0.7300","{""decision_threshold"": 0.6600000000000001, ""no_trade_band"": 0.0}"
2026-03-19T02:57:15.318555+00:00,LIVE,ema_rsi_trend,EURUSD,eventless_no_decision,,strategy_returned_none,"{""decision_threshold"": 0.6600000000000001, ""no_trade_band"": 0.0}"
2026-03-19T02:57:52.796590+00:00,LIVE,ema_rsi_trend,EURUSD,calendar_refresh,,events=2506,"{""decision_threshold"": 0.6600000000000001, ""no_trade_band"": 0.0}"
2026-03-19T02:57:53.807295+00:00,LIVE,ema_rsi_trend,EURUSD,eventless_no_decision,,strategy_returned_none,"{""decision_threshold"": 0.6600000000000001, ""no_trade_band"": 0.0}"
2026-03-19T02:58:17.041660+00:00,LIVE,ema_rsi_trend,EURUSD,eventless_no_decision,,strategy_returned_none,"{""decision_threshold"": 0.6600000000000001, ""no_trade_band"": 0.0}"
2026-03-19T02:58:42.850112+00:00,LIVE,ema_rsi_trend,EURUSD,eventless_no_decision,,strategy_returned_none,"{""decision_threshold"": 0.6600000000000001, ""no_trade_band"": 0.0}"
2026-03-19T02:59:07.518964+00:00,LIVE,ema_rsi_trend,EURUSD,eventless_no_decision,,strategy_returned_none,"{""decision_threshold"": 0.6600000000000001, ""no_trade_band"": 0.0}"
2026-03-19T02:59:23.215525+00:00,LIVE,ema_rsi_trend,EURUSD,eventless_no_decision,,strategy_returned_none,"{""decision_threshold"": 0.6600000000000001, ""no_trade_band"": 0.0}"
2026-03-19T02:59:52.749471+00:00,LIVE,ema_rsi_trend,EURUSD,calendar_refresh,,events=2506,"{""decision_threshold"": 0.6600000000000001, ""no_trade_band"": 0.0}"
2026-03-19T02:59:53.777702+00:00,LIVE,ema_rsi_trend,EURUSD,eventless_no_decision,,strategy_returned_none,"{""decision_threshold"": 0.6600000000000001, ""no_trade_band"": 0.0}"
2026-03-19T03:00:14.509871+00:00,LIVE,ema_rsi_trend,EURUSD,order_sent_eventless,eventless_1773889213,"side=SELL,confidence=0.8457","{""decision_threshold"": 0.6600000000000001, ""no_trade_band"": 0.0}"
2026-03-19T03:00:34.537352+00:00,LIVE,ema_rsi_trend,EURUSD,eventless_no_decision,,strategy_returned_none,"{""decision_threshold"": 0.6600000000000001, ""no_trade_band"": 0.0}"
2026-03-19T03:00:56.674746+00:00,LIVE,ema_rsi_trend,EURUSD,order_sent_eventless,eventless_1773889254,"side=BUY,confidence=0.9400","{""decision_threshold"": 0.6600000000000001, ""no_trade_band"": 0.0}"
2026-03-19T03:01:15.050044+00:00,LIVE,ema_rsi_trend,EURUSD,eventless_no_decision,,strategy_returned_none,"{""decision_threshold"": 0.6600000000000001, ""no_trade_band"": 0.0}"
2026-03-19T03:01:54.444836+00:00,LIVE,ema_rsi_trend,EURUSD,calendar_refresh,,events=2506,"{""decision_threshold"": 0.6600000000000001, ""no_trade_band"": 0.0}"
2026-03-19T03:01:55.966116+00:00,LIVE,ema_rsi_trend,EURUSD,eventless_no_decision,,strategy_returned_none,"{""decision_threshold"": 0.6600000000000001, ""no_trade_band"": 0.0}"
2026-03-19T03:02:17.425695+00:00,LIVE,ema_rsi_trend,EURUSD,order_sent_eventless,eventless_1773889336,"side=SELL,confidence=0.8966","{""decision_threshold"": 0.6600000000000001, ""no_trade_band"": 0.0}"
2026-03-19T03:02:38.347834+00:00,LIVE,ema_rsi_trend,EURUSD,order_sent_eventless,eventless_1773889356,"side=SELL,confidence=0.8304","{""decision_threshold"": 0.6600000000000001, ""no_trade_band"": 0.0}"
2026-03-19T03:03:03.295667+00:00,LIVE,ema_rsi_trend,EURUSD,order_sent_eventless,eventless_1773889379,"side=BUY,confidence=0.8517","{""decision_threshold"": 0.6600000000000001, ""no_trade_band"": 0.0}"
2026-03-19T03:03:19.798247+00:00,LIVE,ema_rsi_trend,EURUSD,eventless_no_decision,,strategy_returned_none,"{""decision_threshold"": 0.6600000000000001, ""no_trade_band"": 0.0}"
2026-03-19T03:03:54.805687+00:00,LIVE,ema_rsi_trend,EURUSD,calendar_refresh,,events=2506,"{""decision_threshold"": 0.6600000000000001, ""no_trade_band"": 0.0}"
2026-03-19T03:03:55.819237+00:00,LIVE,ema_rsi_trend,EURUSD,eventless_no_decision,,strategy_returned_none,"{""decision_threshold"": 0.6600000000000001, ""no_trade_band"": 0.0}"
2026-03-19T03:04:16.558568+00:00,LIVE,ema_rsi_trend,EURUSD,eventless_no_decision,,strategy_returned_none,"{""decision_threshold"": 0.6600000000000001, ""no_trade_band"": 0.0}"
2026-03-19T03:05:33.348923+00:00,LIVE,ema_rsi_trend,EURUSD,eventless_no_decision,,strategy_returned_none,"{""decision_threshold"": 0.6600000000000001, ""no_trade_band"": 0.0}"
2026-03-19T03:05:54.322407+00:00,LIVE,ema_rsi_trend,EURUSD,calendar_refresh,,events=2506,"{""decision_threshold"": 0.6600000000000001, ""no_trade_band"": 0.0}"
2026-03-19T03:05:57.279279+00:00,LIVE,ema_rsi_trend,EURUSD,eventless_no_decision,,strategy_returned_none,"{""decision_threshold"": 0.6600000000000001, ""no_trade_band"": 0.0}"
2026-03-19T03:06:28.711946+00:00,LIVE,ema_rsi_trend,EURUSD,eventless_no_decision,,strategy_returned_none,"{""decision_threshold"": 0.6600000000000001, ""no_trade_band"": 0.0}"
2026-03-19T03:06:48.740219+00:00,LIVE,ema_rsi_trend,EURUSD,eventless_no_decision,,strategy_returned_none,"{""decision_threshold"": 0.6600000000000001, ""no_trade_band"": 0.0}"
2026-03-19T03:07:08.770164+00:00,LIVE,ema_rsi_trend,EURUSD,eventless_no_decision,,strategy_returned_none,"{""decision_threshold"": 0.6600000000000001, ""no_trade_band"": 0.0}"
2026-03-19T03:07:28.799753+00:00,LIVE,ema_rsi_trend,EURUSD,eventless_no_decision,,strategy_returned_none,"{""decision_threshold"": 0.6600000000000001, ""no_trade_band"": 0.0}"
2026-03-19T03:07:54.974914+00:00,LIVE,ema_rsi_trend,EURUSD,calendar_refresh,,events=2506,"{""decision_threshold"": 0.6600000000000001, ""no_trade_band"": 0.0}"
2026-03-19T03:07:55.999497+00:00,LIVE,ema_rsi_trend,EURUSD,eventless_no_decision,,strategy_returned_none,"{""decision_threshold"": 0.6600000000000001, ""no_trade_band"": 0.0}"
2026-03-19T03:08:18.890996+00:00,LIVE,ema_rsi_trend,EURUSD,eventless_no_decision,,strategy_returned_none,"{""decision_threshold"": 0.6600000000000001, ""no_trade_band"": 0.0}"
2026-03-19T03:08:38.932797+00:00,LIVE,ema_rsi_trend,EURUSD,eventless_no_decision,,strategy_returned_none,"{""decision_threshold"": 0.6600000000000001, ""no_trade_band"": 0.0}"
2026-03-19T03:08:59.309424+00:00,LIVE,ema_rsi_trend,EURUSD,eventless_no_decision,,strategy_returned_none,"{""decision_threshold"": 0.6600000000000001, ""no_trade_band"": 0.0}"
2026-03-19T03:09:20.109042+00:00,LIVE,ema_rsi_trend,EURUSD,order_sent_eventless,eventless_1773889759,"side=SELL,confidence=0.8106","{""decision_threshold"": 0.6600000000000001, ""no_trade_band"": 0.0}"
2026-03-19T03:09:55.148105+00:00,LIVE,ema_rsi_trend,EURUSD,calendar_refresh,,events=2506,"{""decision_threshold"": 0.6600000000000001, ""no_trade_band"": 0.0}"
2026-03-19T03:09:56.159093+00:00,LIVE,ema_rsi_trend,EURUSD,eventless_no_decision,,strategy_returned_none,"{""decision_threshold"": 0.6600000000000001, ""no_trade_band"": 0.0}"
2026-03-19T03:10:16.190143+00:00,LIVE,ema_rsi_trend,EURUSD,eventless_no_decision,,strategy_returned_none,"{""decision_threshold"": 0.6600000000000001, ""no_trade_band"": 0.0}"
2026-03-19T03:10:36.217841+00:00,LIVE,ema_rsi_trend,EURUSD,eventless_no_decision,,strategy_returned_none,"{""decision_threshold"": 0.6600000000000001, ""no_trade_band"": 0.0}"
2026-03-19T03:10:57.348706+00:00,LIVE,ema_rsi_trend,EURUSD,order_sent_eventless,eventless_1773889856,"side=SELL,confidence=0.9209","{""decision_threshold"": 0.6600000000000001, ""no_trade_band"": 0.0}"
2026-03-19T03:11:16.392482+00:00,LIVE,ema_rsi_trend,EURUSD,eventless_no_decision,,strategy_returned_none,"{""decision_threshold"": 0.6600000000000001, ""no_trade_band"": 0.0}"
2026-03-19T03:11:55.511462+00:00,LIVE,ema_rsi_trend,EURUSD,calendar_refresh,,events=2506,"{""decision_threshold"": 0.6600000000000001, ""no_trade_band"": 0.0}"
2026-03-19T03:11:55.521972+00:00,LIVE,ema_rsi_trend,EURUSD,eventless_no_decision,,strategy_returned_none,"{""decision_threshold"": 0.6600000000000001, ""no_trade_band"": 0.0}"
2026-03-19T03:11:56.532088+00:00,LIVE,ema_rsi_trend,EURUSD,eventless_no_decision,,strategy_returned_none,"{""decision_threshold"": 0.6600000000000001, ""no_trade_band"": 0.0}"
2026-03-19T03:12:16.558945+00:00,LIVE,ema_rsi_trend,EURUSD,eventless_no_decision,,strategy_returned_none,"{""decision_threshold"": 0.6600000000000001, ""no_trade_band"": 0.0}"
2026-03-19T03:12:36.586780+00:00,LIVE,ema_rsi_trend,EURUSD,eventless_no_decision,,strategy_returned_none,"{""decision_threshold"": 0.6600000000000001, ""no_trade_band"": 0.0}"
2026-03-19T03:12:56.613970+00:00,LIVE,ema_rsi_trend,EURUSD,eventless_no_decision,,strategy_returned_none,"{""decision_threshold"": 0.6600000000000001, ""no_trade_band"": 0.0}"
2026-03-19T03:13:16.642218+00:00,LIVE,ema_rsi_trend,EURUSD,eventless_no_decision,,strategy_returned_none,"{""decision_threshold"": 0.6600000000000001, ""no_trade_band"": 0.0}"
2026-03-19T03:13:55.327113+00:00,LIVE,ema_rsi_trend,EURUSD,calendar_refresh,,events=2506,"{""decision_threshold"": 0.6600000000000001, ""no_trade_band"": 0.0}"
2026-03-19T03:14:52.562104+00:00,LIVE,ema_rsi_trend,EURUSD,order_sent_eventless,eventless_1773890016,"side=BUY,confidence=0.8484","{""decision_threshold"": 0.6600000000000001, ""no_trade_band"": 0.0}"
2026-03-19T03:15:15.318546+00:00,LIVE,ema_rsi_trend,EURUSD,eventless_no_decision,,strategy_returned_none,"{""decision_threshold"": 0.6600000000000001, ""no_trade_band"": 0.0}"
2026-03-19T03:15:16.678484+00:00,LIVE,ema_rsi_trend,EURUSD,eventless_no_decision,,strategy_returned_none,"{""decision_threshold"": 0.6600000000000001, ""no_trade_band"": 0.0}"
2026-03-19T03:15:36.628182+00:00,LIVE,ema_rsi_trend,EURUSD,eventless_no_decision,,strategy_returned_none,"{""decision_threshold"": 0.6600000000000001, ""no_trade_band"": 0.0}"
2026-03-19T03:15:55.794185+00:00,LIVE,ema_rsi_trend,EURUSD,calendar_refresh,,events=2506,"{""decision_threshold"": 0.6600000000000001, ""no_trade_band"": 0.0}"
2026-03-19T03:15:58.231242+00:00,LIVE,ema_rsi_trend,EURUSD,eventless_no_decision,,strategy_returned_none,"{""decision_threshold"": 0.6600000000000001, ""no_trade_band"": 0.0}"
2026-03-19T03:16:30.135127+00:00,LIVE,ema_rsi_trend,EURUSD,order_sent_eventless,eventless_1773890189,"side=SELL,confidence=0.7252","{""decision_threshold"": 0.6600000000000001, ""no_trade_band"": 0.0}"
2026-03-19T03:16:50.227009+00:00,LIVE,ema_rsi_trend,EURUSD,eventless_no_decision,,strategy_returned_none,"{""decision_threshold"": 0.6600000000000001, ""no_trade_band"": 0.0}"
2026-03-19T03:17:10.605881+00:00,LIVE,ema_rsi_trend,EURUSD,eventless_no_decision,,strategy_returned_none,"{""decision_threshold"": 0.6600000000000001, ""no_trade_band"": 0.0}"
2026-03-19T03:17:31.120498+00:00,LIVE,ema_rsi_trend,EURUSD,eventless_no_decision,,strategy_returned_none,"{""decision_threshold"": 0.6600000000000001, ""no_trade_band"": 0.0}"
2026-03-19T03:17:56.919418+00:00,LIVE,ema_rsi_trend,EURUSD,calendar_refresh,,events=2506,"{""decision_threshold"": 0.6600000000000001, ""no_trade_band"": 0.0}"
2026-03-19T03:17:58.282027+00:00,LIVE,ema_rsi_trend,EURUSD,eventless_no_decision,,strategy_returned_none,"{""decision_threshold"": 0.6600000000000001, ""no_trade_band"": 0.0}"
2026-03-19T03:18:18.309040+00:00,LIVE,ema_rsi_trend,EURUSD,eventless_no_decision,,strategy_returned_none,"{""decision_threshold"": 0.6600000000000001, ""no_trade_band"": 0.0}"
2026-03-19T03:18:38.351491+00:00,LIVE,ema_rsi_trend,EURUSD,eventless_no_decision,,strategy_returned_none,"{""decision_threshold"": 0.6600000000000001, ""no_trade_band"": 0.0}"
2026-03-19T03:18:58.388784+00:00,LIVE,ema_rsi_trend,EURUSD,eventless_no_decision,,strategy_returned_none,"{""decision_threshold"": 0.6600000000000001, ""no_trade_band"": 0.0}"
2026-03-19T03:19:18.417433+00:00,LIVE,ema_rsi_trend,EURUSD,eventless_no_decision,,strategy_returned_none,"{""decision_threshold"": 0.6600000000000001, ""no_trade_band"": 0.0}"
2026-03-19T03:20:19.446381+00:00,LIVE,ema_rsi_trend,EURUSD,calendar_refresh,,events=2506,"{""decision_threshold"": 0.6600000000000001, ""no_trade_band"": 0.0}"
2026-03-19T03:20:19.458300+00:00,LIVE,ema_rsi_trend,EURUSD,eventless_no_decision,,strategy_returned_none,"{""decision_threshold"": 0.6600000000000001, ""no_trade_band"": 0.0}"
2026-03-19T03:20:21.469927+00:00,LIVE,ema_rsi_trend,EURUSD,eventless_no_decision,,strategy_returned_none,"{""decision_threshold"": 0.6600000000000001, ""no_trade_band"": 0.0}"
2026-03-19T03:20:41.498411+00:00,LIVE,ema_rsi_trend,EURUSD,eventless_no_decision,,strategy_returned_none,"{""decision_threshold"": 0.6600000000000001, ""no_trade_band"": 0.0}"
2026-03-19T03:21:01.527722+00:00,LIVE,ema_rsi_trend,EURUSD,eventless_no_decision,,strategy_returned_none,"{""decision_threshold"": 0.6600000000000001, ""no_trade_band"": 0.0}"
2026-03-19T03:21:21.554765+00:00,LIVE,ema_rsi_trend,EURUSD,eventless_no_decision,,strategy_returned_none,"{""decision_threshold"": 0.6600000000000001, ""no_trade_band"": 0.0}"
2026-03-19T03:21:41.583344+00:00,LIVE,ema_rsi_trend,EURUSD,eventless_no_decision,,strategy_returned_none,"{""decision_threshold"": 0.6600000000000001, ""no_trade_band"": 0.0}"
2026-03-19T03:22:19.371713+00:00,LIVE,ema_rsi_trend,EURUSD,calendar_refresh,,events=2506,"{""decision_threshold"": 0.6600000000000001, ""no_trade_band"": 0.0}"
2026-03-19T03:22:20.383481+00:00,LIVE,ema_rsi_trend,EURUSD,eventless_no_decision,,strategy_returned_none,"{""decision_threshold"": 0.6600000000000001, ""no_trade_band"": 0.0}"
2026-03-19T03:22:40.414829+00:00,LIVE,ema_rsi_trend,EURUSD,eventless_no_decision,,strategy_returned_none,"{""decision_threshold"": 0.6600000000000001, ""no_trade_band"": 0.0}"
2026-03-19T03:23:00.461123+00:00,LIVE,ema_rsi_trend,EURUSD,eventless_no_decision,,strategy_returned_none,"{""decision_threshold"": 0.6600000000000001, ""no_trade_band"": 0.0}"
2026-03-19T03:23:20.491106+00:00,LIVE,ema_rsi_trend,EURUSD,eventless_no_decision,,strategy_returned_none,"{""decision_threshold"": 0.6600000000000001, ""no_trade_band"": 0.0}"
2026-03-19T03:24:20.849963+00:00,LIVE,ema_rsi_trend,EURUSD,order_sent_eventless,eventless_1773890620,"side=BUY,confidence=0.8698","{""decision_threshold"": 0.6600000000000001, ""no_trade_band"": 0.0}"
2026-03-19T03:24:40.457081+00:00,LIVE,ema_rsi_trend,EURUSD,calendar_refresh,,events=2506,"{""decision_threshold"": 0.6600000000000001, ""no_trade_band"": 0.0}"
2026-03-19T03:24:42.256134+00:00,LIVE,ema_rsi_trend,EURUSD,order_sent_eventless,eventless_1773890661,"side=SELL,confidence=0.8294","{""decision_threshold"": 0.6600000000000001, ""no_trade_band"": 0.0}"
2026-03-19T03:24:43.266289+00:00,LIVE,ema_rsi_trend,EURUSD,eventless_no_decision,,strategy_returned_none,"{""decision_threshold"": 0.6600000000000001, ""no_trade_band"": 0.0}"
2026-03-19T03:25:04.737472+00:00,LIVE,ema_rsi_trend,EURUSD,order_sent_eventless,eventless_1773890704,"side=SELL,confidence=0.8177","{""decision_threshold"": 0.6600000000000001, ""no_trade_band"": 0.0}"
2026-03-19T03:25:24.758453+00:00,LIVE,ema_rsi_trend,EURUSD,eventless_no_decision,,strategy_returned_none,"{""decision_threshold"": 0.6600000000000001, ""no_trade_band"": 0.0}"
2026-03-19T03:25:47.361591+00:00,LIVE,ema_rsi_trend,EURUSD,order_sent_eventless,eventless_1773890745,"side=BUY,confidence=0.8818","{""decision_threshold"": 0.6600000000000001, ""no_trade_band"": 0.0}"
2026-03-19T03:26:07.663716+00:00,LIVE,ema_rsi_trend,EURUSD,order_sent_eventless,eventless_1773890766,"side=BUY,confidence=0.8387","{""decision_threshold"": 0.6600000000000001, ""no_trade_band"": 0.0}"
2026-03-19T03:26:43.168626+00:00,LIVE,ema_rsi_trend,EURUSD,calendar_refresh,,events=2506,"{""decision_threshold"": 0.6600000000000001, ""no_trade_band"": 0.0}"
2026-03-19T03:26:54.839780+00:00,LIVE,ema_rsi_trend,EURUSD,skip_max_open_positions,eventless_1773890813,open_positions=20,"{""decision_threshold"": 0.6600000000000001, ""no_trade_band"": 0.0}"
2026-03-19T03:27:23.294206+00:00,LIVE,ema_rsi_trend,EURUSD,order_sent_eventless,eventless_1773890838,"side=BUY,confidence=0.9104","{""decision_threshold"": 0.6600000000000001, ""no_trade_band"": 0.0}"
2026-03-19T03:27:48.713399+00:00,LIVE,ema_rsi_trend,EURUSD,order_sent_eventless,eventless_1773890863,"side=BUY,confidence=0.9128","{""decision_threshold"": 0.6600000000000001, ""no_trade_band"": 0.0}"
2026-03-19T03:28:04.787707+00:00,LIVE,ema_rsi_trend,EURUSD,order_sent_eventless,eventless_1773890884,"side=BUY,confidence=0.8972","{""decision_threshold"": 0.6600000000000001, ""no_trade_band"": 0.0}"
2026-03-19T03:28:43.280922+00:00,LIVE,ema_rsi_trend,EURUSD,calendar_refresh,,events=2506,"{""decision_threshold"": 0.6600000000000001, ""no_trade_band"": 0.0}"
2026-03-19T03:28:50.082658+00:00,LIVE,ema_rsi_trend,EURUSD,order_sent_eventless,eventless_1773890926,"side=BUY,confidence=0.8805","{""decision_threshold"": 0.6600000000000001, ""no_trade_band"": 0.0}"
2026-03-19T03:29:08.104888+00:00,LIVE,ema_rsi_trend,EURUSD,eventless_no_decision,,strategy_returned_none,"{""decision_threshold"": 0.6600000000000001, ""no_trade_band"": 0.0}"
2026-03-19T03:29:28.829647+00:00,LIVE,ema_rsi_trend,EURUSD,order_sent_eventless,eventless_1773890968,"side=BUY,confidence=0.8225","{""decision_threshold"": 0.6600000000000001, ""no_trade_band"": 0.0}"
2026-03-19T03:29:48.860234+00:00,LIVE,ema_rsi_trend,EURUSD,eventless_no_decision,,strategy_returned_none,"{""decision_threshold"": 0.6600000000000001, ""no_trade_band"": 0.0}"
2026-03-19T03:30:09.611213+00:00,LIVE,ema_rsi_trend,EURUSD,order_sent_eventless,eventless_1773891008,"side=BUY,confidence=0.8174","{""decision_threshold"": 0.6600000000000001, ""no_trade_band"": 0.0}"
2026-03-19T03:30:42.932078+00:00,LIVE,ema_rsi_trend,EURUSD,calendar_refresh,,events=2506,"{""decision_threshold"": 0.6600000000000001, ""no_trade_band"": 0.0}"
2026-03-19T03:30:43.943371+00:00,LIVE,ema_rsi_trend,EURUSD,skip_max_open_positions,eventless_1773891043,open_positions=20,"{""decision_threshold"": 0.6600000000000001, ""no_trade_band"": 0.0}"
2026-03-19T03:31:04.138259+00:00,LIVE,ema_rsi_trend,EURUSD,eventless_no_decision,,strategy_returned_none,"{""decision_threshold"": 0.6600000000000001, ""no_trade_band"": 0.0}"
2026-03-19T03:31:31.404219+00:00,LIVE,ema_rsi_trend,EURUSD,eventless_no_decision,,strategy_returned_none,"{""decision_threshold"": 0.6600000000000001, ""no_trade_band"": 0.0}"
2026-03-19T03:31:51.915461+00:00,LIVE,ema_rsi_trend,EURUSD,order_sent_eventless,eventless_1773891107,"side=SELL,confidence=0.8100","{""decision_threshold"": 0.6600000000000001, ""no_trade_band"": 0.0}"
2026-03-19T03:32:07.900135+00:00,LIVE,ema_rsi_trend,EURUSD,eventless_no_decision,,strategy_returned_none,"{""decision_threshold"": 0.6600000000000001, ""no_trade_band"": 0.0}"
2026-03-19T03:32:44.821493+00:00,LIVE,ema_rsi_trend,EURUSD,calendar_refresh,,events=2506,"{""decision_threshold"": 0.6600000000000001, ""no_trade_band"": 0.0}"
2026-03-19T03:33:21.391538+00:00,LIVE,ema_rsi_trend,EURUSD,order_sent_eventless,eventless_1773891200,"side=BUY,confidence=0.8010","{""decision_threshold"": 0.6600000000000001, ""no_trade_band"": 0.0}"
2026-03-19T03:33:54.002834+00:00,LIVE,ema_rsi_trend,EURUSD,order_sent_eventless,eventless_1773891232,"side=SELL,confidence=0.9144","{""decision_threshold"": 0.6600000000000001, ""no_trade_band"": 0.0}"
2026-03-19T03:34:17.706762+00:00,LIVE,ema_rsi_trend,EURUSD,order_sent_eventless,eventless_1773891252,"side=SELL,confidence=0.8469","{""decision_threshold"": 0.6600000000000001, ""no_trade_band"": 0.0}"
2026-03-19T03:34:43.876055+00:00,LIVE,ema_rsi_trend,EURUSD,calendar_refresh,,events=2506,"{""decision_threshold"": 0.6600000000000001, ""no_trade_band"": 0.0}"
2026-03-19T03:34:44.899145+00:00,LIVE,ema_rsi_trend,EURUSD,eventless_no_decision,,strategy_returned_none,"{""decision_threshold"": 0.6600000000000001, ""no_trade_band"": 0.0}"
2026-03-19T03:35:04.925733+00:00,LIVE,ema_rsi_trend,EURUSD,eventless_no_decision,,strategy_returned_none,"{""decision_threshold"": 0.6600000000000001, ""no_trade_band"": 0.0}"
2026-03-19T03:35:25.064900+00:00,LIVE,ema_rsi_trend,EURUSD,eventless_no_decision,,strategy_returned_none,"{""decision_threshold"": 0.6600000000000001, ""no_trade_band"": 0.0}"
2026-03-19T03:35:45.094733+00:00,LIVE,ema_rsi_trend,EURUSD,eventless_no_decision,,strategy_returned_none,"{""decision_threshold"": 0.6600000000000001, ""no_trade_band"": 0.0}"
2026-03-19T03:36:06.630605+00:00,LIVE,ema_rsi_trend,EURUSD,order_sent_eventless,eventless_1773891365,"side=BUY,confidence=0.8415","{""decision_threshold"": 0.6600000000000001, ""no_trade_band"": 0.0}"
2026-03-19T03:36:45.399099+00:00,LIVE,ema_rsi_trend,EURUSD,calendar_refresh,,events=2506,"{""decision_threshold"": 0.6600000000000001, ""no_trade_band"": 0.0}"
2026-03-19T03:36:53.872980+00:00,LIVE,ema_rsi_trend,EURUSD,eventless_no_decision,,strategy_returned_none,"{""decision_threshold"": 0.6600000000000001, ""no_trade_band"": 0.0}"
2026-03-19T03:36:54.883455+00:00,LIVE,ema_rsi_trend,EURUSD,eventless_no_decision,,strategy_returned_none,"{""decision_threshold"": 0.6600000000000001, ""no_trade_band"": 0.0}"
2026-03-19T03:37:14.910981+00:00,LIVE,ema_rsi_trend,EURUSD,eventless_no_decision,,strategy_returned_none,"{""decision_threshold"": 0.6600000000000001, ""no_trade_band"": 0.0}"
2026-03-19T03:37:34.937647+00:00,LIVE,ema_rsi_trend,EURUSD,eventless_no_decision,,strategy_returned_none,"{""decision_threshold"": 0.6600000000000001, ""no_trade_band"": 0.0}"
2026-03-19T03:38:06.707132+00:00,LIVE,ema_rsi_trend,EURUSD,eventless_no_decision,,strategy_returned_none,"{""decision_threshold"": 0.6600000000000001, ""no_trade_band"": 0.0}"
2026-03-19T03:38:44.946222+00:00,LIVE,ema_rsi_trend,EURUSD,calendar_refresh,,events=2506,"{""decision_threshold"": 0.6600000000000001, ""no_trade_band"": 0.0}"
2026-03-19T03:38:45.956674+00:00,LIVE,ema_rsi_trend,EURUSD,eventless_no_decision,,strategy_returned_none,"{""decision_threshold"": 0.6600000000000001, ""no_trade_band"": 0.0}"
2026-03-19T03:39:14.844383+00:00,LIVE,ema_rsi_trend,EURUSD,eventless_no_decision,,strategy_returned_none,"{""decision_threshold"": 0.6600000000000001, ""no_trade_band"": 0.0}"
2026-03-19T03:39:34.873214+00:00,LIVE,ema_rsi_trend,EURUSD,eventless_no_decision,,strategy_returned_none,"{""decision_threshold"": 0.6600000000000001, ""no_trade_band"": 0.0}"
2026-03-19T03:39:54.902367+00:00,LIVE,ema_rsi_trend,EURUSD,eventless_no_decision,,strategy_returned_none,"{""decision_threshold"": 0.6600000000000001, ""no_trade_band"": 0.0}"
2026-03-19T03:40:14.947641+00:00,LIVE,ema_rsi_trend,EURUSD,eventless_no_decision,,strategy_returned_none,"{""decision_threshold"": 0.6600000000000001, ""no_trade_band"": 0.0}"
2026-03-19T03:40:45.450367+00:00,LIVE,ema_rsi_trend,EURUSD,calendar_refresh,,events=2506,"{""decision_threshold"": 0.6600000000000001, ""no_trade_band"": 0.0}"
2026-03-19T03:40:46.459504+00:00,LIVE,ema_rsi_trend,EURUSD,eventless_no_decision,,strategy_returned_none,"{""decision_threshold"": 0.6600000000000001, ""no_trade_band"": 0.0}"
2026-03-19T03:41:06.486844+00:00,LIVE,ema_rsi_trend,EURUSD,eventless_no_decision,,strategy_returned_none,"{""decision_threshold"": 0.6600000000000001, ""no_trade_band"": 0.0}"
2026-03-19T03:41:26.514808+00:00,LIVE,ema_rsi_trend,EURUSD,eventless_no_decision,,strategy_returned_none,"{""decision_threshold"": 0.6600000000000001, ""no_trade_band"": 0.0}"
2026-03-19T03:41:47.596133+00:00,LIVE,ema_rsi_trend,EURUSD,order_sent_eventless,eventless_1773891706,"side=SELL,confidence=0.7114","{""decision_threshold"": 0.6600000000000001, ""no_trade_band"": 0.0}"
2026-03-19T03:42:06.974069+00:00,LIVE,ema_rsi_trend,EURUSD,eventless_no_decision,,strategy_returned_none,"{""decision_threshold"": 0.6600000000000001, ""no_trade_band"": 0.0}"
2026-03-19T03:42:45.505233+00:00,LIVE,ema_rsi_trend,EURUSD,calendar_refresh,,events=2506,"{""decision_threshold"": 0.6600000000000001, ""no_trade_band"": 0.0}"
2026-03-19T03:42:46.515384+00:00,LIVE,ema_rsi_trend,EURUSD,eventless_no_decision,,strategy_returned_none,"{""decision_threshold"": 0.6600000000000001, ""no_trade_band"": 0.0}"
2026-03-19T03:43:06.907712+00:00,LIVE,ema_rsi_trend,EURUSD,eventless_no_decision,,strategy_returned_none,"{""decision_threshold"": 0.6600000000000001, ""no_trade_band"": 0.0}"
2026-03-19T03:43:34.992103+00:00,LIVE,ema_rsi_trend,EURUSD,eventless_no_decision,,strategy_returned_none,"{""decision_threshold"": 0.6600000000000001, ""no_trade_band"": 0.0}"
2026-03-19T03:43:55.020913+00:00,LIVE,ema_rsi_trend,EURUSD,eventless_no_decision,,strategy_returned_none,"{""decision_threshold"": 0.6600000000000001, ""no_trade_band"": 0.0}"
2026-03-19T03:44:15.048779+00:00,LIVE,ema_rsi_trend,EURUSD,eventless_no_decision,,strategy_returned_none,"{""decision_threshold"": 0.6600000000000001, ""no_trade_band"": 0.0}"
2026-03-19T03:44:46.915510+00:00,LIVE,ema_rsi_trend,EURUSD,calendar_refresh,,events=2506,"{""decision_threshold"": 0.6600000000000001, ""no_trade_band"": 0.0}"
2026-03-19T03:44:48.667766+00:00,LIVE,ema_rsi_trend,EURUSD,order_sent_eventless,eventless_1773891887,"side=SELL,confidence=0.8615","{""decision_threshold"": 0.6600000000000001, ""no_trade_band"": 0.0}"
2026-03-19T03:45:08.393997+00:00,LIVE,ema_rsi_trend,EURUSD,eventless_no_decision,,strategy_returned_none,"{""decision_threshold"": 0.6600000000000001, ""no_trade_band"": 0.0}"
2026-03-19T03:45:28.421477+00:00,LIVE,ema_rsi_trend,EURUSD,eventless_no_decision,,strategy_returned_none,"{""decision_threshold"": 0.6600000000000001, ""no_trade_band"": 0.0}"
2026-03-19T03:45:48.465495+00:00,LIVE,ema_rsi_trend,EURUSD,eventless_no_decision,,strategy_returned_none,"{""decision_threshold"": 0.6600000000000001, ""no_trade_band"": 0.0}"
2026-03-19T03:46:08.495566+00:00,LIVE,ema_rsi_trend,EURUSD,eventless_no_decision,,strategy_returned_none,"{""decision_threshold"": 0.6600000000000001, ""no_trade_band"": 0.0}"
2026-03-19T03:46:47.449311+00:00,LIVE,ema_rsi_trend,EURUSD,calendar_refresh,,events=2506,"{""decision_threshold"": 0.6600000000000001, ""no_trade_band"": 0.0}"
2026-03-19T03:46:53.560054+00:00,LIVE,ema_rsi_trend,EURUSD,order_sent_eventless,eventless_1773892008,"side=BUY,confidence=0.8892","{""decision_threshold"": 0.6600000000000001, ""no_trade_band"": 0.0}"
2026-03-19T03:47:09.761071+00:00,LIVE,ema_rsi_trend,EURUSD,order_sent_eventless,eventless_1773892029,"side=BUY,confidence=0.8755","{""decision_threshold"": 0.6600000000000001, ""no_trade_band"": 0.0}"
2026-03-19T03:47:29.497794+00:00,LIVE,ema_rsi_trend,EURUSD,eventless_no_decision,,strategy_returned_none,"{""decision_threshold"": 0.6600000000000001, ""no_trade_band"": 0.0}"
2026-03-19T03:47:49.526856+00:00,LIVE,ema_rsi_trend,EURUSD,eventless_no_decision,,strategy_returned_none,"{""decision_threshold"": 0.6600000000000001, ""no_trade_band"": 0.0}"
2026-03-19T03:48:09.557147+00:00,LIVE,ema_rsi_trend,EURUSD,skip_max_open_positions,eventless_1773892089,open_positions=20,"{""decision_threshold"": 0.6600000000000001, ""no_trade_band"": 0.0}"
2026-03-19T03:48:47.609415+00:00,LIVE,ema_rsi_trend,EURUSD,calendar_refresh,,events=2506,"{""decision_threshold"": 0.6600000000000001, ""no_trade_band"": 0.0}"
2026-03-19T03:49:03.108719+00:00,LIVE,ema_rsi_trend,EURUSD,eventless_no_decision,,strategy_returned_none,"{""decision_threshold"": 0.6600000000000001, ""no_trade_band"": 0.0}"
2026-03-19T03:49:21.574248+00:00,LIVE,ema_rsi_trend,EURUSD,skip_max_open_positions,eventless_1773892161,open_positions=20,"{""decision_threshold"": 0.6600000000000001, ""no_trade_band"": 0.0}"
2026-03-19T03:49:41.607971+00:00,LIVE,ema_rsi_trend,EURUSD,eventless_no_decision,,strategy_returned_none,"{""decision_threshold"": 0.6600000000000001, ""no_trade_band"": 0.0}"
2026-03-19T03:50:01.638937+00:00,LIVE,ema_rsi_trend,EURUSD,eventless_no_decision,,strategy_returned_none,"{""decision_threshold"": 0.6600000000000001, ""no_trade_band"": 0.0}"
2026-03-19T03:50:21.665360+00:00,LIVE,ema_rsi_trend,EURUSD,skip_max_open_positions,eventless_1773892221,open_positions=20,"{""decision_threshold"": 0.6600000000000001, ""no_trade_band"": 0.0}"
2026-03-19T03:50:47.559199+00:00,LIVE,ema_rsi_trend,EURUSD,calendar_refresh,,events=2506,"{""decision_threshold"": 0.6600000000000001, ""no_trade_band"": 0.0}"
2026-03-19T03:50:48.571042+00:00,LIVE,ema_rsi_trend,EURUSD,skip_max_open_positions,eventless_1773892248,open_positions=20,"{""decision_threshold"": 0.6600000000000001, ""no_trade_band"": 0.0}"
2026-03-19T03:51:08.597958+00:00,LIVE,ema_rsi_trend,EURUSD,eventless_no_decision,,strategy_returned_none,"{""decision_threshold"": 0.6600000000000001, ""no_trade_band"": 0.0}"
2026-03-19T03:51:28.725432+00:00,LIVE,ema_rsi_trend,EURUSD,eventless_no_decision,,strategy_returned_none,"{""decision_threshold"": 0.6600000000000001, ""no_trade_band"": 0.0}"
2026-03-19T03:51:48.756178+00:00,LIVE,ema_rsi_trend,EURUSD,eventless_no_decision,,strategy_returned_none,"{""decision_threshold"": 0.6600000000000001, ""no_trade_band"": 0.0}"
2026-03-19T03:52:23.258383+00:00,LIVE,ema_rsi_trend,EURUSD,eventless_no_decision,,strategy_returned_none,"{""decision_threshold"": 0.6600000000000001, ""no_trade_band"": 0.0}"
2026-03-19T03:52:53.227440+00:00,LIVE,ema_rsi_trend,EURUSD,calendar_refresh,,events=2506,"{""decision_threshold"": 0.6600000000000001, ""no_trade_band"": 0.0}"
2026-03-19T03:53:01.007729+00:00,LIVE,ema_rsi_trend,EURUSD,skip_max_open_positions,eventless_1773892380,open_positions=20,"{""decision_threshold"": 0.6600000000000001, ""no_trade_band"": 0.0}"
2026-03-19T03:53:21.036939+00:00,LIVE,ema_rsi_trend,EURUSD,eventless_no_decision,,strategy_returned_none,"{""decision_threshold"": 0.6600000000000001, ""no_trade_band"": 0.0}"
2026-03-19T03:53:41.727460+00:00,LIVE,ema_rsi_trend,EURUSD,eventless_no_decision,,strategy_returned_none,"{""decision_threshold"": 0.6600000000000001, ""no_trade_band"": 0.0}"
2026-03-19T03:54:01.756016+00:00,LIVE,ema_rsi_trend,EURUSD,skip_max_open_positions,eventless_1773892441,open_positions=20,"{""decision_threshold"": 0.6600000000000001, ""no_trade_band"": 0.0}"
2026-03-19T03:54:21.785452+00:00,LIVE,ema_rsi_trend,EURUSD,skip_max_open_positions,eventless_1773892461,open_positions=20,"{""decision_threshold"": 0.6600000000000001, ""no_trade_band"": 0.0}"
2026-03-19T03:54:55.890142+00:00,LIVE,ema_rsi_trend,EURUSD,calendar_refresh,,events=2506,"{""decision_threshold"": 0.6600000000000001, ""no_trade_band"": 0.0}"
2026-03-19T03:54:56.901547+00:00,LIVE,ema_rsi_trend,EURUSD,eventless_no_decision,,strategy_returned_none,"{""decision_threshold"": 0.6600000000000001, ""no_trade_band"": 0.0}"
2026-03-19T03:55:16.944339+00:00,LIVE,ema_rsi_trend,EURUSD,eventless_no_decision,,strategy_returned_none,"{""decision_threshold"": 0.6600000000000001, ""no_trade_band"": 0.0}"
2026-03-19T03:55:37.633978+00:00,LIVE,ema_rsi_trend,EURUSD,eventless_no_decision,,strategy_returned_none,"{""decision_threshold"": 0.6600000000000001, ""no_trade_band"": 0.0}"
2026-03-19T03:55:57.711942+00:00,LIVE,ema_rsi_trend,EURUSD,eventless_no_decision,,strategy_returned_none,"{""decision_threshold"": 0.6600000000000001, ""no_trade_band"": 0.0}"
2026-03-19T03:56:17.755660+00:00,LIVE,ema_rsi_trend,EURUSD,eventless_no_decision,,strategy_returned_none,"{""decision_threshold"": 0.6600000000000001, ""no_trade_band"": 0.0}"
2026-03-19T03:56:55.428661+00:00,LIVE,ema_rsi_trend,EURUSD,calendar_refresh,,events=2506,"{""decision_threshold"": 0.6600000000000001, ""no_trade_band"": 0.0}"
2026-03-19T03:56:56.439575+00:00,LIVE,ema_rsi_trend,EURUSD,eventless_no_decision,,strategy_returned_none,"{""decision_threshold"": 0.6600000000000001, ""no_trade_band"": 0.0}"
2026-03-19T03:57:16.483622+00:00,LIVE,ema_rsi_trend,EURUSD,skip_max_open_positions,eventless_1773892636,open_positions=20,"{""decision_threshold"": 0.6600000000000001, ""no_trade_band"": 0.0}"
2026-03-19T03:57:36.511903+00:00,LIVE,ema_rsi_trend,EURUSD,eventless_no_decision,,strategy_returned_none,"{""decision_threshold"": 0.6600000000000001, ""no_trade_band"": 0.0}"
2026-03-19T03:57:56.539828+00:00,LIVE,ema_rsi_trend,EURUSD,skip_max_open_positions,eventless_1773892676,open_positions=20,"{""decision_threshold"": 0.6600000000000001, ""no_trade_band"": 0.0}"
2026-03-19T03:58:16.568073+00:00,LIVE,ema_rsi_trend,EURUSD,eventless_no_decision,,strategy_returned_none,"{""decision_threshold"": 0.6600000000000001, ""no_trade_band"": 0.0}"
2026-03-19T03:58:54.906349+00:00,LIVE,ema_rsi_trend,EURUSD,calendar_refresh,,events=2523,"{""decision_threshold"": 0.6600000000000001, ""no_trade_band"": 0.0}"
2026-03-19T03:58:54.916971+00:00,LIVE,ema_rsi_trend,EURUSD,eventless_no_decision,,strategy_returned_none,"{""decision_threshold"": 0.6600000000000001, ""no_trade_band"": 0.0}"
2026-03-19T03:58:56.928933+00:00,LIVE,ema_rsi_trend,EURUSD,eventless_no_decision,,strategy_returned_none,"{""decision_threshold"": 0.6600000000000001, ""no_trade_band"": 0.0}"
2026-03-19T03:59:16.970128+00:00,LIVE,ema_rsi_trend,EURUSD,skip_max_open_positions,eventless_1773892756,open_positions=20,"{""decision_threshold"": 0.6600000000000001, ""no_trade_band"": 0.0}"
2026-03-19T03:59:37.000868+00:00,LIVE,ema_rsi_trend,EURUSD,eventless_no_decision,,strategy_returned_none,"{""decision_threshold"": 0.6600000000000001, ""no_trade_band"": 0.0}"
2026-03-19T03:59:57.031925+00:00,LIVE,ema_rsi_trend,EURUSD,eventless_no_decision,,strategy_returned_none,"{""decision_threshold"": 0.6600000000000001, ""no_trade_band"": 0.0}"
2026-03-19T04:00:26.422091+00:00,LIVE,ema_rsi_trend,EURUSD,eventless_no_decision,,strategy_returned_none,"{""decision_threshold"": 0.6600000000000001, ""no_trade_band"": 0.0}"
2026-03-19T04:00:55.068603+00:00,LIVE,ema_rsi_trend,EURUSD,calendar_refresh,,events=2506,"{""decision_threshold"": 0.6600000000000001, ""no_trade_band"": 0.0}"
2026-03-19T04:01:01.996960+00:00,LIVE,ema_rsi_trend,EURUSD,order_sent_eventless,eventless_1773892861,"side=BUY,confidence=0.8524","{""decision_threshold"": 0.6600000000000001, ""no_trade_band"": 0.0}"
2026-03-19T04:01:22.093341+00:00,LIVE,ema_rsi_trend,EURUSD,order_sent_eventless,eventless_1773892881,"side=BUY,confidence=0.8602","{""decision_threshold"": 0.6600000000000001, ""no_trade_band"": 0.0}"
2026-03-19T04:01:41.473002+00:00,LIVE,ema_rsi_trend,EURUSD,eventless_no_decision,,strategy_returned_none,"{""decision_threshold"": 0.6600000000000001, ""no_trade_band"": 0.0}"
2026-03-19T04:02:01.517855+00:00,LIVE,ema_rsi_trend,EURUSD,eventless_no_decision,,strategy_returned_none,"{""decision_threshold"": 0.6600000000000001, ""no_trade_band"": 0.0}"
2026-03-19T04:02:22.261279+00:00,LIVE,ema_rsi_trend,EURUSD,eventless_no_decision,,strategy_returned_none,"{""decision_threshold"": 0.6600000000000001, ""no_trade_band"": 0.0}"
2026-03-19T04:02:56.169556+00:00,LIVE,ema_rsi_trend,EURUSD,calendar_refresh,,events=2506,"{""decision_threshold"": 0.6600000000000001, ""no_trade_band"": 0.0}"
2026-03-19T04:02:57.803006+00:00,LIVE,ema_rsi_trend,EURUSD,eventless_no_decision,,strategy_returned_none,"{""decision_threshold"": 0.6600000000000001, ""no_trade_band"": 0.0}"
2026-03-19T04:03:17.532429+00:00,LIVE,ema_rsi_trend,EURUSD,eventless_no_decision,,strategy_returned_none,"{""decision_threshold"": 0.6600000000000001, ""no_trade_band"": 0.0}"
2026-03-19T04:03:40.426040+00:00,LIVE,ema_rsi_trend,EURUSD,order_sent_eventless,eventless_1773893017,"side=SELL,confidence=0.8309","{""decision_threshold"": 0.6600000000000001, ""no_trade_band"": 0.0}"
2026-03-19T04:03:57.818640+00:00,LIVE,ema_rsi_trend,EURUSD,eventless_no_decision,,strategy_returned_none,"{""decision_threshold"": 0.6600000000000001, ""no_trade_band"": 0.0}"
2026-03-19T04:04:17.862393+00:00,LIVE,ema_rsi_trend,EURUSD,eventless_no_decision,,strategy_returned_none,"{""decision_threshold"": 0.6600000000000001, ""no_trade_band"": 0.0}"
2026-03-19T04:04:56.949617+00:00,LIVE,ema_rsi_trend,EURUSD,calendar_refresh,,events=2506,"{""decision_threshold"": 0.6600000000000001, ""no_trade_band"": 0.0}"
2026-03-19T04:04:57.960064+00:00,LIVE,ema_rsi_trend,EURUSD,eventless_no_decision,,strategy_returned_none,"{""decision_threshold"": 0.6600000000000001, ""no_trade_band"": 0.0}"
2026-03-19T04:05:23.164678+00:00,LIVE,ema_rsi_trend,EURUSD,eventless_no_decision,,strategy_returned_none,"{""decision_threshold"": 0.6600000000000001, ""no_trade_band"": 0.0}"
2026-03-19T04:05:47.202822+00:00,LIVE,ema_rsi_trend,EURUSD,eventless_no_decision,,strategy_returned_none,"{""decision_threshold"": 0.6600000000000001, ""no_trade_band"": 0.0}"
2026-03-19T04:06:07.335545+00:00,LIVE,ema_rsi_trend,EURUSD,order_sent_eventless,eventless_1773893166,"side=BUY,confidence=0.8450","{""decision_threshold"": 0.6600000000000001, ""no_trade_band"": 0.0}"
2026-03-19T04:06:28.156889+00:00,LIVE,ema_rsi_trend,EURUSD,order_sent_eventless,eventless_1773893187,"side=BUY,confidence=0.8222","{""decision_threshold"": 0.6600000000000001, ""no_trade_band"": 0.0}"
2026-03-19T04:06:58.164428+00:00,LIVE,ema_rsi_trend,EURUSD,calendar_refresh,,events=2506,"{""decision_threshold"": 0.6600000000000001, ""no_trade_band"": 0.0}"
2026-03-19T04:06:59.174763+00:00,LIVE,ema_rsi_trend,EURUSD,eventless_no_decision,,strategy_returned_none,"{""decision_threshold"": 0.6600000000000001, ""no_trade_band"": 0.0}"
2026-03-19T04:07:19.553627+00:00,LIVE,ema_rsi_trend,EURUSD,eventless_no_decision,,strategy_returned_none,"{""decision_threshold"": 0.6600000000000001, ""no_trade_band"": 0.0}"
2026-03-19T04:07:39.581957+00:00,LIVE,ema_rsi_trend,EURUSD,eventless_no_decision,,strategy_returned_none,"{""decision_threshold"": 0.6600000000000001, ""no_trade_band"": 0.0}"
2026-03-19T04:07:59.610214+00:00,LIVE,ema_rsi_trend,EURUSD,eventless_no_decision,,strategy_returned_none,"{""decision_threshold"": 0.6600000000000001, ""no_trade_band"": 0.0}"
2026-03-19T04:08:21.275038+00:00,LIVE,ema_rsi_trend,EURUSD,order_sent_eventless,eventless_1773893299,"side=BUY,confidence=0.9150","{""decision_threshold"": 0.6600000000000001, ""no_trade_band"": 0.0}"
2026-03-19T04:08:57.876939+00:00,LIVE,ema_rsi_trend,EURUSD,calendar_refresh,,events=2506,"{""decision_threshold"": 0.6600000000000001, ""no_trade_band"": 0.0}"
2026-03-19T04:08:59.689439+00:00,LIVE,ema_rsi_trend,EURUSD,order_sent_eventless,eventless_1773893338,"side=BUY,confidence=0.8756","{""decision_threshold"": 0.6600000000000001, ""no_trade_band"": 0.0}"
2026-03-19T04:09:21.953146+00:00,LIVE,ema_rsi_trend,EURUSD,eventless_no_decision,,strategy_returned_none,"{""decision_threshold"": 0.6600000000000001, ""no_trade_band"": 0.0}"
2026-03-19T04:09:41.983084+00:00,LIVE,ema_rsi_trend,EURUSD,eventless_no_decision,,strategy_returned_none,"{""decision_threshold"": 0.6600000000000001, ""no_trade_band"": 0.0}"
2026-03-19T04:10:02.741085+00:00,LIVE,ema_rsi_trend,EURUSD,eventless_no_decision,,strategy_returned_none,"{""decision_threshold"": 0.6600000000000001, ""no_trade_band"": 0.0}"
2026-03-19T04:10:34.986993+00:00,LIVE,ema_rsi_trend,EURUSD,eventless_no_decision,,strategy_returned_none,"{""decision_threshold"": 0.6600000000000001, ""no_trade_band"": 0.0}"
2026-03-19T04:10:57.625882+00:00,LIVE,ema_rsi_trend,EURUSD,calendar_refresh,,events=2506,"{""decision_threshold"": 0.6600000000000001, ""no_trade_band"": 0.0}"
2026-03-19T04:10:59.429602+00:00,LIVE,ema_rsi_trend,EURUSD,order_sent_eventless,eventless_1773893458,"side=SELL,confidence=0.8834","{""decision_threshold"": 0.6600000000000001, ""no_trade_band"": 0.0}"
2026-03-19T04:11:18.814444+00:00,LIVE,ema_rsi_trend,EURUSD,eventless_no_decision,,strategy_returned_none,"{""decision_threshold"": 0.6600000000000001, ""no_trade_band"": 0.0}"
2026-03-19T04:11:44.810722+00:00,LIVE,ema_rsi_trend,EURUSD,order_sent_eventless,eventless_1773893498,"side=SELL,confidence=0.8794","{""decision_threshold"": 0.6600000000000001, ""no_trade_band"": 0.0}"
2026-03-19T04:11:59.833966+00:00,LIVE,ema_rsi_trend,EURUSD,eventless_no_decision,,strategy_returned_none,"{""decision_threshold"": 0.6600000000000001, ""no_trade_band"": 0.0}"
2026-03-19T04:12:19.861266+00:00,LIVE,ema_rsi_trend,EURUSD,eventless_no_decision,,strategy_returned_none,"{""decision_threshold"": 0.6600000000000001, ""no_trade_band"": 0.0}"
2026-03-19T04:13:00.230125+00:00,LIVE,ema_rsi_trend,EURUSD,calendar_refresh,,events=2506,"{""decision_threshold"": 0.6600000000000001, ""no_trade_band"": 0.0}"
2026-03-19T04:13:00.239105+00:00,LIVE,ema_rsi_trend,EURUSD,eventless_no_decision,,strategy_returned_none,"{""decision_threshold"": 0.6600000000000001, ""no_trade_band"": 0.0}"
2026-03-19T04:13:01.247336+00:00,LIVE,ema_rsi_trend,EURUSD,eventless_no_decision,,strategy_returned_none,"{""decision_threshold"": 0.6600000000000001, ""no_trade_band"": 0.0}"
2026-03-19T04:13:21.976686+00:00,LIVE,ema_rsi_trend,EURUSD,order_sent_eventless,eventless_1773893601,"side=SELL,confidence=0.8253","{""decision_threshold"": 0.6600000000000001, ""no_trade_band"": 0.0}"
2026-03-19T04:13:42.715592+00:00,LIVE,ema_rsi_trend,EURUSD,order_sent_eventless,eventless_1773893621,"side=SELL,confidence=0.9069","{""decision_threshold"": 0.6600000000000001, ""no_trade_band"": 0.0}"
2026-03-19T04:14:02.878742+00:00,LIVE,ema_rsi_trend,EURUSD,eventless_no_decision,,strategy_returned_none,"{""decision_threshold"": 0.6600000000000001, ""no_trade_band"": 0.0}"
2026-03-19T04:14:27.751589+00:00,LIVE,ema_rsi_trend,EURUSD,order_sent_eventless,eventless_1773893662,"side=BUY,confidence=0.8463","{""decision_threshold"": 0.6600000000000001, ""no_trade_band"": 0.0}"
2026-03-19T04:15:00.830312+00:00,LIVE,ema_rsi_trend,EURUSD,calendar_refresh,,events=2506,"{""decision_threshold"": 0.6600000000000001, ""no_trade_band"": 0.0}"
2026-03-19T04:15:01.841201+00:00,LIVE,ema_rsi_trend,EURUSD,skip_max_open_positions,eventless_1773893701,open_positions=20,"{""decision_threshold"": 0.6600000000000001, ""no_trade_band"": 0.0}"
2026-03-19T04:15:22.017883+00:00,LIVE,ema_rsi_trend,EURUSD,skip_max_open_positions,eventless_1773893722,open_positions=20,"{""decision_threshold"": 0.6600000000000001, ""no_trade_band"": 0.0}"
2026-03-19T04:15:42.053673+00:00,LIVE,ema_rsi_trend,EURUSD,eventless_no_decision,,strategy_returned_none,"{""decision_threshold"": 0.6600000000000001, ""no_trade_band"": 0.0}"
2026-03-19T04:16:02.093406+00:00,LIVE,ema_rsi_trend,EURUSD,eventless_no_decision,,strategy_returned_none,"{""decision_threshold"": 0.6600000000000001, ""no_trade_band"": 0.0}"
2026-03-19T04:16:22.870676+00:00,LIVE,ema_rsi_trend,EURUSD,eventless_no_decision,,strategy_returned_none,"{""decision_threshold"": 0.6600000000000001, ""no_trade_band"": 0.0}"
2026-03-19T04:17:00.067717+00:00,LIVE,ema_rsi_trend,EURUSD,calendar_refresh,,events=2506,"{""decision_threshold"": 0.6600000000000001, ""no_trade_band"": 0.0}"
2026-03-19T04:17:01.078695+00:00,LIVE,ema_rsi_trend,EURUSD,skip_max_open_positions,eventless_1773893821,open_positions=20,"{""decision_threshold"": 0.6600000000000001, ""no_trade_band"": 0.0}"
2026-03-19T04:17:21.106083+00:00,LIVE,ema_rsi_trend,EURUSD,eventless_no_decision,,strategy_returned_none,"{""decision_threshold"": 0.6600000000000001, ""no_trade_band"": 0.0}"
2026-03-19T04:17:41.135791+00:00,LIVE,ema_rsi_trend,EURUSD,eventless_no_decision,,strategy_returned_none,"{""decision_threshold"": 0.6600000000000001, ""no_trade_band"": 0.0}"
2026-03-19T04:18:02.089262+00:00,LIVE,ema_rsi_trend,EURUSD,eventless_no_decision,,strategy_returned_none,"{""decision_threshold"": 0.6600000000000001, ""no_trade_band"": 0.0}"
2026-03-19T04:18:22.117609+00:00,LIVE,ema_rsi_trend,EURUSD,eventless_no_decision,,strategy_returned_none,"{""decision_threshold"": 0.6600000000000001, ""no_trade_band"": 0.0}"
2026-03-19T04:19:07.713278+00:00,LIVE,ema_rsi_trend,EURUSD,calendar_refresh,,events=2544,"{""decision_threshold"": 0.6600000000000001, ""no_trade_band"": 0.0}"
2026-03-19T04:19:16.404405+00:00,LIVE,ema_rsi_trend,EURUSD,skip_max_open_positions,eventless_1773893928,open_positions=20,"{""decision_threshold"": 0.6600000000000001, ""no_trade_band"": 0.0}"
2026-03-19T04:19:25.996873+00:00,LIVE,ema_rsi_trend,EURUSD,eventless_no_decision,,strategy_returned_none,"{""decision_threshold"": 0.6600000000000001, ""no_trade_band"": 0.0}"
2026-03-19T04:19:38.236585+00:00,LIVE,ema_rsi_trend,EURUSD,eventless_no_decision,,strategy_returned_none,"{""decision_threshold"": 0.6600000000000001, ""no_trade_band"": 0.0}"
2026-03-19T04:19:58.969499+00:00,LIVE,ema_rsi_trend,EURUSD,eventless_no_decision,,strategy_returned_none,"{""decision_threshold"": 0.6600000000000001, ""no_trade_band"": 0.0}"
2026-03-19T04:20:18.996904+00:00,LIVE,ema_rsi_trend,EURUSD,eventless_no_decision,,strategy_returned_none,"{""decision_threshold"": 0.6600000000000001, ""no_trade_band"": 0.0}"
2026-03-19T04:20:39.027921+00:00,LIVE,ema_rsi_trend,EURUSD,eventless_no_decision,,strategy_returned_none,"{""decision_threshold"": 0.6600000000000001, ""no_trade_band"": 0.0}"
2026-03-19T04:21:08.544429+00:00,LIVE,ema_rsi_trend,EURUSD,calendar_refresh,,events=2506,"{""decision_threshold"": 0.6600000000000001, ""no_trade_band"": 0.0}"
2026-03-19T04:21:09.555298+00:00,LIVE,ema_rsi_trend,EURUSD,eventless_no_decision,,strategy_returned_none,"{""decision_threshold"": 0.6600000000000001, ""no_trade_band"": 0.0}"
2026-03-19T04:21:29.583954+00:00,LIVE,ema_rsi_trend,EURUSD,eventless_no_decision,,strategy_returned_none,"{""decision_threshold"": 0.6600000000000001, ""no_trade_band"": 0.0}"
2026-03-19T04:21:49.612602+00:00,LIVE,ema_rsi_trend,EURUSD,eventless_no_decision,,strategy_returned_none,"{""decision_threshold"": 0.6600000000000001, ""no_trade_band"": 0.0}"
2026-03-19T04:22:09.642411+00:00,LIVE,ema_rsi_trend,EURUSD,eventless_no_decision,,strategy_returned_none,"{""decision_threshold"": 0.6600000000000001, ""no_trade_band"": 0.0}"
2026-03-19T04:22:30.603923+00:00,LIVE,ema_rsi_trend,EURUSD,eventless_no_decision,,strategy_returned_none,"{""decision_threshold"": 0.6600000000000001, ""no_trade_band"": 0.0}"
2026-03-19T04:23:08.412738+00:00,LIVE,ema_rsi_trend,EURUSD,calendar_refresh,,events=2506,"{""decision_threshold"": 0.6600000000000001, ""no_trade_band"": 0.0}"
2026-03-19T04:23:10.509863+00:00,LIVE,ema_rsi_trend,EURUSD,order_sent_eventless,eventless_1773894189,"side=SELL,confidence=0.8133","{""decision_threshold"": 0.6600000000000001, ""no_trade_band"": 0.0}"
2026-03-19T04:23:29.538263+00:00,LIVE,ema_rsi_trend,EURUSD,eventless_no_decision,,strategy_returned_none,"{""decision_threshold"": 0.6600000000000001, ""no_trade_band"": 0.0}"
2026-03-19T04:23:57.542893+00:00,LIVE,ema_rsi_trend,EURUSD,eventless_no_decision,,strategy_returned_none,"{""decision_threshold"": 0.6600000000000001, ""no_trade_band"": 0.0}"
2026-03-19T04:24:17.572020+00:00,LIVE,ema_rsi_trend,EURUSD,eventless_no_decision,,strategy_returned_none,"{""decision_threshold"": 0.6600000000000001, ""no_trade_band"": 0.0}"
2026-03-19T04:24:37.603696+00:00,LIVE,ema_rsi_trend,EURUSD,skip_max_open_positions,eventless_1773894277,open_positions=20,"{""decision_threshold"": 0.6600000000000001, ""no_trade_band"": 0.0}"
2026-03-19T04:25:09.839189+00:00,LIVE,ema_rsi_trend,EURUSD,calendar_refresh,,events=2523,"{""decision_threshold"": 0.6600000000000001, ""no_trade_band"": 0.0}"
2026-03-19T04:25:15.758673+00:00,LIVE,ema_rsi_trend,EURUSD,eventless_no_decision,,strategy_returned_none,"{""decision_threshold"": 0.6600000000000001, ""no_trade_band"": 0.0}"
2026-03-19T04:25:36.347049+00:00,LIVE,ema_rsi_trend,EURUSD,eventless_no_decision,,strategy_returned_none,"{""decision_threshold"": 0.6600000000000001, ""no_trade_band"": 0.0}"
2026-03-19T04:25:56.376717+00:00,LIVE,ema_rsi_trend,EURUSD,eventless_no_decision,,strategy_returned_none,"{""decision_threshold"": 0.6600000000000001, ""no_trade_band"": 0.0}"
2026-03-19T04:26:16.422218+00:00,LIVE,ema_rsi_trend,EURUSD,eventless_no_decision,,strategy_returned_none,"{""decision_threshold"": 0.6600000000000001, ""no_trade_band"": 0.0}"
2026-03-19T04:26:36.450223+00:00,LIVE,ema_rsi_trend,EURUSD,eventless_no_decision,,strategy_returned_none,"{""decision_threshold"": 0.6600000000000001, ""no_trade_band"": 0.0}"
2026-03-19T04:27:10.257576+00:00,LIVE,ema_rsi_trend,EURUSD,calendar_refresh,,events=2506,"{""decision_threshold"": 0.6600000000000001, ""no_trade_band"": 0.0}"
2026-03-19T04:27:11.267775+00:00,LIVE,ema_rsi_trend,EURUSD,eventless_no_decision,,strategy_returned_none,"{""decision_threshold"": 0.6600000000000001, ""no_trade_band"": 0.0}"
2026-03-19T04:27:31.292850+00:00,LIVE,ema_rsi_trend,EURUSD,eventless_no_decision,,strategy_returned_none,"{""decision_threshold"": 0.6600000000000001, ""no_trade_band"": 0.0}"
2026-03-19T04:27:51.321775+00:00,LIVE,ema_rsi_trend,EURUSD,eventless_no_decision,,strategy_returned_none,"{""decision_threshold"": 0.6600000000000001, ""no_trade_band"": 0.0}"
2026-03-19T04:28:11.353146+00:00,LIVE,ema_rsi_trend,EURUSD,eventless_no_decision,,strategy_returned_none,"{""decision_threshold"": 0.6600000000000001, ""no_trade_band"": 0.0}"
2026-03-19T04:28:31.396789+00:00,LIVE,ema_rsi_trend,EURUSD,eventless_no_decision,,strategy_returned_none,"{""decision_threshold"": 0.6600000000000001, ""no_trade_band"": 0.0}"
2026-03-19T04:28:51.427761+00:00,LIVE,ema_rsi_trend,EURUSD,eventless_no_decision,,strategy_returned_none,"{""decision_threshold"": 0.6600000000000001, ""no_trade_band"": 0.0}"
2026-03-19T04:29:12.067886+00:00,LIVE,ema_rsi_trend,EURUSD,calendar_refresh,,events=2582,"{""decision_threshold"": 0.6600000000000001, ""no_trade_band"": 0.0}"
2026-03-19T04:29:13.078683+00:00,LIVE,ema_rsi_trend,EURUSD,eventless_no_decision,,strategy_returned_none,"{""decision_threshold"": 0.6600000000000001, ""no_trade_band"": 0.0}"
2026-03-19T04:29:33.109600+00:00,LIVE,ema_rsi_trend,EURUSD,eventless_no_decision,,strategy_returned_none,"{""decision_threshold"": 0.6600000000000001, ""no_trade_band"": 0.0}"
2026-03-19T04:29:54.848262+00:00,LIVE,ema_rsi_trend,EURUSD,order_sent_eventless,eventless_1773894593,"side=BUY,confidence=0.8590","{""decision_threshold"": 0.6600000000000001, ""no_trade_band"": 0.0}"
2026-03-19T04:30:13.658976+00:00,LIVE,ema_rsi_trend,EURUSD,eventless_no_decision,,strategy_returned_none,"{""decision_threshold"": 0.6600000000000001, ""no_trade_band"": 0.0}"
2026-03-19T04:30:34.404043+00:00,LIVE,ema_rsi_trend,EURUSD,eventless_no_decision,,strategy_returned_none,"{""decision_threshold"": 0.6600000000000001, ""no_trade_band"": 0.0}"
2026-03-19T04:31:11.739718+00:00,LIVE,ema_rsi_trend,EURUSD,calendar_refresh,,events=2506,"{""decision_threshold"": 0.6600000000000001, ""no_trade_band"": 0.0}"
2026-03-19T04:31:12.753170+00:00,LIVE,ema_rsi_trend,EURUSD,eventless_no_decision,,strategy_returned_none,"{""decision_threshold"": 0.6600000000000001, ""no_trade_band"": 0.0}"
2026-03-19T04:31:32.780489+00:00,LIVE,ema_rsi_trend,EURUSD,eventless_no_decision,,strategy_returned_none,"{""decision_threshold"": 0.6600000000000001, ""no_trade_band"": 0.0}"
2026-03-19T04:32:07.877351+00:00,LIVE,ema_rsi_trend,EURUSD,order_sent_eventless,eventless_1773894712,"side=SELL,confidence=0.7214","{""decision_threshold"": 0.6600000000000001, ""no_trade_band"": 0.0}"
2026-03-19T04:32:12.907206+00:00,LIVE,ema_rsi_trend,EURUSD,eventless_no_decision,,strategy_returned_none,"{""decision_threshold"": 0.6600000000000001, ""no_trade_band"": 0.0}"
2026-03-19T04:32:32.957950+00:00,LIVE,ema_rsi_trend,EURUSD,eventless_no_decision,,strategy_returned_none,"{""decision_threshold"": 0.6600000000000001, ""no_trade_band"": 0.0}"
2026-03-19T04:33:12.316654+00:00,LIVE,ema_rsi_trend,EURUSD,calendar_refresh,,events=2506,"{""decision_threshold"": 0.6600000000000001, ""no_trade_band"": 0.0}"
2026-03-19T04:33:12.340643+00:00,LIVE,ema_rsi_trend,EURUSD,eventless_no_decision,,strategy_returned_none,"{""decision_threshold"": 0.6600000000000001, ""no_trade_band"": 0.0}"
2026-03-19T04:33:13.350689+00:00,LIVE,ema_rsi_trend,EURUSD,eventless_no_decision,,strategy_returned_none,"{""decision_threshold"": 0.6600000000000001, ""no_trade_band"": 0.0}"
2026-03-19T04:33:38.621689+00:00,LIVE,ema_rsi_trend,EURUSD,eventless_no_decision,,strategy_returned_none,"{""decision_threshold"": 0.6600000000000001, ""no_trade_band"": 0.0}"
2026-03-19T04:33:59.127808+00:00,LIVE,ema_rsi_trend,EURUSD,eventless_no_decision,,strategy_returned_none,"{""decision_threshold"": 0.6600000000000001, ""no_trade_band"": 0.0}"
2026-03-19T04:34:19.161211+00:00,LIVE,ema_rsi_trend,EURUSD,eventless_no_decision,,strategy_returned_none,"{""decision_threshold"": 0.6600000000000001, ""no_trade_band"": 0.0}"
2026-03-19T04:34:39.204662+00:00,LIVE,ema_rsi_trend,EURUSD,eventless_no_decision,,strategy_returned_none,"{""decision_threshold"": 0.6600000000000001, ""no_trade_band"": 0.0}"
2026-03-19T04:35:12.009699+00:00,LIVE,ema_rsi_trend,EURUSD,calendar_refresh,,events=2544,"{""decision_threshold"": 0.6600000000000001, ""no_trade_band"": 0.0}"
2026-03-19T04:35:13.018932+00:00,LIVE,ema_rsi_trend,EURUSD,eventless_no_decision,,strategy_returned_none,"{""decision_threshold"": 0.6600000000000001, ""no_trade_band"": 0.0}"
2026-03-19T04:35:33.042823+00:00,LIVE,ema_rsi_trend,EURUSD,eventless_no_decision,,strategy_returned_none,"{""decision_threshold"": 0.6600000000000001, ""no_trade_band"": 0.0}"
2026-03-19T04:35:53.073526+00:00,LIVE,ema_rsi_trend,EURUSD,eventless_no_decision,,strategy_returned_none,"{""decision_threshold"": 0.6600000000000001, ""no_trade_band"": 0.0}"
2026-03-19T04:36:13.115994+00:00,LIVE,ema_rsi_trend,EURUSD,eventless_no_decision,,strategy_returned_none,"{""decision_threshold"": 0.6600000000000001, ""no_trade_band"": 0.0}"
2026-03-19T04:36:33.145278+00:00,LIVE,ema_rsi_trend,EURUSD,eventless_no_decision,,strategy_returned_none,"{""decision_threshold"": 0.6600000000000001, ""no_trade_band"": 0.0}"
2026-03-19T04:37:12.129545+00:00,LIVE,ema_rsi_trend,EURUSD,calendar_refresh,,events=2506,"{""decision_threshold"": 0.6600000000000001, ""no_trade_band"": 0.0}"
2026-03-19T04:37:12.137564+00:00,LIVE,ema_rsi_trend,EURUSD,eventless_no_decision,,strategy_returned_none,"{""decision_threshold"": 0.6600000000000001, ""no_trade_band"": 0.0}"
2026-03-19T04:37:14.147437+00:00,LIVE,ema_rsi_trend,EURUSD,eventless_no_decision,,strategy_returned_none,"{""decision_threshold"": 0.6600000000000001, ""no_trade_band"": 0.0}"
2026-03-19T04:37:34.192505+00:00,LIVE,ema_rsi_trend,EURUSD,eventless_no_decision,,strategy_returned_none,"{""decision_threshold"": 0.6600000000000001, ""no_trade_band"": 0.0}"
2026-03-19T04:38:02.583047+00:00,LIVE,ema_rsi_trend,EURUSD,eventless_no_decision,,strategy_returned_none,"{""decision_threshold"": 0.6600000000000001, ""no_trade_band"": 0.0}"
2026-03-19T04:38:22.856083+00:00,LIVE,ema_rsi_trend,EURUSD,eventless_no_decision,,strategy_returned_none,"{""decision_threshold"": 0.6600000000000001, ""no_trade_band"": 0.0}"
2026-03-19T04:38:42.897728+00:00,LIVE,ema_rsi_trend,EURUSD,eventless_no_decision,,strategy_returned_none,"{""decision_threshold"": 0.6600000000000001, ""no_trade_band"": 0.0}"
2026-03-19T04:39:13.495621+00:00,LIVE,ema_rsi_trend,EURUSD,calendar_refresh,,events=2506,"{""decision_threshold"": 0.6600000000000001, ""no_trade_band"": 0.0}"
2026-03-19T04:39:14.507164+00:00,LIVE,ema_rsi_trend,EURUSD,eventless_no_decision,,strategy_returned_none,"{""decision_threshold"": 0.6600000000000001, ""no_trade_band"": 0.0}"
2026-03-19T04:39:46.570958+00:00,LIVE,ema_rsi_trend,EURUSD,eventless_no_decision,,strategy_returned_none,"{""decision_threshold"": 0.6600000000000001, ""no_trade_band"": 0.0}"
2026-03-19T04:40:06.600533+00:00,LIVE,ema_rsi_trend,EURUSD,eventless_no_decision,,strategy_returned_none,"{""decision_threshold"": 0.6600000000000001, ""no_trade_band"": 0.0}"
2026-03-19T04:41:04.181053+00:00,LIVE,ema_rsi_trend,EURUSD,eventless_no_decision,,strategy_returned_none,"{""decision_threshold"": 0.6600000000000001, ""no_trade_band"": 0.0}"
2026-03-19T04:41:23.881144+00:00,LIVE,ema_rsi_trend,EURUSD,calendar_refresh,,events=2506,"{""decision_threshold"": 0.6600000000000001, ""no_trade_band"": 0.0}"
2026-03-19T04:41:33.628085+00:00,LIVE,ema_rsi_trend,EURUSD,eventless_no_decision,,strategy_returned_none,"{""decision_threshold"": 0.6600000000000001, ""no_trade_band"": 0.0}"
2026-03-19T04:41:34.638470+00:00,LIVE,ema_rsi_trend,EURUSD,eventless_no_decision,,strategy_returned_none,"{""decision_threshold"": 0.6600000000000001, ""no_trade_band"": 0.0}"
2026-03-19T04:41:55.370945+00:00,LIVE,ema_rsi_trend,EURUSD,order_sent_eventless,eventless_1773895314,"side=SELL,confidence=0.7829","{""decision_threshold"": 0.6600000000000001, ""no_trade_band"": 0.0}"
2026-03-19T04:42:28.910806+00:00,LIVE,ema_rsi_trend,EURUSD,order_sent_eventless,eventless_1773895339,"side=SELL,confidence=0.9083","{""decision_threshold"": 0.6600000000000001, ""no_trade_band"": 0.0}"
2026-03-19T04:42:39.929719+00:00,LIVE,ema_rsi_trend,EURUSD,eventless_no_decision,,strategy_returned_none,"{""decision_threshold"": 0.6600000000000001, ""no_trade_band"": 0.0}"
2026-03-19T04:42:59.971730+00:00,LIVE,ema_rsi_trend,EURUSD,eventless_no_decision,,strategy_returned_none,"{""decision_threshold"": 0.6600000000000001, ""no_trade_band"": 0.0}"
2026-03-19T04:43:24.605946+00:00,LIVE,ema_rsi_trend,EURUSD,calendar_refresh,,events=2506,"{""decision_threshold"": 0.6600000000000001, ""no_trade_band"": 0.0}"
2026-03-19T04:43:25.617292+00:00,LIVE,ema_rsi_trend,EURUSD,eventless_no_decision,,strategy_returned_none,"{""decision_threshold"": 0.6600000000000001, ""no_trade_band"": 0.0}"
2026-03-19T04:43:45.646013+00:00,LIVE,ema_rsi_trend,EURUSD,eventless_no_decision,,strategy_returned_none,"{""decision_threshold"": 0.6600000000000001, ""no_trade_band"": 0.0}"
2026-03-19T04:44:05.673511+00:00,LIVE,ema_rsi_trend,EURUSD,eventless_no_decision,,strategy_returned_none,"{""decision_threshold"": 0.6600000000000001, ""no_trade_band"": 0.0}"
2026-03-19T04:44:26.419178+00:00,LIVE,ema_rsi_trend,EURUSD,order_sent_eventless,eventless_1773895465,"side=SELL,confidence=0.8125","{""decision_threshold"": 0.6600000000000001, ""no_trade_band"": 0.0}"
2026-03-19T04:44:45.799361+00:00,LIVE,ema_rsi_trend,EURUSD,eventless_no_decision,,strategy_returned_none,"{""decision_threshold"": 0.6600000000000001, ""no_trade_band"": 0.0}"
2026-03-19T04:45:26.550851+00:00,LIVE,ema_rsi_trend,EURUSD,calendar_refresh,,events=2506,"{""decision_threshold"": 0.6600000000000001, ""no_trade_band"": 0.0}"
2026-03-19T04:45:27.985210+00:00,LIVE,ema_rsi_trend,EURUSD,order_sent_eventless,eventless_1773895507,"side=SELL,confidence=0.7940","{""decision_threshold"": 0.6600000000000001, ""no_trade_band"": 0.0}"
2026-03-19T04:45:29.692666+00:00,LIVE,ema_rsi_trend,EURUSD,order_sent_eventless,eventless_1773895528,"side=SELL,confidence=0.7940","{""decision_threshold"": 0.6600000000000001, ""no_trade_band"": 0.0}"
2026-03-19T04:45:49.722078+00:00,LIVE,ema_rsi_trend,EURUSD,eventless_no_decision,,strategy_returned_none,"{""decision_threshold"": 0.6600000000000001, ""no_trade_band"": 0.0}"
2026-03-19T04:46:09.750205+00:00,LIVE,ema_rsi_trend,EURUSD,eventless_no_decision,,strategy_returned_none,"{""decision_threshold"": 0.6600000000000001, ""no_trade_band"": 0.0}"
2026-03-19T04:46:30.258657+00:00,LIVE,ema_rsi_trend,EURUSD,eventless_no_decision,,strategy_returned_none,"{""decision_threshold"": 0.6600000000000001, ""no_trade_band"": 0.0}"
2026-03-19T04:46:50.286595+00:00,LIVE,ema_rsi_trend,EURUSD,eventless_no_decision,,strategy_returned_none,"{""decision_threshold"": 0.6600000000000001, ""no_trade_band"": 0.0}"
2026-03-19T04:47:34.148943+00:00,LIVE,ema_rsi_trend,EURUSD,calendar_refresh,,events=2506,"{""decision_threshold"": 0.6600000000000001, ""no_trade_band"": 0.0}"
2026-03-19T04:47:40.924660+00:00,LIVE,ema_rsi_trend,EURUSD,eventless_no_decision,,strategy_returned_none,"{""decision_threshold"": 0.6600000000000001, ""no_trade_band"": 0.0}"
2026-03-19T04:47:41.934109+00:00,LIVE,ema_rsi_trend,EURUSD,eventless_no_decision,,strategy_returned_none,"{""decision_threshold"": 0.6600000000000001, ""no_trade_band"": 0.0}"
2026-03-19T04:48:02.663383+00:00,LIVE,ema_rsi_trend,EURUSD,order_sent_eventless,eventless_1773895681,"side=SELL,confidence=0.8543","{""decision_threshold"": 0.6600000000000001, ""no_trade_band"": 0.0}"
2026-03-19T04:48:24.018461+00:00,LIVE,ema_rsi_trend,EURUSD,order_sent_eventless,eventless_1773895702,"side=SELL,confidence=0.8091","{""decision_threshold"": 0.6600000000000001, ""no_trade_band"": 0.0}"
2026-03-19T04:48:43.050932+00:00,LIVE,ema_rsi_trend,EURUSD,eventless_no_decision,,strategy_returned_none,"{""decision_threshold"": 0.6600000000000001, ""no_trade_band"": 0.0}"
2026-03-19T04:49:03.093414+00:00,LIVE,ema_rsi_trend,EURUSD,eventless_no_decision,,strategy_returned_none,"{""decision_threshold"": 0.6600000000000001, ""no_trade_band"": 0.0}"
2026-03-19T04:49:34.644587+00:00,LIVE,ema_rsi_trend,EURUSD,calendar_refresh,,events=2506,"{""decision_threshold"": 0.6600000000000001, ""no_trade_band"": 0.0}"
2026-03-19T04:49:36.719382+00:00,LIVE,ema_rsi_trend,EURUSD,order_sent_eventless,eventless_1773895775,"side=BUY,confidence=0.7863","{""decision_threshold"": 0.6600000000000001, ""no_trade_band"": 0.0}"
2026-03-19T04:49:57.164377+00:00,LIVE,ema_rsi_trend,EURUSD,order_sent_eventless,eventless_1773895796,"side=BUY,confidence=0.8588","{""decision_threshold"": 0.6600000000000001, ""no_trade_band"": 0.0}"
2026-03-19T04:50:17.194892+00:00,LIVE,ema_rsi_trend,EURUSD,eventless_no_decision,,strategy_returned_none,"{""decision_threshold"": 0.6600000000000001, ""no_trade_band"": 0.0}"
2026-03-19T04:50:37.224695+00:00,LIVE,ema_rsi_trend,EURUSD,eventless_no_decision,,strategy_returned_none,"{""decision_threshold"": 0.6600000000000001, ""no_trade_band"": 0.0}"
2026-03-19T04:50:57.703512+00:00,LIVE,ema_rsi_trend,EURUSD,eventless_no_decision,,strategy_returned_none,"{""decision_threshold"": 0.6600000000000001, ""no_trade_band"": 0.0}"
2026-03-19T04:51:34.142590+00:00,LIVE,ema_rsi_trend,EURUSD,calendar_refresh,,events=2506,"{""decision_threshold"": 0.6600000000000001, ""no_trade_band"": 0.0}"
2026-03-19T04:52:00.546082+00:00,LIVE,ema_rsi_trend,EURUSD,eventless_no_decision,,strategy_returned_none,"{""decision_threshold"": 0.6600000000000001, ""no_trade_band"": 0.0}"
2026-03-19T04:52:12.563147+00:00,LIVE,ema_rsi_trend,EURUSD,eventless_no_decision,,strategy_returned_none,"{""decision_threshold"": 0.6600000000000001, ""no_trade_band"": 0.0}"
2026-03-19T04:52:32.591128+00:00,LIVE,ema_rsi_trend,EURUSD,eventless_no_decision,,strategy_returned_none,"{""decision_threshold"": 0.6600000000000001, ""no_trade_band"": 0.0}"
2026-03-19T04:52:52.621398+00:00,LIVE,ema_rsi_trend,EURUSD,eventless_no_decision,,strategy_returned_none,"{""decision_threshold"": 0.6600000000000001, ""no_trade_band"": 0.0}"
2026-03-19T04:53:12.647539+00:00,LIVE,ema_rsi_trend,EURUSD,eventless_no_decision,,strategy_returned_none,"{""decision_threshold"": 0.6600000000000001, ""no_trade_band"": 0.0}"
2026-03-19T04:53:35.406064+00:00,LIVE,ema_rsi_trend,EURUSD,calendar_refresh,,events=2506,"{""decision_threshold"": 0.6600000000000001, ""no_trade_band"": 0.0}"
2026-03-19T04:53:36.416026+00:00,LIVE,ema_rsi_trend,EURUSD,eventless_no_decision,,strategy_returned_none,"{""decision_threshold"": 0.6600000000000001, ""no_trade_band"": 0.0}"
2026-03-19T04:53:56.441712+00:00,LIVE,ema_rsi_trend,EURUSD,eventless_no_decision,,strategy_returned_none,"{""decision_threshold"": 0.6600000000000001, ""no_trade_band"": 0.0}"
2026-03-19T04:54:16.471344+00:00,LIVE,ema_rsi_trend,EURUSD,eventless_no_decision,,strategy_returned_none,"{""decision_threshold"": 0.6600000000000001, ""no_trade_band"": 0.0}"
2026-03-19T04:55:19.434095+00:00,LIVE,ema_rsi_trend,EURUSD,order_sent_eventless,eventless_1773896091,"side=BUY,confidence=0.7332","{""decision_threshold"": 0.6600000000000001, ""no_trade_band"": 0.0}"
2026-03-19T04:55:39.143998+00:00,LIVE,ema_rsi_trend,EURUSD,calendar_refresh,,events=2506,"{""decision_threshold"": 0.6600000000000001, ""no_trade_band"": 0.0}"
2026-03-19T04:55:39.154373+00:00,LIVE,ema_rsi_trend,EURUSD,eventless_no_decision,,strategy_returned_none,"{""decision_threshold"": 0.6600000000000001, ""no_trade_band"": 0.0}"
2026-03-19T04:55:41.168215+00:00,LIVE,ema_rsi_trend,EURUSD,eventless_no_decision,,strategy_returned_none,"{""decision_threshold"": 0.6600000000000001, ""no_trade_band"": 0.0}"
2026-03-19T04:56:16.562287+00:00,LIVE,ema_rsi_trend,EURUSD,eventless_no_decision,,strategy_returned_none,"{""decision_threshold"": 0.6600000000000001, ""no_trade_band"": 0.0}"
2026-03-19T04:56:35.594518+00:00,LIVE,ema_rsi_trend,EURUSD,eventless_no_decision,,strategy_returned_none,"{""decision_threshold"": 0.6600000000000001, ""no_trade_band"": 0.0}"
2026-03-19T04:56:56.021037+00:00,LIVE,ema_rsi_trend,EURUSD,eventless_no_decision,,strategy_returned_none,"{""decision_threshold"": 0.6600000000000001, ""no_trade_band"": 0.0}"
2026-03-19T04:57:16.050607+00:00,LIVE,ema_rsi_trend,EURUSD,eventless_no_decision,,strategy_returned_none,"{""decision_threshold"": 0.6600000000000001, ""no_trade_band"": 0.0}"
2026-03-19T04:57:39.234804+00:00,LIVE,ema_rsi_trend,EURUSD,calendar_refresh,,events=2506,"{""decision_threshold"": 0.6600000000000001, ""no_trade_band"": 0.0}"
2026-03-19T04:57:41.041336+00:00,LIVE,ema_rsi_trend,EURUSD,order_sent_eventless,eventless_1773896260,"side=SELL,confidence=0.7981","{""decision_threshold"": 0.6600000000000001, ""no_trade_band"": 0.0}"
2026-03-19T04:58:01.072407+00:00,LIVE,ema_rsi_trend,EURUSD,eventless_no_decision,,strategy_returned_none,"{""decision_threshold"": 0.6600000000000001, ""no_trade_band"": 0.0}"
2026-03-19T04:58:21.803293+00:00,LIVE,ema_rsi_trend,EURUSD,order_sent_eventless,eventless_1773896301,"side=SELL,confidence=0.8722","{""decision_threshold"": 0.6600000000000001, ""no_trade_band"": 0.0}"
2026-03-19T04:58:41.832375+00:00,LIVE,ema_rsi_trend,EURUSD,skip_max_open_positions,eventless_1773896321,open_positions=20,"{""decision_threshold"": 0.6600000000000001, ""no_trade_band"": 0.0}"
2026-03-19T04:59:01.858862+00:00,LIVE,ema_rsi_trend,EURUSD,skip_max_open_positions,eventless_1773896341,open_positions=20,"{""decision_threshold"": 0.6600000000000001, ""no_trade_band"": 0.0}"
2026-03-19T04:59:40.034329+00:00,LIVE,ema_rsi_trend,EURUSD,calendar_refresh,,events=2506,"{""decision_threshold"": 0.6600000000000001, ""no_trade_band"": 0.0}"
2026-03-19T04:59:40.043848+00:00,LIVE,ema_rsi_trend,EURUSD,eventless_no_decision,,strategy_returned_none,"{""decision_threshold"": 0.6600000000000001, ""no_trade_band"": 0.0}"
2026-03-19T04:59:42.055449+00:00,LIVE,ema_rsi_trend,EURUSD,eventless_no_decision,,strategy_returned_none,"{""decision_threshold"": 0.6600000000000001, ""no_trade_band"": 0.0}"
2026-03-19T05:00:02.083950+00:00,LIVE,ema_rsi_trend,EURUSD,eventless_no_decision,,strategy_returned_none,"{""decision_threshold"": 0.6600000000000001, ""no_trade_band"": 0.0}"
2026-03-19T05:00:22.110488+00:00,LIVE,ema_rsi_trend,EURUSD,skip_max_open_positions,eventless_1773896422,open_positions=20,"{""decision_threshold"": 0.6600000000000001, ""no_trade_band"": 0.0}"
2026-03-19T05:00:42.140357+00:00,LIVE,ema_rsi_trend,EURUSD,eventless_no_decision,,strategy_returned_none,"{""decision_threshold"": 0.6600000000000001, ""no_trade_band"": 0.0}"
2026-03-19T05:01:02.194425+00:00,LIVE,ema_rsi_trend,EURUSD,eventless_no_decision,,strategy_returned_none,"{""decision_threshold"": 0.6600000000000001, ""no_trade_band"": 0.0}"
2026-03-19T05:01:40.963716+00:00,LIVE,ema_rsi_trend,EURUSD,calendar_refresh,,events=2506,"{""decision_threshold"": 0.6600000000000001, ""no_trade_band"": 0.0}"
2026-03-19T05:01:41.325209+00:00,LIVE,ema_rsi_trend,EURUSD,eventless_no_decision,,strategy_returned_none,"{""decision_threshold"": 0.6600000000000001, ""no_trade_band"": 0.0}"
2026-03-19T05:01:42.335121+00:00,LIVE,ema_rsi_trend,EURUSD,eventless_no_decision,,strategy_returned_none,"{""decision_threshold"": 0.6600000000000001, ""no_trade_band"": 0.0}"
2026-03-19T05:02:02.399482+00:00,LIVE,ema_rsi_trend,EURUSD,eventless_no_decision,,strategy_returned_none,"{""decision_threshold"": 0.6600000000000001, ""no_trade_band"": 0.0}"
2026-03-19T05:02:23.237736+00:00,LIVE,ema_rsi_trend,EURUSD,eventless_no_decision,,strategy_returned_none,"{""decision_threshold"": 0.6600000000000001, ""no_trade_band"": 0.0}"
2026-03-19T05:02:43.267969+00:00,LIVE,ema_rsi_trend,EURUSD,eventless_no_decision,,strategy_returned_none,"{""decision_threshold"": 0.6600000000000001, ""no_trade_band"": 0.0}"
2026-03-19T05:03:03.294942+00:00,LIVE,ema_rsi_trend,EURUSD,eventless_no_decision,,strategy_returned_none,"{""decision_threshold"": 0.6600000000000001, ""no_trade_band"": 0.0}"
2026-03-19T05:03:41.092050+00:00,LIVE,ema_rsi_trend,EURUSD,calendar_refresh,,events=2506,"{""decision_threshold"": 0.6600000000000001, ""no_trade_band"": 0.0}"
2026-03-19T05:03:42.109808+00:00,LIVE,ema_rsi_trend,EURUSD,eventless_no_decision,,strategy_returned_none,"{""decision_threshold"": 0.6600000000000001, ""no_trade_band"": 0.0}"
2026-03-19T05:04:02.136229+00:00,LIVE,ema_rsi_trend,EURUSD,eventless_no_decision,,strategy_returned_none,"{""decision_threshold"": 0.6600000000000001, ""no_trade_band"": 0.0}"
2026-03-19T05:04:22.180827+00:00,LIVE,ema_rsi_trend,EURUSD,eventless_no_decision,,strategy_returned_none,"{""decision_threshold"": 0.6600000000000001, ""no_trade_band"": 0.0}"
2026-03-19T05:04:42.324014+00:00,LIVE,ema_rsi_trend,EURUSD,skip_max_open_positions,eventless_1773896682,open_positions=20,"{""decision_threshold"": 0.6600000000000001, ""no_trade_band"": 0.0}"
2026-03-19T05:05:02.354833+00:00,LIVE,ema_rsi_trend,EURUSD,eventless_no_decision,,strategy_returned_none,"{""decision_threshold"": 0.6600000000000001, ""no_trade_band"": 0.0}"
2026-03-19T05:05:42.383638+00:00,LIVE,ema_rsi_trend,EURUSD,calendar_refresh,,events=2506,"{""decision_threshold"": 0.6600000000000001, ""no_trade_band"": 0.0}"
2026-03-19T05:05:42.394636+00:00,LIVE,ema_rsi_trend,EURUSD,eventless_no_decision,,strategy_returned_none,"{""decision_threshold"": 0.6600000000000001, ""no_trade_band"": 0.0}"
2026-03-19T05:05:43.402529+00:00,LIVE,ema_rsi_trend,EURUSD,skip_max_open_positions,eventless_1773896743,open_positions=20,"{""decision_threshold"": 0.6600000000000001, ""no_trade_band"": 0.0}"
2026-03-19T05:06:03.430999+00:00,LIVE,ema_rsi_trend,EURUSD,eventless_no_decision,,strategy_returned_none,"{""decision_threshold"": 0.6600000000000001, ""no_trade_band"": 0.0}"
2026-03-19T05:06:23.459951+00:00,LIVE,ema_rsi_trend,EURUSD,eventless_no_decision,,strategy_returned_none,"{""decision_threshold"": 0.6600000000000001, ""no_trade_band"": 0.0}"
2026-03-19T05:06:43.490113+00:00,LIVE,ema_rsi_trend,EURUSD,skip_max_open_positions,eventless_1773896803,open_positions=20,"{""decision_threshold"": 0.6600000000000001, ""no_trade_band"": 0.0}"
2026-03-19T05:07:03.518526+00:00,LIVE,ema_rsi_trend,EURUSD,skip_max_open_positions,eventless_1773896823,open_positions=20,"{""decision_threshold"": 0.6600000000000001, ""no_trade_band"": 0.0}"
2026-03-19T05:07:42.462040+00:00,LIVE,ema_rsi_trend,EURUSD,calendar_refresh,,events=2506,"{""decision_threshold"": 0.6600000000000001, ""no_trade_band"": 0.0}"
2026-03-19T05:07:43.474709+00:00,LIVE,ema_rsi_trend,EURUSD,skip_max_open_positions,eventless_1773896863,open_positions=20,"{""decision_threshold"": 0.6600000000000001, ""no_trade_band"": 0.0}"
2026-03-19T05:08:03.504366+00:00,LIVE,ema_rsi_trend,EURUSD,eventless_no_decision,,strategy_returned_none,"{""decision_threshold"": 0.6600000000000001, ""no_trade_band"": 0.0}"
2026-03-19T05:08:23.534083+00:00,LIVE,ema_rsi_trend,EURUSD,eventless_no_decision,,strategy_returned_none,"{""decision_threshold"": 0.6600000000000001, ""no_trade_band"": 0.0}"
2026-03-19T05:08:43.579045+00:00,LIVE,ema_rsi_trend,EURUSD,eventless_no_decision,,strategy_returned_none,"{""decision_threshold"": 0.6600000000000001, ""no_trade_band"": 0.0}"
2026-03-19T05:09:03.624765+00:00,LIVE,ema_rsi_trend,EURUSD,eventless_no_decision,,strategy_returned_none,"{""decision_threshold"": 0.6600000000000001, ""no_trade_band"": 0.0}"
2026-03-19T05:09:41.753106+00:00,LIVE,ema_rsi_trend,EURUSD,calendar_refresh,,events=2506,"{""decision_threshold"": 0.6600000000000001, ""no_trade_band"": 0.0}"
2026-03-19T05:09:42.765595+00:00,LIVE,ema_rsi_trend,EURUSD,skip_max_open_positions,eventless_1773896982,open_positions=20,"{""decision_threshold"": 0.6600000000000001, ""no_trade_band"": 0.0}"
2026-03-19T05:10:02.798989+00:00,LIVE,ema_rsi_trend,EURUSD,skip_max_open_positions,eventless_1773897002,open_positions=20,"{""decision_threshold"": 0.6600000000000001, ""no_trade_band"": 0.0}"
2026-03-19T05:10:22.827379+00:00,LIVE,ema_rsi_trend,EURUSD,skip_max_open_positions,eventless_1773897022,open_positions=20,"{""decision_threshold"": 0.6600000000000001, ""no_trade_band"": 0.0}"
2026-03-19T05:10:42.858326+00:00,LIVE,ema_rsi_trend,EURUSD,eventless_no_decision,,strategy_returned_none,"{""decision_threshold"": 0.6600000000000001, ""no_trade_band"": 0.0}"
2026-03-19T05:11:02.886634+00:00,LIVE,ema_rsi_trend,EURUSD,skip_max_open_positions,eventless_1773897062,open_positions=20,"{""decision_threshold"": 0.6600000000000001, ""no_trade_band"": 0.0}"
2026-03-19T05:11:41.351466+00:00,LIVE,ema_rsi_trend,EURUSD,calendar_refresh,,events=2506,"{""decision_threshold"": 0.6600000000000001, ""no_trade_band"": 0.0}"
2026-03-19T05:11:41.378313+00:00,LIVE,ema_rsi_trend,EURUSD,eventless_no_decision,,strategy_returned_none,"{""decision_threshold"": 0.6600000000000001, ""no_trade_band"": 0.0}"
2026-03-19T05:11:43.388536+00:00,LIVE,ema_rsi_trend,EURUSD,skip_max_open_positions,eventless_1773897103,open_positions=20,"{""decision_threshold"": 0.6600000000000001, ""no_trade_band"": 0.0}"
2026-03-19T05:12:03.835263+00:00,LIVE,ema_rsi_trend,EURUSD,skip_max_open_positions,eventless_1773897123,open_positions=20,"{""decision_threshold"": 0.6600000000000001, ""no_trade_band"": 0.0}"
2026-03-19T05:12:23.879625+00:00,LIVE,ema_rsi_trend,EURUSD,skip_max_open_positions,eventless_1773897143,open_positions=20,"{""decision_threshold"": 0.6600000000000001, ""no_trade_band"": 0.0}"
2026-03-19T05:12:43.909390+00:00,LIVE,ema_rsi_trend,EURUSD,eventless_no_decision,,strategy_returned_none,"{""decision_threshold"": 0.6600000000000001, ""no_trade_band"": 0.0}"
2026-03-19T05:13:03.956740+00:00,LIVE,ema_rsi_trend,EURUSD,eventless_no_decision,,strategy_returned_none,"{""decision_threshold"": 0.6600000000000001, ""no_trade_band"": 0.0}"
2026-03-19T05:13:41.711856+00:00,LIVE,ema_rsi_trend,EURUSD,calendar_refresh,,events=2506,"{""decision_threshold"": 0.6600000000000001, ""no_trade_band"": 0.0}"
2026-03-19T05:13:42.724230+00:00,LIVE,ema_rsi_trend,EURUSD,skip_max_open_positions,eventless_1773897222,open_positions=20,"{""decision_threshold"": 0.6600000000000001, ""no_trade_band"": 0.0}"
2026-03-19T05:14:02.752201+00:00,LIVE,ema_rsi_trend,EURUSD,skip_max_open_positions,eventless_1773897242,open_positions=20,"{""decision_threshold"": 0.6600000000000001, ""no_trade_band"": 0.0}"
2026-03-19T05:14:22.783847+00:00,LIVE,ema_rsi_trend,EURUSD,skip_max_open_positions,eventless_1773897262,open_positions=20,"{""decision_threshold"": 0.6600000000000001, ""no_trade_band"": 0.0}"
2026-03-19T05:14:42.830011+00:00,LIVE,ema_rsi_trend,EURUSD,eventless_no_decision,,strategy_returned_none,"{""decision_threshold"": 0.6600000000000001, ""no_trade_band"": 0.0}"
2026-03-19T05:15:02.862818+00:00,LIVE,ema_rsi_trend,EURUSD,skip_max_open_positions,eventless_1773897302,open_positions=20,"{""decision_threshold"": 0.6600000000000001, ""no_trade_band"": 0.0}"
2026-03-19T05:15:22.905014+00:00,LIVE,ema_rsi_trend,EURUSD,eventless_no_decision,,strategy_returned_none,"{""decision_threshold"": 0.6600000000000001, ""no_trade_band"": 0.0}"
2026-03-19T05:15:42.390191+00:00,LIVE,ema_rsi_trend,EURUSD,calendar_refresh,,events=2506,"{""decision_threshold"": 0.6600000000000001, ""no_trade_band"": 0.0}"
2026-03-19T05:15:43.400790+00:00,LIVE,ema_rsi_trend,EURUSD,eventless_no_decision,,strategy_returned_none,"{""decision_threshold"": 0.6600000000000001, ""no_trade_band"": 0.0}"
2026-03-19T05:16:03.429215+00:00,LIVE,ema_rsi_trend,EURUSD,skip_max_open_positions,eventless_1773897363,open_positions=20,"{""decision_threshold"": 0.6600000000000001, ""no_trade_band"": 0.0}"
2026-03-19T05:16:23.476157+00:00,LIVE,ema_rsi_trend,EURUSD,skip_max_open_positions,eventless_1773897383,open_positions=20,"{""decision_threshold"": 0.6600000000000001, ""no_trade_band"": 0.0}"
2026-03-19T05:16:43.506448+00:00,LIVE,ema_rsi_trend,EURUSD,skip_max_open_positions,eventless_1773897403,open_positions=20,"{""decision_threshold"": 0.6600000000000001, ""no_trade_band"": 0.0}"
2026-03-19T05:17:03.534587+00:00,LIVE,ema_rsi_trend,EURUSD,skip_max_open_positions,eventless_1773897423,open_positions=20,"{""decision_threshold"": 0.6600000000000001, ""no_trade_band"": 0.0}"
2026-03-19T05:17:23.563308+00:00,LIVE,ema_rsi_trend,EURUSD,eventless_no_decision,,strategy_returned_none,"{""decision_threshold"": 0.6600000000000001, ""no_trade_band"": 0.0}"
2026-03-19T05:17:43.614104+00:00,LIVE,ema_rsi_trend,EURUSD,calendar_refresh,,events=2506,"{""decision_threshold"": 0.6600000000000001, ""no_trade_band"": 0.0}"
2026-03-19T05:17:44.624637+00:00,LIVE,ema_rsi_trend,EURUSD,eventless_no_decision,,strategy_returned_none,"{""decision_threshold"": 0.6600000000000001, ""no_trade_band"": 0.0}"
2026-03-19T05:18:04.651416+00:00,LIVE,ema_rsi_trend,EURUSD,skip_max_open_positions,eventless_1773897484,open_positions=20,"{""decision_threshold"": 0.6600000000000001, ""no_trade_band"": 0.0}"
2026-03-19T05:18:24.677131+00:00,LIVE,ema_rsi_trend,EURUSD,skip_max_open_positions,eventless_1773897504,open_positions=20,"{""decision_threshold"": 0.6600000000000001, ""no_trade_band"": 0.0}"
2026-03-19T05:18:44.705116+00:00,LIVE,ema_rsi_trend,EURUSD,skip_max_open_positions,eventless_1773897524,open_positions=20,"{""decision_threshold"": 0.6600000000000001, ""no_trade_band"": 0.0}"
2026-03-19T05:19:04.748968+00:00,LIVE,ema_rsi_trend,EURUSD,eventless_no_decision,,strategy_returned_none,"{""decision_threshold"": 0.6600000000000001, ""no_trade_band"": 0.0}"
2026-03-19T05:19:44.885233+00:00,LIVE,ema_rsi_trend,EURUSD,calendar_refresh,,events=2506,"{""decision_threshold"": 0.6600000000000001, ""no_trade_band"": 0.0}"
2026-03-19T05:19:44.893674+00:00,LIVE,ema_rsi_trend,EURUSD,skip_max_open_positions,eventless_1773897564,open_positions=20,"{""decision_threshold"": 0.6600000000000001, ""no_trade_band"": 0.0}"
2026-03-19T05:19:45.903721+00:00,LIVE,ema_rsi_trend,EURUSD,skip_max_open_positions,eventless_1773897585,open_positions=20,"{""decision_threshold"": 0.6600000000000001, ""no_trade_band"": 0.0}"
2026-03-19T05:20:05.928480+00:00,LIVE,ema_rsi_trend,EURUSD,eventless_no_decision,,strategy_returned_none,"{""decision_threshold"": 0.6600000000000001, ""no_trade_band"": 0.0}"
2026-03-19T05:20:25.970202+00:00,LIVE,ema_rsi_trend,EURUSD,eventless_no_decision,,strategy_returned_none,"{""decision_threshold"": 0.6600000000000001, ""no_trade_band"": 0.0}"
2026-03-19T05:20:45.997683+00:00,LIVE,ema_rsi_trend,EURUSD,eventless_no_decision,,strategy_returned_none,"{""decision_threshold"": 0.6600000000000001, ""no_trade_band"": 0.0}"
2026-03-19T05:21:06.037647+00:00,LIVE,ema_rsi_trend,EURUSD,eventless_no_decision,,strategy_returned_none,"{""decision_threshold"": 0.6600000000000001, ""no_trade_band"": 0.0}"
2026-03-19T05:21:43.977816+00:00,LIVE,ema_rsi_trend,EURUSD,calendar_refresh,,events=2506,"{""decision_threshold"": 0.6600000000000001, ""no_trade_band"": 0.0}"
2026-03-19T05:21:46.136670+00:00,LIVE,ema_rsi_trend,EURUSD,eventless_no_decision,,strategy_returned_none,"{""decision_threshold"": 0.6600000000000001, ""no_trade_band"": 0.0}"
2026-03-19T05:22:05.166738+00:00,LIVE,ema_rsi_trend,EURUSD,eventless_no_decision,,strategy_returned_none,"{""decision_threshold"": 0.6600000000000001, ""no_trade_band"": 0.0}"
2026-03-19T05:22:25.195339+00:00,LIVE,ema_rsi_trend,EURUSD,skip_max_open_positions,eventless_1773897745,open_positions=20,"{""decision_threshold"": 0.6600000000000001, ""no_trade_band"": 0.0}"
2026-03-19T05:22:45.224995+00:00,LIVE,ema_rsi_trend,EURUSD,eventless_no_decision,,strategy_returned_none,"{""decision_threshold"": 0.6600000000000001, ""no_trade_band"": 0.0}"
2026-03-19T05:23:05.254167+00:00,LIVE,ema_rsi_trend,EURUSD,skip_max_open_positions,eventless_1773897785,open_positions=20,"{""decision_threshold"": 0.6600000000000001, ""no_trade_band"": 0.0}"
2026-03-19T05:23:43.817886+00:00,LIVE,ema_rsi_trend,EURUSD,calendar_refresh,,events=2506,"{""decision_threshold"": 0.6600000000000001, ""no_trade_band"": 0.0}"
2026-03-19T05:23:44.830908+00:00,LIVE,ema_rsi_trend,EURUSD,eventless_no_decision,,strategy_returned_none,"{""decision_threshold"": 0.6600000000000001, ""no_trade_band"": 0.0}"
2026-03-19T05:24:27.519032+00:00,LIVE,ema_rsi_trend,EURUSD,order_sent_eventless,eventless_1773897844,"side=BUY,confidence=0.8188","{""decision_threshold"": 0.6600000000000001, ""no_trade_band"": 0.0}"
2026-03-19T05:24:29.584858+00:00,LIVE,ema_rsi_trend,EURUSD,order_sent_eventless,eventless_1773897868,"side=BUY,confidence=0.9036","{""decision_threshold"": 0.6600000000000001, ""no_trade_band"": 0.0}"
2026-03-19T05:24:50.030397+00:00,LIVE,ema_rsi_trend,EURUSD,order_sent_eventless,eventless_1773897888,"side=BUY,confidence=0.8422","{""decision_threshold"": 0.6600000000000001, ""no_trade_band"": 0.0}"
2026-03-19T05:25:09.157341+00:00,LIVE,ema_rsi_trend,EURUSD,eventless_no_decision,,strategy_returned_none,"{""decision_threshold"": 0.6600000000000001, ""no_trade_band"": 0.0}"
2026-03-19T05:25:44.981756+00:00,LIVE,ema_rsi_trend,EURUSD,calendar_refresh,,events=2506,"{""decision_threshold"": 0.6600000000000001, ""no_trade_band"": 0.0}"
2026-03-19T05:25:45.992796+00:00,LIVE,ema_rsi_trend,EURUSD,eventless_no_decision,,strategy_returned_none,"{""decision_threshold"": 0.6600000000000001, ""no_trade_band"": 0.0}"
2026-03-19T05:26:06.021274+00:00,LIVE,ema_rsi_trend,EURUSD,eventless_no_decision,,strategy_returned_none,"{""decision_threshold"": 0.6600000000000001, ""no_trade_band"": 0.0}"
2026-03-19T05:26:26.051998+00:00,LIVE,ema_rsi_trend,EURUSD,eventless_no_decision,,strategy_returned_none,"{""decision_threshold"": 0.6600000000000001, ""no_trade_band"": 0.0}"
2026-03-19T05:26:46.078932+00:00,LIVE,ema_rsi_trend,EURUSD,eventless_no_decision,,strategy_returned_none,"{""decision_threshold"": 0.6600000000000001, ""no_trade_band"": 0.0}"
2026-03-19T05:27:06.107446+00:00,LIVE,ema_rsi_trend,EURUSD,eventless_no_decision,,strategy_returned_none,"{""decision_threshold"": 0.6600000000000001, ""no_trade_band"": 0.0}"
2026-03-19T05:27:35.191122+00:00,LIVE,ema_rsi_trend,EURUSD,order_sent_eventless,eventless_1773898046,"side=BUY,confidence=0.8759","{""decision_threshold"": 0.6600000000000001, ""no_trade_band"": 0.0}"
2026-03-19T05:27:54.670925+00:00,LIVE,ema_rsi_trend,EURUSD,calendar_refresh,,events=2506,"{""decision_threshold"": 0.6600000000000001, ""no_trade_band"": 0.0}"
2026-03-19T05:28:39.110609+00:00,LIVE,ema_rsi_trend,EURUSD,order_sent_eventless,eventless_1773898075,"side=SELL,confidence=0.8675","{""decision_threshold"": 0.6600000000000001, ""no_trade_band"": 0.0}"
2026-03-19T05:28:40.124448+00:00,LIVE,ema_rsi_trend,EURUSD,eventless_no_decision,,strategy_returned_none,"{""decision_threshold"": 0.6600000000000001, ""no_trade_band"": 0.0}"
2026-03-19T05:29:05.339731+00:00,LIVE,ema_rsi_trend,EURUSD,eventless_no_decision,,strategy_returned_none,"{""decision_threshold"": 0.6600000000000001, ""no_trade_band"": 0.0}"
2026-03-19T05:29:34.452970+00:00,LIVE,ema_rsi_trend,EURUSD,order_sent_eventless,eventless_1773898173,"side=BUY,confidence=0.8234","{""decision_threshold"": 0.6600000000000001, ""no_trade_band"": 0.0}"
2026-03-19T05:29:55.866901+00:00,LIVE,ema_rsi_trend,EURUSD,calendar_refresh,,events=2506,"{""decision_threshold"": 0.6600000000000001, ""no_trade_band"": 0.0}"
2026-03-19T05:29:56.891639+00:00,LIVE,ema_rsi_trend,EURUSD,eventless_no_decision,,strategy_returned_none,"{""decision_threshold"": 0.6600000000000001, ""no_trade_band"": 0.0}"
2026-03-19T05:30:17.788407+00:00,LIVE,ema_rsi_trend,EURUSD,eventless_no_decision,,strategy_returned_none,"{""decision_threshold"": 0.6600000000000001, ""no_trade_band"": 0.0}"
2026-03-19T05:30:39.309067+00:00,LIVE,ema_rsi_trend,EURUSD,order_sent_eventless,eventless_1773898238,"side=SELL,confidence=0.7739","{""decision_threshold"": 0.6600000000000001, ""no_trade_band"": 0.0}"
2026-03-19T05:31:05.344641+00:00,LIVE,ema_rsi_trend,EURUSD,eventless_no_decision,,strategy_returned_none,"{""decision_threshold"": 0.6600000000000001, ""no_trade_band"": 0.0}"
2026-03-19T05:31:25.077958+00:00,LIVE,ema_rsi_trend,EURUSD,eventless_no_decision,,strategy_returned_none,"{""decision_threshold"": 0.6600000000000001, ""no_trade_band"": 0.0}"
2026-03-19T05:31:55.486337+00:00,LIVE,ema_rsi_trend,EURUSD,calendar_refresh,,events=2506,"{""decision_threshold"": 0.6600000000000001, ""no_trade_band"": 0.0}"
2026-03-19T05:31:56.497094+00:00,LIVE,ema_rsi_trend,EURUSD,eventless_no_decision,,strategy_returned_none,"{""decision_threshold"": 0.6600000000000001, ""no_trade_band"": 0.0}"
2026-03-19T05:32:17.331564+00:00,LIVE,ema_rsi_trend,EURUSD,order_sent_eventless,eventless_1773898336,"side=SELL,confidence=0.8245","{""decision_threshold"": 0.6600000000000001, ""no_trade_band"": 0.0}"
2026-03-19T05:32:37.411477+00:00,LIVE,ema_rsi_trend,EURUSD,order_sent_eventless,eventless_1773898356,"side=SELL,confidence=0.8558","{""decision_threshold"": 0.6600000000000001, ""no_trade_band"": 0.0}"
2026-03-19T05:32:57.439798+00:00,LIVE,ema_rsi_trend,EURUSD,eventless_no_decision,,strategy_returned_none,"{""decision_threshold"": 0.6600000000000001, ""no_trade_band"": 0.0}"
2026-03-19T05:33:17.467783+00:00,LIVE,ema_rsi_trend,EURUSD,eventless_no_decision,,strategy_returned_none,"{""decision_threshold"": 0.6600000000000001, ""no_trade_band"": 0.0}"
2026-03-19T05:33:57.316976+00:00,LIVE,ema_rsi_trend,EURUSD,calendar_refresh,,events=2506,"{""decision_threshold"": 0.6600000000000001, ""no_trade_band"": 0.0}"
2026-03-19T05:33:57.325988+00:00,LIVE,ema_rsi_trend,EURUSD,eventless_no_decision,,strategy_returned_none,"{""decision_threshold"": 0.6600000000000001, ""no_trade_band"": 0.0}"
2026-03-19T05:33:58.335605+00:00,LIVE,ema_rsi_trend,EURUSD,eventless_no_decision,,strategy_returned_none,"{""decision_threshold"": 0.6600000000000001, ""no_trade_band"": 0.0}"
2026-03-19T05:34:18.363024+00:00,LIVE,ema_rsi_trend,EURUSD,eventless_no_decision,,strategy_returned_none,"{""decision_threshold"": 0.6600000000000001, ""no_trade_band"": 0.0}"
2026-03-19T05:34:38.392209+00:00,LIVE,ema_rsi_trend,EURUSD,eventless_no_decision,,strategy_returned_none,"{""decision_threshold"": 0.6600000000000001, ""no_trade_band"": 0.0}"
2026-03-19T05:34:58.418564+00:00,LIVE,ema_rsi_trend,EURUSD,eventless_no_decision,,strategy_returned_none,"{""decision_threshold"": 0.6600000000000001, ""no_trade_band"": 0.0}"
2026-03-19T05:35:20.721987+00:00,LIVE,ema_rsi_trend,EURUSD,eventless_no_decision,,strategy_returned_none,"{""decision_threshold"": 0.6600000000000001, ""no_trade_band"": 0.0}"
2026-03-19T05:35:58.069195+00:00,LIVE,ema_rsi_trend,EURUSD,calendar_refresh,,events=2506,"{""decision_threshold"": 0.6600000000000001, ""no_trade_band"": 0.0}"
2026-03-19T05:36:00.530293+00:00,LIVE,ema_rsi_trend,EURUSD,eventless_no_decision,,strategy_returned_none,"{""decision_threshold"": 0.6600000000000001, ""no_trade_band"": 0.0}"
2026-03-19T05:36:44.227080+00:00,LIVE,ema_rsi_trend,EURUSD,order_sent_eventless,eventless_1773898580,"side=BUY,confidence=0.8236","{""decision_threshold"": 0.6600000000000001, ""no_trade_band"": 0.0}"
2026-03-19T05:36:45.237202+00:00,LIVE,ema_rsi_trend,EURUSD,eventless_no_decision,,strategy_returned_none,"{""decision_threshold"": 0.6600000000000001, ""no_trade_band"": 0.0}"
2026-03-19T05:37:05.268388+00:00,LIVE,ema_rsi_trend,EURUSD,eventless_no_decision,,strategy_returned_none,"{""decision_threshold"": 0.6600000000000001, ""no_trade_band"": 0.0}"
2026-03-19T05:37:25.295827+00:00,LIVE,ema_rsi_trend,EURUSD,skip_max_open_positions,eventless_1773898645,open_positions=20,"{""decision_threshold"": 0.6600000000000001, ""no_trade_band"": 0.0}"
2026-03-19T05:37:58.208836+00:00,LIVE,ema_rsi_trend,EURUSD,calendar_refresh,,events=2506,"{""decision_threshold"": 0.6600000000000001, ""no_trade_band"": 0.0}"
2026-03-19T05:37:59.570640+00:00,LIVE,ema_rsi_trend,EURUSD,eventless_no_decision,,strategy_returned_none,"{""decision_threshold"": 0.6600000000000001, ""no_trade_band"": 0.0}"
2026-03-19T05:38:20.311921+00:00,LIVE,ema_rsi_trend,EURUSD,skip_max_open_positions,eventless_1773898700,open_positions=20,"{""decision_threshold"": 0.6600000000000001, ""no_trade_band"": 0.0}"
2026-03-19T05:39:19.272946+00:00,LIVE,ema_rsi_trend,EURUSD,eventless_no_decision,,strategy_returned_none,"{""decision_threshold"": 0.6600000000000001, ""no_trade_band"": 0.0}"
2026-03-19T05:40:23.384549+00:00,LIVE,ema_rsi_trend,EURUSD,calendar_refresh,,events=2506,"{""decision_threshold"": 0.6600000000000001, ""no_trade_band"": 0.0}"
2026-03-19T05:40:23.408136+00:00,LIVE,ema_rsi_trend,EURUSD,eventless_no_decision,,strategy_returned_none,"{""decision_threshold"": 0.6600000000000001, ""no_trade_band"": 0.0}"
2026-03-19T05:40:24.418609+00:00,LIVE,ema_rsi_trend,EURUSD,eventless_no_decision,,strategy_returned_none,"{""decision_threshold"": 0.6600000000000001, ""no_trade_band"": 0.0}"
2026-03-19T05:40:44.624076+00:00,LIVE,ema_rsi_trend,EURUSD,eventless_no_decision,,strategy_returned_none,"{""decision_threshold"": 0.6600000000000001, ""no_trade_band"": 0.0}"
2026-03-19T05:41:34.026733+00:00,LIVE,ema_rsi_trend,EURUSD,eventless_no_decision,,strategy_returned_none,"{""decision_threshold"": 0.6600000000000001, ""no_trade_band"": 0.0}"
2026-03-19T05:41:46.978188+00:00,LIVE,ema_rsi_trend,EURUSD,eventless_no_decision,,strategy_returned_none,"{""decision_threshold"": 0.6600000000000001, ""no_trade_band"": 0.0}"
2026-03-19T05:42:35.065375+00:00,LIVE,ema_rsi_trend,EURUSD,calendar_refresh,,events=2506,"{""decision_threshold"": 0.6600000000000001, ""no_trade_band"": 0.0}"
2026-03-19T05:42:40.163845+00:00,LIVE,ema_rsi_trend,EURUSD,eventless_no_decision,,strategy_returned_none,"{""decision_threshold"": 0.6600000000000001, ""no_trade_band"": 0.0}"
2026-03-19T05:42:41.886355+00:00,LIVE,ema_rsi_trend,EURUSD,order_sent_eventless,eventless_1773898961,"side=BUY,confidence=0.8175","{""decision_threshold"": 0.6600000000000001, ""no_trade_band"": 0.0}"
2026-03-19T05:43:02.982613+00:00,LIVE,ema_rsi_trend,EURUSD,eventless_no_decision,,strategy_returned_none,"{""decision_threshold"": 0.6600000000000001, ""no_trade_band"": 0.0}"
2026-03-19T05:43:33.912137+00:00,LIVE,ema_rsi_trend,EURUSD,order_sent_eventless,eventless_1773899002,"side=BUY,confidence=0.9147","{""decision_threshold"": 0.6600000000000001, ""no_trade_band"": 0.0}"
2026-03-19T05:43:43.929945+00:00,LIVE,ema_rsi_trend,EURUSD,eventless_no_decision,,strategy_returned_none,"{""decision_threshold"": 0.6600000000000001, ""no_trade_band"": 0.0}"
2026-03-19T05:44:03.972001+00:00,LIVE,ema_rsi_trend,EURUSD,eventless_no_decision,,strategy_returned_none,"{""decision_threshold"": 0.6600000000000001, ""no_trade_band"": 0.0}"
2026-03-19T05:44:35.590800+00:00,LIVE,ema_rsi_trend,EURUSD,calendar_refresh,,events=2506,"{""decision_threshold"": 0.6600000000000001, ""no_trade_band"": 0.0}"
2026-03-19T05:44:36.602461+00:00,LIVE,ema_rsi_trend,EURUSD,eventless_no_decision,,strategy_returned_none,"{""decision_threshold"": 0.6600000000000001, ""no_trade_band"": 0.0}"
2026-03-19T05:44:57.196369+00:00,LIVE,ema_rsi_trend,EURUSD,eventless_no_decision,,strategy_returned_none,"{""decision_threshold"": 0.6600000000000001, ""no_trade_band"": 0.0}"
2026-03-19T05:45:17.237414+00:00,LIVE,ema_rsi_trend,EURUSD,eventless_no_decision,,strategy_returned_none,"{""decision_threshold"": 0.6600000000000001, ""no_trade_band"": 0.0}"
2026-03-19T05:45:37.263657+00:00,LIVE,ema_rsi_trend,EURUSD,eventless_no_decision,,strategy_returned_none,"{""decision_threshold"": 0.6600000000000001, ""no_trade_band"": 0.0}"
2026-03-19T05:45:59.496723+00:00,LIVE,ema_rsi_trend,EURUSD,order_sent_eventless,eventless_1773899158,"side=SELL,confidence=0.9142","{""decision_threshold"": 0.6600000000000001, ""no_trade_band"": 0.0}"
2026-03-19T05:46:36.278819+00:00,LIVE,ema_rsi_trend,EURUSD,calendar_refresh,,events=2506,"{""decision_threshold"": 0.6600000000000001, ""no_trade_band"": 0.0}"
2026-03-19T05:46:37.290813+00:00,LIVE,ema_rsi_trend,EURUSD,eventless_no_decision,,strategy_returned_none,"{""decision_threshold"": 0.6600000000000001, ""no_trade_band"": 0.0}"
2026-03-19T05:46:57.795873+00:00,LIVE,ema_rsi_trend,EURUSD,eventless_no_decision,,strategy_returned_none,"{""decision_threshold"": 0.6600000000000001, ""no_trade_band"": 0.0}"
2026-03-19T05:47:17.879778+00:00,LIVE,ema_rsi_trend,EURUSD,eventless_no_decision,,strategy_returned_none,"{""decision_threshold"": 0.6600000000000001, ""no_trade_band"": 0.0}"
2026-03-19T05:47:37.904993+00:00,LIVE,ema_rsi_trend,EURUSD,eventless_no_decision,,strategy_returned_none,"{""decision_threshold"": 0.6600000000000001, ""no_trade_band"": 0.0}"
2026-03-19T05:47:57.932506+00:00,LIVE,ema_rsi_trend,EURUSD,eventless_no_decision,,strategy_returned_none,"{""decision_threshold"": 0.6600000000000001, ""no_trade_band"": 0.0}"
2026-03-19T05:48:37.021117+00:00,LIVE,ema_rsi_trend,EURUSD,calendar_refresh,,events=2506,"{""decision_threshold"": 0.6600000000000001, ""no_trade_band"": 0.0}"
2026-03-19T05:48:46.589592+00:00,LIVE,ema_rsi_trend,EURUSD,order_sent_eventless,eventless_1773899325,"side=SELL,confidence=0.7546","{""decision_threshold"": 0.6600000000000001, ""no_trade_band"": 0.0}"
2026-03-19T05:49:07.818294+00:00,LIVE,ema_rsi_trend,EURUSD,order_sent_eventless,eventless_1773899346,"side=BUY,confidence=0.8225","{""decision_threshold"": 0.6600000000000001, ""no_trade_band"": 0.0}"
2026-03-19T05:49:27.207695+00:00,LIVE,ema_rsi_trend,EURUSD,eventless_no_decision,,strategy_returned_none,"{""decision_threshold"": 0.6600000000000001, ""no_trade_band"": 0.0}"
2026-03-19T05:49:47.902300+00:00,LIVE,ema_rsi_trend,EURUSD,eventless_no_decision,,strategy_returned_none,"{""decision_threshold"": 0.6600000000000001, ""no_trade_band"": 0.0}"
2026-03-19T05:50:07.930035+00:00,LIVE,ema_rsi_trend,EURUSD,eventless_no_decision,,strategy_returned_none,"{""decision_threshold"": 0.6600000000000001, ""no_trade_band"": 0.0}"
2026-03-19T05:50:37.064856+00:00,LIVE,ema_rsi_trend,EURUSD,calendar_refresh,,events=2506,"{""decision_threshold"": 0.6600000000000001, ""no_trade_band"": 0.0}"
2026-03-19T05:50:38.074769+00:00,LIVE,ema_rsi_trend,EURUSD,eventless_no_decision,,strategy_returned_none,"{""decision_threshold"": 0.6600000000000001, ""no_trade_band"": 0.0}"
2026-03-19T05:50:59.747929+00:00,LIVE,ema_rsi_trend,EURUSD,order_sent_eventless,eventless_1773899458,"side=SELL,confidence=0.8160","{""decision_threshold"": 0.6600000000000001, ""no_trade_band"": 0.0}"
2026-03-19T05:51:19.840741+00:00,LIVE,ema_rsi_trend,EURUSD,order_sent_eventless,eventless_1773899479,"side=SELL,confidence=0.8624","{""decision_threshold"": 0.6600000000000001, ""no_trade_band"": 0.0}"
2026-03-19T05:51:39.219724+00:00,LIVE,ema_rsi_trend,EURUSD,eventless_no_decision,,strategy_returned_none,"{""decision_threshold"": 0.6600000000000001, ""no_trade_band"": 0.0}"
2026-03-19T05:51:59.247995+00:00,LIVE,ema_rsi_trend,EURUSD,eventless_no_decision,,strategy_returned_none,"{""decision_threshold"": 0.6600000000000001, ""no_trade_band"": 0.0}"
2026-03-19T05:52:37.015809+00:00,LIVE,ema_rsi_trend,EURUSD,calendar_refresh,,events=2506,"{""decision_threshold"": 0.6600000000000001, ""no_trade_band"": 0.0}"
2026-03-19T05:52:57.187891+00:00,LIVE,ema_rsi_trend,EURUSD,eventless_no_decision,,strategy_returned_none,"{""decision_threshold"": 0.6600000000000001, ""no_trade_band"": 0.0}"
2026-03-19T05:53:27.763861+00:00,LIVE,ema_rsi_trend,EURUSD,eventless_no_decision,,strategy_returned_none,"{""decision_threshold"": 0.6600000000000001, ""no_trade_band"": 0.0}"
2026-03-19T05:53:48.389518+00:00,LIVE,ema_rsi_trend,EURUSD,eventless_no_decision,,strategy_returned_none,"{""decision_threshold"": 0.6600000000000001, ""no_trade_band"": 0.0}"
2026-03-19T05:54:08.460032+00:00,LIVE,ema_rsi_trend,EURUSD,eventless_no_decision,,strategy_returned_none,"{""decision_threshold"": 0.6600000000000001, ""no_trade_band"": 0.0}"
2026-03-19T05:54:37.639432+00:00,LIVE,ema_rsi_trend,EURUSD,calendar_refresh,,events=2506,"{""decision_threshold"": 0.6600000000000001, ""no_trade_band"": 0.0}"
2026-03-19T05:54:38.665623+00:00,LIVE,ema_rsi_trend,EURUSD,eventless_no_decision,,strategy_returned_none,"{""decision_threshold"": 0.6600000000000001, ""no_trade_band"": 0.0}"
2026-03-19T05:54:58.691462+00:00,LIVE,ema_rsi_trend,EURUSD,eventless_no_decision,,strategy_returned_none,"{""decision_threshold"": 0.6600000000000001, ""no_trade_band"": 0.0}"
2026-03-19T05:55:18.717562+00:00,LIVE,ema_rsi_trend,EURUSD,eventless_no_decision,,strategy_returned_none,"{""decision_threshold"": 0.6600000000000001, ""no_trade_band"": 0.0}"
2026-03-19T05:55:38.745878+00:00,LIVE,ema_rsi_trend,EURUSD,eventless_no_decision,,strategy_returned_none,"{""decision_threshold"": 0.6600000000000001, ""no_trade_band"": 0.0}"
2026-03-19T05:55:59.489646+00:00,LIVE,ema_rsi_trend,EURUSD,order_sent_eventless,eventless_1773899758,"side=BUY,confidence=0.8368","{""decision_threshold"": 0.6600000000000001, ""no_trade_band"": 0.0}"
2026-03-19T05:56:43.941050+00:00,LIVE,ema_rsi_trend,EURUSD,calendar_refresh,,events=2506,"{""decision_threshold"": 0.6600000000000001, ""no_trade_band"": 0.0}"
2026-03-19T05:56:44.665238+00:00,LIVE,ema_rsi_trend,EURUSD,order_sent_eventless,eventless_1773899778,"side=SELL,confidence=0.8337","{""decision_threshold"": 0.6600000000000001, ""no_trade_band"": 0.0}"
2026-03-19T05:56:46.375579+00:00,LIVE,ema_rsi_trend,EURUSD,order_sent_eventless,eventless_1773899805,"side=SELL,confidence=0.8302","{""decision_threshold"": 0.6600000000000001, ""no_trade_band"": 0.0}"
2026-03-19T05:57:06.104623+00:00,LIVE,ema_rsi_trend,EURUSD,eventless_no_decision,,strategy_returned_none,"{""decision_threshold"": 0.6600000000000001, ""no_trade_band"": 0.0}"
2026-03-19T05:57:34.521869+00:00,LIVE,ema_rsi_trend,EURUSD,order_sent_eventless,eventless_1773899846,"side=SELL,confidence=0.7471","{""decision_threshold"": 0.6600000000000001, ""no_trade_band"": 0.0}"
2026-03-19T05:58:07.945137+00:00,LIVE,ema_rsi_trend,EURUSD,eventless_no_decision,,strategy_returned_none,"{""decision_threshold"": 0.6600000000000001, ""no_trade_band"": 0.0}"
2026-03-19T05:58:44.822674+00:00,LIVE,ema_rsi_trend,EURUSD,calendar_refresh,,events=2506,"{""decision_threshold"": 0.6600000000000001, ""no_trade_band"": 0.0}"
2026-03-19T05:58:46.555418+00:00,LIVE,ema_rsi_trend,EURUSD,order_sent_eventless,eventless_1773899925,"side=SELL,confidence=0.8219","{""decision_threshold"": 0.6600000000000001, ""no_trade_band"": 0.0}"
2026-03-19T05:59:07.699377+00:00,LIVE,ema_rsi_trend,EURUSD,order_sent_eventless,eventless_1773899946,"side=SELL,confidence=0.9193","{""decision_threshold"": 0.6600000000000001, ""no_trade_band"": 0.0}"
2026-03-19T05:59:27.611520+00:00,LIVE,ema_rsi_trend,EURUSD,eventless_no_decision,,strategy_returned_none,"{""decision_threshold"": 0.6600000000000001, ""no_trade_band"": 0.0}"
2026-03-19T05:59:56.498469+00:00,LIVE,ema_rsi_trend,EURUSD,eventless_no_decision,,strategy_returned_none,"{""decision_threshold"": 0.6600000000000001, ""no_trade_band"": 0.0}"
2026-03-19T06:00:25.402217+00:00,LIVE,ema_rsi_trend,EURUSD,eventless_no_decision,,strategy_returned_none,"{""decision_threshold"": 0.6600000000000001, ""no_trade_band"": 0.0}"
2026-03-19T06:00:45.023992+00:00,LIVE,ema_rsi_trend,EURUSD,calendar_refresh,,events=2506,"{""decision_threshold"": 0.6600000000000001, ""no_trade_band"": 0.0}"
2026-03-19T06:00:46.034191+00:00,LIVE,ema_rsi_trend,EURUSD,eventless_no_decision,,strategy_returned_none,"{""decision_threshold"": 0.6600000000000001, ""no_trade_band"": 0.0}"
2026-03-19T06:01:06.058904+00:00,LIVE,ema_rsi_trend,EURUSD,eventless_no_decision,,strategy_returned_none,"{""decision_threshold"": 0.6600000000000001, ""no_trade_band"": 0.0}"
2026-03-19T06:01:57.100271+00:00,LIVE,ema_rsi_trend,EURUSD,eventless_no_decision,,strategy_returned_none,"{""decision_threshold"": 0.6600000000000001, ""no_trade_band"": 0.0}"
2026-03-19T06:02:25.179097+00:00,LIVE,ema_rsi_trend,EURUSD,order_sent_eventless,eventless_1773900133,"side=SELL,confidence=0.9184","{""decision_threshold"": 0.6600000000000001, ""no_trade_band"": 0.0}"
2026-03-19T06:02:50.102246+00:00,LIVE,ema_rsi_trend,EURUSD,calendar_refresh,,events=2506,"{""decision_threshold"": 0.6600000000000001, ""no_trade_band"": 0.0}"
2026-03-19T06:02:55.120495+00:00,LIVE,ema_rsi_trend,EURUSD,eventless_no_decision,,strategy_returned_none,"{""decision_threshold"": 0.6600000000000001, ""no_trade_band"": 0.0}"
2026-03-19T06:03:15.160266+00:00,LIVE,ema_rsi_trend,EURUSD,eventless_no_decision,,strategy_returned_none,"{""decision_threshold"": 0.6600000000000001, ""no_trade_band"": 0.0}"
2026-03-19T06:03:35.204433+00:00,LIVE,ema_rsi_trend,EURUSD,eventless_no_decision,,strategy_returned_none,"{""decision_threshold"": 0.6600000000000001, ""no_trade_band"": 0.0}"
2026-03-19T06:03:55.230609+00:00,LIVE,ema_rsi_trend,EURUSD,eventless_no_decision,,strategy_returned_none,"{""decision_threshold"": 0.6600000000000001, ""no_trade_band"": 0.0}"
2026-03-19T06:04:15.267230+00:00,LIVE,ema_rsi_trend,EURUSD,eventless_no_decision,,strategy_returned_none,"{""decision_threshold"": 0.6600000000000001, ""no_trade_band"": 0.0}"
2026-03-19T06:04:51.160612+00:00,LIVE,ema_rsi_trend,EURUSD,calendar_refresh,,events=2506,"{""decision_threshold"": 0.6600000000000001, ""no_trade_band"": 0.0}"
2026-03-19T06:04:52.883090+00:00,LIVE,ema_rsi_trend,EURUSD,order_sent_eventless,eventless_1773900292,"side=BUY,confidence=0.8550","{""decision_threshold"": 0.6600000000000001, ""no_trade_band"": 0.0}"
2026-03-19T06:05:13.628171+00:00,LIVE,ema_rsi_trend,EURUSD,order_sent_eventless,eventless_1773900312,"side=BUY,confidence=0.7695","{""decision_threshold"": 0.6600000000000001, ""no_trade_band"": 0.0}"
2026-03-19T06:05:33.357220+00:00,LIVE,ema_rsi_trend,EURUSD,eventless_no_decision,,strategy_returned_none,"{""decision_threshold"": 0.6600000000000001, ""no_trade_band"": 0.0}"
2026-03-19T06:05:59.733549+00:00,LIVE,ema_rsi_trend,EURUSD,order_sent_eventless,eventless_1773900353,"side=BUY,confidence=0.8186","{""decision_threshold"": 0.6600000000000001, ""no_trade_band"": 0.0}"
2026-03-19T06:06:13.953525+00:00,LIVE,ema_rsi_trend,EURUSD,eventless_no_decision,,strategy_returned_none,"{""decision_threshold"": 0.6600000000000001, ""no_trade_band"": 0.0}"
2026-03-19T06:06:50.336268+00:00,LIVE,ema_rsi_trend,EURUSD,calendar_refresh,,events=2506,"{""decision_threshold"": 0.6600000000000001, ""no_trade_band"": 0.0}"
2026-03-19T06:06:51.345227+00:00,LIVE,ema_rsi_trend,EURUSD,eventless_no_decision,,strategy_returned_none,"{""decision_threshold"": 0.6600000000000001, ""no_trade_band"": 0.0}"
2026-03-19T06:07:12.079803+00:00,LIVE,ema_rsi_trend,EURUSD,order_sent_eventless,eventless_1773900431,"side=SELL,confidence=0.8046","{""decision_threshold"": 0.6600000000000001, ""no_trade_band"": 0.0}"
2026-03-19T06:07:32.157914+00:00,LIVE,ema_rsi_trend,EURUSD,order_sent_eventless,eventless_1773900451,"side=SELL,confidence=0.8537","{""decision_threshold"": 0.6600000000000001, ""no_trade_band"": 0.0}"
2026-03-19T06:07:52.912531+00:00,LIVE,ema_rsi_trend,EURUSD,order_sent_eventless,eventless_1773900472,"side=SELL,confidence=0.8947","{""decision_threshold"": 0.6600000000000001, ""no_trade_band"": 0.0}"
2026-03-19T06:08:12.939048+00:00,LIVE,ema_rsi_trend,EURUSD,eventless_no_decision,,strategy_returned_none,"{""decision_threshold"": 0.6600000000000001, ""no_trade_band"": 0.0}"
2026-03-19T06:08:51.482371+00:00,LIVE,ema_rsi_trend,EURUSD,calendar_refresh,,events=2506,"{""decision_threshold"": 0.6600000000000001, ""no_trade_band"": 0.0}"
2026-03-19T06:08:52.493396+00:00,LIVE,ema_rsi_trend,EURUSD,eventless_no_decision,,strategy_returned_none,"{""decision_threshold"": 0.6600000000000001, ""no_trade_band"": 0.0}"
2026-03-19T06:09:53.135582+00:00,LIVE,ema_rsi_trend,EURUSD,order_sent_eventless,eventless_1773900552,"side=SELL,confidence=0.8061","{""decision_threshold"": 0.6600000000000001, ""no_trade_band"": 0.0}"
2026-03-19T06:09:54.496264+00:00,LIVE,ema_rsi_trend,EURUSD,eventless_no_decision,,strategy_returned_none,"{""decision_threshold"": 0.6600000000000001, ""no_trade_band"": 0.0}"
2026-03-19T06:10:16.146263+00:00,LIVE,ema_rsi_trend,EURUSD,eventless_no_decision,,strategy_returned_none,"{""decision_threshold"": 0.6600000000000001, ""no_trade_band"": 0.0}"
2026-03-19T06:10:52.941078+00:00,LIVE,ema_rsi_trend,EURUSD,calendar_refresh,,events=2506,"{""decision_threshold"": 0.6600000000000001, ""no_trade_band"": 0.0}"
2026-03-19T06:10:54.998967+00:00,LIVE,ema_rsi_trend,EURUSD,eventless_no_decision,,strategy_returned_none,"{""decision_threshold"": 0.6600000000000001, ""no_trade_band"": 0.0}"
2026-03-19T06:11:15.225692+00:00,LIVE,ema_rsi_trend,EURUSD,eventless_no_decision,,strategy_returned_none,"{""decision_threshold"": 0.6600000000000001, ""no_trade_band"": 0.0}"
2026-03-19T06:11:35.860520+00:00,LIVE,ema_rsi_trend,EURUSD,eventless_no_decision,,strategy_returned_none,"{""decision_threshold"": 0.6600000000000001, ""no_trade_band"": 0.0}"
2026-03-19T06:11:56.775815+00:00,LIVE,ema_rsi_trend,EURUSD,eventless_no_decision,,strategy_returned_none,"{""decision_threshold"": 0.6600000000000001, ""no_trade_band"": 0.0}"
2026-03-19T06:12:17.442299+00:00,LIVE,ema_rsi_trend,EURUSD,eventless_no_decision,,strategy_returned_none,"{""decision_threshold"": 0.6600000000000001, ""no_trade_band"": 0.0}"
2026-03-19T06:12:51.055041+00:00,LIVE,ema_rsi_trend,EURUSD,calendar_refresh,,events=2506,"{""decision_threshold"": 0.6600000000000001, ""no_trade_band"": 0.0}"
2026-03-19T06:12:52.944433+00:00,LIVE,ema_rsi_trend,EURUSD,order_sent_eventless,eventless_1773900772,"side=BUY,confidence=0.7565","{""decision_threshold"": 0.6600000000000001, ""no_trade_band"": 0.0}"
2026-03-19T06:13:23.032109+00:00,LIVE,ema_rsi_trend,EURUSD,order_sent_eventless,eventless_1773900802,"side=BUY,confidence=0.8647","{""decision_threshold"": 0.6600000000000001, ""no_trade_band"": 0.0}"
2026-03-19T06:13:48.596190+00:00,LIVE,ema_rsi_trend,EURUSD,order_sent_eventless,eventless_1773900822,"side=BUY,confidence=0.8750","{""decision_threshold"": 0.6600000000000001, ""no_trade_band"": 0.0}"
2026-03-19T06:14:14.098010+00:00,LIVE,ema_rsi_trend,EURUSD,order_sent_eventless,eventless_1773900848,"side=BUY,confidence=0.8849","{""decision_threshold"": 0.6600000000000001, ""no_trade_band"": 0.0}"
2026-03-19T06:14:29.302724+00:00,LIVE,ema_rsi_trend,EURUSD,eventless_no_decision,,strategy_returned_none,"{""decision_threshold"": 0.6600000000000001, ""no_trade_band"": 0.0}"
2026-03-19T06:14:51.653994+00:00,LIVE,ema_rsi_trend,EURUSD,calendar_refresh,,events=2506,"{""decision_threshold"": 0.6600000000000001, ""no_trade_band"": 0.0}"
2026-03-19T06:14:52.665220+00:00,LIVE,ema_rsi_trend,EURUSD,eventless_no_decision,,strategy_returned_none,"{""decision_threshold"": 0.6600000000000001, ""no_trade_band"": 0.0}"
2026-03-19T06:15:12.759145+00:00,LIVE,ema_rsi_trend,EURUSD,eventless_no_decision,,strategy_returned_none,"{""decision_threshold"": 0.6600000000000001, ""no_trade_band"": 0.0}"
2026-03-19T06:15:32.785734+00:00,LIVE,ema_rsi_trend,EURUSD,eventless_no_decision,,strategy_returned_none,"{""decision_threshold"": 0.6600000000000001, ""no_trade_band"": 0.0}"
2026-03-19T06:15:52.812523+00:00,LIVE,ema_rsi_trend,EURUSD,eventless_no_decision,,strategy_returned_none,"{""decision_threshold"": 0.6600000000000001, ""no_trade_band"": 0.0}"
2026-03-19T06:16:12.843369+00:00,LIVE,ema_rsi_trend,EURUSD,eventless_no_decision,,strategy_returned_none,"{""decision_threshold"": 0.6600000000000001, ""no_trade_band"": 0.0}"
2026-03-19T06:16:52.255368+00:00,LIVE,ema_rsi_trend,EURUSD,calendar_refresh,,events=2506,"{""decision_threshold"": 0.6600000000000001, ""no_trade_band"": 0.0}"
2026-03-19T06:17:15.839844+00:00,LIVE,ema_rsi_trend,EURUSD,eventless_no_decision,,strategy_returned_none,"{""decision_threshold"": 0.6600000000000001, ""no_trade_band"": 0.0}"
2026-03-19T06:17:21.499643+00:00,LIVE,ema_rsi_trend,EURUSD,eventless_no_decision,,strategy_returned_none,"{""decision_threshold"": 0.6600000000000001, ""no_trade_band"": 0.0}"
2026-03-19T06:19:07.383593+00:00,LIVE,ema_rsi_trend,EURUSD,calendar_refresh,,events=2506,"{""decision_threshold"": 0.6600000000000001, ""no_trade_band"": 0.0}"
2026-03-19T06:19:08.794598+00:00,LIVE,ema_rsi_trend,EURUSD,eventless_no_decision,,strategy_returned_none,"{""decision_threshold"": 0.6600000000000001, ""no_trade_band"": 0.0}"
2026-03-19T06:19:09.803033+00:00,LIVE,ema_rsi_trend,EURUSD,eventless_no_decision,,strategy_returned_none,"{""decision_threshold"": 0.6600000000000001, ""no_trade_band"": 0.0}"
2026-03-19T06:19:30.553864+00:00,LIVE,ema_rsi_trend,EURUSD,eventless_no_decision,,strategy_returned_none,"{""decision_threshold"": 0.6600000000000001, ""no_trade_band"": 0.0}"
2026-03-19T06:19:51.386113+00:00,LIVE,ema_rsi_trend,EURUSD,eventless_no_decision,,strategy_returned_none,"{""decision_threshold"": 0.6600000000000001, ""no_trade_band"": 0.0}"
2026-03-19T06:20:11.576170+00:00,LIVE,ema_rsi_trend,EURUSD,eventless_no_decision,,strategy_returned_none,"{""decision_threshold"": 0.6600000000000001, ""no_trade_band"": 0.0}"
2026-03-19T06:20:32.399287+00:00,LIVE,ema_rsi_trend,EURUSD,eventless_no_decision,,strategy_returned_none,"{""decision_threshold"": 0.6600000000000001, ""no_trade_band"": 0.0}"
2026-03-19T06:21:06.692083+00:00,LIVE,ema_rsi_trend,EURUSD,calendar_refresh,,events=2506,"{""decision_threshold"": 0.6600000000000001, ""no_trade_band"": 0.0}"
2026-03-19T06:21:08.447197+00:00,LIVE,ema_rsi_trend,EURUSD,order_sent_eventless,eventless_1773901267,"side=BUY,confidence=0.8154","{""decision_threshold"": 0.6600000000000001, ""no_trade_band"": 0.0}"
2026-03-19T06:21:28.776340+00:00,LIVE,ema_rsi_trend,EURUSD,order_sent_eventless,eventless_1773901288,"side=BUY,confidence=0.7317","{""decision_threshold"": 0.6600000000000001, ""no_trade_band"": 0.0}"
2026-03-19T06:21:50.537366+00:00,LIVE,ema_rsi_trend,EURUSD,order_sent_eventless,eventless_1773901308,"side=BUY,confidence=0.7345","{""decision_threshold"": 0.6600000000000001, ""no_trade_band"": 0.0}"
2026-03-19T06:22:09.259026+00:00,LIVE,ema_rsi_trend,EURUSD,eventless_no_decision,,strategy_returned_none,"{""decision_threshold"": 0.6600000000000001, ""no_trade_band"": 0.0}"
2026-03-19T06:22:29.994896+00:00,LIVE,ema_rsi_trend,EURUSD,eventless_no_decision,,strategy_returned_none,"{""decision_threshold"": 0.6600000000000001, ""no_trade_band"": 0.0}"
2026-03-19T06:23:08.064532+00:00,LIVE,ema_rsi_trend,EURUSD,calendar_refresh,,events=2506,"{""decision_threshold"": 0.6600000000000001, ""no_trade_band"": 0.0}"
2026-03-19T06:23:30.395979+00:00,LIVE,ema_rsi_trend,EURUSD,order_sent_eventless,eventless_1773901389,"side=SELL,confidence=0.8199","{""decision_threshold"": 0.6600000000000001, ""no_trade_band"": 0.0}"
2026-03-19T06:23:32.103782+00:00,LIVE,ema_rsi_trend,EURUSD,order_sent_eventless,eventless_1773901411,"side=SELL,confidence=0.8353","{""decision_threshold"": 0.6600000000000001, ""no_trade_band"": 0.0}"
2026-03-19T06:23:51.520423+00:00,LIVE,ema_rsi_trend,EURUSD,eventless_no_decision,,strategy_returned_none,"{""decision_threshold"": 0.6600000000000001, ""no_trade_band"": 0.0}"
2026-03-19T06:24:11.547298+00:00,LIVE,ema_rsi_trend,EURUSD,eventless_no_decision,,strategy_returned_none,"{""decision_threshold"": 0.6600000000000001, ""no_trade_band"": 0.0}"
2026-03-19T06:24:31.586942+00:00,LIVE,ema_rsi_trend,EURUSD,eventless_no_decision,,strategy_returned_none,"{""decision_threshold"": 0.6600000000000001, ""no_trade_band"": 0.0}"
2026-03-19T06:25:08.392644+00:00,LIVE,ema_rsi_trend,EURUSD,calendar_refresh,,events=2365,"{""decision_threshold"": 0.6600000000000001, ""no_trade_band"": 0.0}"
2026-03-19T06:25:09.403812+00:00,LIVE,ema_rsi_trend,EURUSD,eventless_no_decision,,strategy_returned_none,"{""decision_threshold"": 0.6600000000000001, ""no_trade_band"": 0.0}"
2026-03-19T06:26:37.431739+00:00,LIVE,ema_rsi_trend,EURUSD,eventless_no_decision,,strategy_returned_none,"{""decision_threshold"": 0.6600000000000001, ""no_trade_band"": 0.0}"
2026-03-19T06:27:20.334789+00:00,LIVE,ema_rsi_trend,EURUSD,calendar_refresh,,events=2506,"{""decision_threshold"": 0.6600000000000001, ""no_trade_band"": 0.0}"
2026-03-19T06:27:21.094725+00:00,LIVE,ema_rsi_trend,EURUSD,eventless_no_decision,,strategy_returned_none,"{""decision_threshold"": 0.6600000000000001, ""no_trade_band"": 0.0}"
2026-03-19T06:27:32.315109+00:00,LIVE,ema_rsi_trend,EURUSD,eventless_no_decision,,strategy_returned_none,"{""decision_threshold"": 0.6600000000000001, ""no_trade_band"": 0.0}"
2026-03-19T06:27:42.349171+00:00,LIVE,ema_rsi_trend,EURUSD,eventless_no_decision,,strategy_returned_none,"{""decision_threshold"": 0.6600000000000001, ""no_trade_band"": 0.0}"
2026-03-19T06:28:02.914586+00:00,LIVE,ema_rsi_trend,EURUSD,eventless_no_decision,,strategy_returned_none,"{""decision_threshold"": 0.6600000000000001, ""no_trade_band"": 0.0}"
2026-03-19T06:28:24.499647+00:00,LIVE,ema_rsi_trend,EURUSD,eventless_no_decision,,strategy_returned_none,"{""decision_threshold"": 0.6600000000000001, ""no_trade_band"": 0.0}"
2026-03-19T06:28:44.928833+00:00,LIVE,ema_rsi_trend,EURUSD,order_sent_eventless,eventless_1773901724,"side=BUY,confidence=0.8158","{""decision_threshold"": 0.6600000000000001, ""no_trade_band"": 0.0}"
2026-03-19T06:29:20.752890+00:00,LIVE,ema_rsi_trend,EURUSD,calendar_refresh,,events=2506,"{""decision_threshold"": 0.6600000000000001, ""no_trade_band"": 0.0}"
2026-03-19T06:29:22.509238+00:00,LIVE,ema_rsi_trend,EURUSD,eventless_no_decision,,strategy_returned_none,"{""decision_threshold"": 0.6600000000000001, ""no_trade_band"": 0.0}"
2026-03-19T06:29:46.635980+00:00,LIVE,ema_rsi_trend,EURUSD,eventless_no_decision,,strategy_returned_none,"{""decision_threshold"": 0.6600000000000001, ""no_trade_band"": 0.0}"
2026-03-19T06:30:19.089098+00:00,LIVE,ema_rsi_trend,EURUSD,eventless_no_decision,,strategy_returned_none,"{""decision_threshold"": 0.6600000000000001, ""no_trade_band"": 0.0}"
2026-03-19T06:30:38.543473+00:00,LIVE,ema_rsi_trend,EURUSD,eventless_no_decision,,strategy_returned_none,"{""decision_threshold"": 0.6600000000000001, ""no_trade_band"": 0.0}"
2026-03-19T06:31:18.816629+00:00,LIVE,ema_rsi_trend,EURUSD,eventless_no_decision,,strategy_returned_none,"{""decision_threshold"": 0.6600000000000001, ""no_trade_band"": 0.0}"
2026-03-19T06:31:39.644935+00:00,LIVE,ema_rsi_trend,EURUSD,calendar_refresh,,events=2506,"{""decision_threshold"": 0.6600000000000001, ""no_trade_band"": 0.0}"
2026-03-19T06:31:40.367263+00:00,LIVE,ema_rsi_trend,EURUSD,order_sent_eventless,eventless_1773901879,"side=SELL,confidence=0.8960","{""decision_threshold"": 0.6600000000000001, ""no_trade_band"": 0.0}"
2026-03-19T06:31:42.420352+00:00,LIVE,ema_rsi_trend,EURUSD,order_sent_eventless,eventless_1773901901,"side=SELL,confidence=0.8960","{""decision_threshold"": 0.6600000000000001, ""no_trade_band"": 0.0}"
2026-03-19T06:32:02.589839+00:00,LIVE,ema_rsi_trend,EURUSD,eventless_no_decision,,strategy_returned_none,"{""decision_threshold"": 0.6600000000000001, ""no_trade_band"": 0.0}"
2026-03-19T06:32:23.388405+00:00,LIVE,ema_rsi_trend,EURUSD,eventless_no_decision,,strategy_returned_none,"{""decision_threshold"": 0.6600000000000001, ""no_trade_band"": 0.0}"
2026-03-19T06:32:44.127091+00:00,LIVE,ema_rsi_trend,EURUSD,order_sent_eventless,eventless_1773901963,"side=SELL,confidence=0.7958","{""decision_threshold"": 0.6600000000000001, ""no_trade_band"": 0.0}"
2026-03-19T06:33:14.506622+00:00,LIVE,ema_rsi_trend,EURUSD,eventless_no_decision,,strategy_returned_none,"{""decision_threshold"": 0.6600000000000001, ""no_trade_band"": 0.0}"
2026-03-19T06:33:41.810410+00:00,LIVE,ema_rsi_trend,EURUSD,calendar_refresh,,events=2506,"{""decision_threshold"": 0.6600000000000001, ""no_trade_band"": 0.0}"
2026-03-19T06:33:50.160431+00:00,LIVE,ema_rsi_trend,EURUSD,eventless_no_decision,,strategy_returned_none,"{""decision_threshold"": 0.6600000000000001, ""no_trade_band"": 0.0}"
2026-03-19T06:34:08.895093+00:00,LIVE,ema_rsi_trend,EURUSD,order_sent_eventless,eventless_1773902048,"side=BUY,confidence=0.8393","{""decision_threshold"": 0.6600000000000001, ""no_trade_band"": 0.0}"
2026-03-19T06:34:30.185363+00:00,LIVE,ema_rsi_trend,EURUSD,order_sent_eventless,eventless_1773902069,"side=BUY,confidence=0.7650","{""decision_threshold"": 0.6600000000000001, ""no_trade_band"": 0.0}"
2026-03-19T06:34:49.909982+00:00,LIVE,ema_rsi_trend,EURUSD,eventless_no_decision,,strategy_returned_none,"{""decision_threshold"": 0.6600000000000001, ""no_trade_band"": 0.0}"
2026-03-19T06:35:09.936920+00:00,LIVE,ema_rsi_trend,EURUSD,eventless_no_decision,,strategy_returned_none,"{""decision_threshold"": 0.6600000000000001, ""no_trade_band"": 0.0}"
2026-03-19T06:35:40.997496+00:00,LIVE,ema_rsi_trend,EURUSD,calendar_refresh,,events=2506,"{""decision_threshold"": 0.6600000000000001, ""no_trade_band"": 0.0}"
2026-03-19T06:35:43.429421+00:00,LIVE,ema_rsi_trend,EURUSD,eventless_no_decision,,strategy_returned_none,"{""decision_threshold"": 0.6600000000000001, ""no_trade_band"": 0.0}"
2026-03-19T06:36:03.456857+00:00,LIVE,ema_rsi_trend,EURUSD,eventless_no_decision,,strategy_returned_none,"{""decision_threshold"": 0.6600000000000001, ""no_trade_band"": 0.0}"
2026-03-19T06:36:24.876294+00:00,LIVE,ema_rsi_trend,EURUSD,eventless_no_decision,,strategy_returned_none,"{""decision_threshold"": 0.6600000000000001, ""no_trade_band"": 0.0}"
2026-03-19T06:36:45.615730+00:00,LIVE,ema_rsi_trend,EURUSD,order_sent_eventless,eventless_1773902204,"side=SELL,confidence=0.8545","{""decision_threshold"": 0.6600000000000001, ""no_trade_band"": 0.0}"
2026-03-19T06:37:05.643211+00:00,LIVE,ema_rsi_trend,EURUSD,eventless_no_decision,,strategy_returned_none,"{""decision_threshold"": 0.6600000000000001, ""no_trade_band"": 0.0}"
2026-03-19T06:37:42.768339+00:00,LIVE,ema_rsi_trend,EURUSD,calendar_refresh,,events=2506,"{""decision_threshold"": 0.6600000000000001, ""no_trade_band"": 0.0}"
2026-03-19T06:37:43.778506+00:00,LIVE,ema_rsi_trend,EURUSD,eventless_no_decision,,strategy_returned_none,"{""decision_threshold"": 0.6600000000000001, ""no_trade_band"": 0.0}"
2026-03-19T06:38:35.765917+00:00,LIVE,ema_rsi_trend,EURUSD,order_sent_eventless,eventless_1773902283,"side=SELL,confidence=0.8074","{""decision_threshold"": 0.6600000000000001, ""no_trade_band"": 0.0}"
2026-03-19T06:38:36.775210+00:00,LIVE,ema_rsi_trend,EURUSD,eventless_no_decision,,strategy_returned_none,"{""decision_threshold"": 0.6600000000000001, ""no_trade_band"": 0.0}"
2026-03-19T06:40:04.927558+00:00,LIVE,ema_rsi_trend,EURUSD,order_sent_eventless,eventless_1773902336,"side=SELL,confidence=0.7427","{""decision_threshold"": 0.6600000000000001, ""no_trade_band"": 0.0}"
2026-03-19T06:40:25.368795+00:00,LIVE,ema_rsi_trend,EURUSD,calendar_refresh,,events=2506,"{""decision_threshold"": 0.6600000000000001, ""no_trade_band"": 0.0}"
2026-03-19T06:40:25.729064+00:00,LIVE,ema_rsi_trend,EURUSD,eventless_no_decision,,strategy_returned_none,"{""decision_threshold"": 0.6600000000000001, ""no_trade_band"": 0.0}"
2026-03-19T06:40:26.738465+00:00,LIVE,ema_rsi_trend,EURUSD,eventless_no_decision,,strategy_returned_none,"{""decision_threshold"": 0.6600000000000001, ""no_trade_band"": 0.0}"
2026-03-19T06:40:53.791271+00:00,LIVE,ema_rsi_trend,EURUSD,eventless_no_decision,,strategy_returned_none,"{""decision_threshold"": 0.6600000000000001, ""no_trade_band"": 0.0}"
2026-03-19T06:41:36.164191+00:00,LIVE,ema_rsi_trend,EURUSD,eventless_no_decision,,strategy_returned_none,"{""decision_threshold"": 0.6600000000000001, ""no_trade_band"": 0.0}"
2026-03-19T06:42:47.838216+00:00,LIVE,ema_rsi_trend,EURUSD,calendar_refresh,,events=2506,"{""decision_threshold"": 0.6600000000000001, ""no_trade_band"": 0.0}"
2026-03-19T06:42:47.846632+00:00,LIVE,ema_rsi_trend,EURUSD,eventless_no_decision,,strategy_returned_none,"{""decision_threshold"": 0.6600000000000001, ""no_trade_band"": 0.0}"
2026-03-19T06:42:48.854905+00:00,LIVE,ema_rsi_trend,EURUSD,eventless_no_decision,,strategy_returned_none,"{""decision_threshold"": 0.6600000000000001, ""no_trade_band"": 0.0}"
2026-03-19T06:43:08.879950+00:00,LIVE,ema_rsi_trend,EURUSD,eventless_no_decision,,strategy_returned_none,"{""decision_threshold"": 0.6600000000000001, ""no_trade_band"": 0.0}"
2026-03-19T06:43:28.906787+00:00,LIVE,ema_rsi_trend,EURUSD,eventless_no_decision,,strategy_returned_none,"{""decision_threshold"": 0.6600000000000001, ""no_trade_band"": 0.0}"
2026-03-19T06:44:03.795598+00:00,LIVE,ema_rsi_trend,EURUSD,eventless_no_decision,,strategy_returned_none,"{""decision_threshold"": 0.6600000000000001, ""no_trade_band"": 0.0}"
2026-03-19T06:44:09.811498+00:00,LIVE,ema_rsi_trend,EURUSD,eventless_no_decision,,strategy_returned_none,"{""decision_threshold"": 0.6600000000000001, ""no_trade_band"": 0.0}"
2026-03-19T06:44:44.048614+00:00,LIVE,ema_rsi_trend,EURUSD,calendar_refresh,,events=2506,"{""decision_threshold"": 0.6600000000000001, ""no_trade_band"": 0.0}"
2026-03-19T06:44:49.105568+00:00,LIVE,ema_rsi_trend,EURUSD,eventless_no_decision,,strategy_returned_none,"{""decision_threshold"": 0.6600000000000001, ""no_trade_band"": 0.0}"
2026-03-19T06:45:13.084918+00:00,LIVE,ema_rsi_trend,EURUSD,eventless_no_decision,,strategy_returned_none,"{""decision_threshold"": 0.6600000000000001, ""no_trade_band"": 0.0}"
2026-03-19T06:45:32.851956+00:00,LIVE,ema_rsi_trend,EURUSD,eventless_no_decision,,strategy_returned_none,"{""decision_threshold"": 0.6600000000000001, ""no_trade_band"": 0.0}"
2026-03-19T06:45:53.064419+00:00,LIVE,ema_rsi_trend,EURUSD,eventless_no_decision,,strategy_returned_none,"{""decision_threshold"": 0.6600000000000001, ""no_trade_band"": 0.0}"
2026-03-19T06:46:13.091136+00:00,LIVE,ema_rsi_trend,EURUSD,eventless_no_decision,,strategy_returned_none,"{""decision_threshold"": 0.6600000000000001, ""no_trade_band"": 0.0}"
2026-03-19T06:46:44.287329+00:00,LIVE,ema_rsi_trend,EURUSD,calendar_refresh,,events=2506,"{""decision_threshold"": 0.6600000000000001, ""no_trade_band"": 0.0}"
2026-03-19T06:46:45.300631+00:00,LIVE,ema_rsi_trend,EURUSD,eventless_no_decision,,strategy_returned_none,"{""decision_threshold"": 0.6600000000000001, ""no_trade_band"": 0.0}"
2026-03-19T11:10:35.078077+00:00,LIVE,ema_rsi_trend,EURUSD,calendar_refresh,,events=1960,"{""decision_threshold"": 0.6600000000000001, ""no_trade_band"": 0.0}"
2026-03-19T11:10:35.718297+00:00,LIVE,ema_rsi_trend,EURUSD,eventless_no_decision,,strategy_returned_none,"{""decision_threshold"": 0.6600000000000001, ""no_trade_band"": 0.0}"
2026-03-19T11:10:56.434392+00:00,LIVE,ema_rsi_trend,EURUSD,order_sent_eventless,eventless_1773918655,"side=SELL,confidence=0.9253","{""decision_threshold"": 0.6600000000000001, ""no_trade_band"": 0.0}"
2026-03-19T11:11:16.539570+00:00,LIVE,ema_rsi_trend,EURUSD,eventless_no_decision,,strategy_returned_none,"{""decision_threshold"": 0.6600000000000001, ""no_trade_band"": 0.0}"
2026-03-19T11:11:36.563364+00:00,LIVE,ema_rsi_trend,EURUSD,eventless_no_decision,,strategy_returned_none,"{""decision_threshold"": 0.6600000000000001, ""no_trade_band"": 0.0}"
2026-03-19T11:11:57.369483+00:00,LIVE,ema_rsi_trend,EURUSD,eventless_no_decision,,strategy_returned_none,"{""decision_threshold"": 0.6600000000000001, ""no_trade_band"": 0.0}"
2026-03-19T11:12:17.743027+00:00,LIVE,ema_rsi_trend,EURUSD,eventless_no_decision,,strategy_returned_none,"{""decision_threshold"": 0.6600000000000001, ""no_trade_band"": 0.0}"
2026-03-19T11:12:53.770802+00:00,LIVE,ema_rsi_trend,EURUSD,calendar_refresh,,events=1960,"{""decision_threshold"": 0.6600000000000001, ""no_trade_band"": 0.0}"
2026-03-19T11:12:54.781469+00:00,LIVE,ema_rsi_trend,EURUSD,eventless_no_decision,,strategy_returned_none,"{""decision_threshold"": 0.6600000000000001, ""no_trade_band"": 0.0}"
2026-03-19T11:13:17.637586+00:00,LIVE,ema_rsi_trend,EURUSD,order_sent_eventless,eventless_1773918794,"side=SELL,confidence=0.8377","{""decision_threshold"": 0.6600000000000001, ""no_trade_band"": 0.0}"
2026-03-19T11:13:35.099039+00:00,LIVE,ema_rsi_trend,EURUSD,eventless_no_decision,,strategy_returned_none,"{""decision_threshold"": 0.6600000000000001, ""no_trade_band"": 0.0}"
2026-03-19T11:13:55.127597+00:00,LIVE,ema_rsi_trend,EURUSD,eventless_no_decision,,strategy_returned_none,"{""decision_threshold"": 0.6600000000000001, ""no_trade_band"": 0.0}"
2026-03-19T11:14:15.152131+00:00,LIVE,ema_rsi_trend,EURUSD,eventless_no_decision,,strategy_returned_none,"{""decision_threshold"": 0.6600000000000001, ""no_trade_band"": 0.0}"
2026-03-19T11:14:35.184621+00:00,LIVE,ema_rsi_trend,EURUSD,eventless_no_decision,,strategy_returned_none,"{""decision_threshold"": 0.6600000000000001, ""no_trade_band"": 0.0}"
2026-03-19T11:14:53.676756+00:00,LIVE,ema_rsi_trend,EURUSD,calendar_refresh,,events=1960,"{""decision_threshold"": 0.6600000000000001, ""no_trade_band"": 0.0}"
2026-03-19T11:15:03.239655+00:00,LIVE,ema_rsi_trend,EURUSD,order_sent_eventless,eventless_1773918902,"side=BUY,confidence=0.9029","{""decision_threshold"": 0.6600000000000001, ""no_trade_band"": 0.0}"
2026-03-19T11:15:24.080589+00:00,LIVE,ema_rsi_trend,EURUSD,order_sent_eventless,eventless_1773918922,"side=BUY,confidence=0.8200","{""decision_threshold"": 0.6600000000000001, ""no_trade_band"": 0.0}"
2026-03-19T11:15:42.838285+00:00,LIVE,ema_rsi_trend,EURUSD,eventless_no_decision,,strategy_returned_none,"{""decision_threshold"": 0.6600000000000001, ""no_trade_band"": 0.0}"
2026-03-19T11:16:08.717299+00:00,LIVE,ema_rsi_trend,EURUSD,order_sent_eventless,eventless_1773918967,"side=BUY,confidence=0.8808","{""decision_threshold"": 0.6600000000000001, ""no_trade_band"": 0.0}"
2026-03-19T11:16:28.365786+00:00,LIVE,ema_rsi_trend,EURUSD,eventless_no_decision,,strategy_returned_none,"{""decision_threshold"": 0.6600000000000001, ""no_trade_band"": 0.0}"
2026-03-19T11:16:53.875015+00:00,LIVE,ema_rsi_trend,EURUSD,calendar_refresh,,events=1960,"{""decision_threshold"": 0.6600000000000001, ""no_trade_band"": 0.0}"
2026-03-19T11:16:57.449706+00:00,LIVE,ema_rsi_trend,EURUSD,order_sent_eventless,eventless_1773919016,"side=BUY,confidence=0.8898","{""decision_threshold"": 0.6600000000000001, ""no_trade_band"": 0.0}"
2026-03-19T11:17:43.137486+00:00,LIVE,ema_rsi_trend,EURUSD,order_sent_eventless,eventless_1773919037,"side=BUY,confidence=0.8876","{""decision_threshold"": 0.6600000000000001, ""no_trade_band"": 0.0}"
2026-03-19T11:17:44.843740+00:00,LIVE,ema_rsi_trend,EURUSD,order_sent_eventless,eventless_1773919064,"side=SELL,confidence=0.8998","{""decision_threshold"": 0.6600000000000001, ""no_trade_band"": 0.0}"
2026-03-19T11:18:05.807671+00:00,LIVE,ema_rsi_trend,EURUSD,order_sent_eventless,eventless_1773919085,"side=BUY,confidence=0.8146","{""decision_threshold"": 0.6600000000000001, ""no_trade_band"": 0.0}"
2026-03-19T11:18:31.790333+00:00,LIVE,ema_rsi_trend,EURUSD,eventless_no_decision,,strategy_returned_none,"{""decision_threshold"": 0.6600000000000001, ""no_trade_band"": 0.0}"
2026-03-19T11:18:54.921220+00:00,LIVE,ema_rsi_trend,EURUSD,calendar_refresh,,events=1960,"{""decision_threshold"": 0.6600000000000001, ""no_trade_band"": 0.0}"
2026-03-19T11:18:55.932651+00:00,LIVE,ema_rsi_trend,EURUSD,eventless_no_decision,,strategy_returned_none,"{""decision_threshold"": 0.6600000000000001, ""no_trade_band"": 0.0}"
2026-03-19T11:19:16.345967+00:00,LIVE,ema_rsi_trend,EURUSD,eventless_no_decision,,strategy_returned_none,"{""decision_threshold"": 0.6600000000000001, ""no_trade_band"": 0.0}"
2026-03-19T11:19:37.065654+00:00,LIVE,ema_rsi_trend,EURUSD,eventless_no_decision,,strategy_returned_none,"{""decision_threshold"": 0.6600000000000001, ""no_trade_band"": 0.0}"
2026-03-19T11:19:58.151238+00:00,LIVE,ema_rsi_trend,EURUSD,order_sent_eventless,eventless_1773919197,"side=BUY,confidence=0.8611","{""decision_threshold"": 0.6600000000000001, ""no_trade_band"": 0.0}"
2026-03-19T11:20:31.174209+00:00,LIVE,ema_rsi_trend,EURUSD,eventless_no_decision,,strategy_returned_none,"{""decision_threshold"": 0.6600000000000001, ""no_trade_band"": 0.0}"
2026-03-19T11:20:54.814050+00:00,LIVE,ema_rsi_trend,EURUSD,calendar_refresh,,events=1960,"{""decision_threshold"": 0.6600000000000001, ""no_trade_band"": 0.0}"
2026-03-19T11:20:56.526795+00:00,LIVE,ema_rsi_trend,EURUSD,order_sent_eventless,eventless_1773919255,"side=BUY,confidence=0.9181","{""decision_threshold"": 0.6600000000000001, ""no_trade_band"": 0.0}"
2026-03-19T11:21:17.246095+00:00,LIVE,ema_rsi_trend,EURUSD,order_sent_eventless,eventless_1773919276,"side=BUY,confidence=0.8253","{""decision_threshold"": 0.6600000000000001, ""no_trade_band"": 0.0}"
2026-03-19T11:21:58.565023+00:00,LIVE,ema_rsi_trend,EURUSD,order_sent_eventless,eventless_1773919305,"side=SELL,confidence=0.8983","{""decision_threshold"": 0.6600000000000001, ""no_trade_band"": 0.0}"
2026-03-19T11:22:31.498258+00:00,LIVE,ema_rsi_trend,EURUSD,order_sent_eventless,eventless_1773919325,"side=SELL,confidence=0.9265","{""decision_threshold"": 0.6600000000000001, ""no_trade_band"": 0.0}"
2026-03-19T11:23:16.043450+00:00,LIVE,ema_rsi_trend,EURUSD,eventless_no_decision,,strategy_returned_none,"{""decision_threshold"": 0.6600000000000001, ""no_trade_band"": 0.0}"
2026-03-19T11:23:36.033761+00:00,LIVE,ema_rsi_trend,EURUSD,calendar_refresh,,events=1960,"{""decision_threshold"": 0.6600000000000001, ""no_trade_band"": 0.0}"
2026-03-19T11:24:23.889971+00:00,LIVE,ema_rsi_trend,EURUSD,order_sent_eventless,eventless_1773919397,"side=SELL,confidence=0.9313","{""decision_threshold"": 0.6600000000000001, ""no_trade_band"": 0.0}"
2026-03-19T11:24:24.901146+00:00,LIVE,ema_rsi_trend,EURUSD,eventless_no_decision,,strategy_returned_none,"{""decision_threshold"": 0.6600000000000001, ""no_trade_band"": 0.0}"
2026-03-19T11:25:02.928441+00:00,LIVE,ema_rsi_trend,EURUSD,eventless_no_decision,,strategy_returned_none,"{""decision_threshold"": 0.6600000000000001, ""no_trade_band"": 0.0}"
2026-03-19T11:25:17.035544+00:00,LIVE,ema_rsi_trend,EURUSD,eventless_no_decision,,strategy_returned_none,"{""decision_threshold"": 0.6600000000000001, ""no_trade_band"": 0.0}"
2026-03-19T11:25:36.216753+00:00,LIVE,ema_rsi_trend,EURUSD,calendar_refresh,,events=1960,"{""decision_threshold"": 0.6600000000000001, ""no_trade_band"": 0.0}"
2026-03-19T11:25:50.253803+00:00,LIVE,ema_rsi_trend,EURUSD,order_sent_eventless,eventless_1773919540,"side=SELL,confidence=0.8100","{""decision_threshold"": 0.6600000000000001, ""no_trade_band"": 0.0}"
2026-03-19T11:26:11.715333+00:00,LIVE,ema_rsi_trend,EURUSD,order_sent_eventless,eventless_1773919560,"side=SELL,confidence=0.7916","{""decision_threshold"": 0.6600000000000001, ""no_trade_band"": 0.0}"
2026-03-19T11:26:21.091601+00:00,LIVE,ema_rsi_trend,EURUSD,eventless_no_decision,,strategy_returned_none,"{""decision_threshold"": 0.6600000000000001, ""no_trade_band"": 0.0}"
2026-03-19T11:26:41.935080+00:00,LIVE,ema_rsi_trend,EURUSD,eventless_no_decision,,strategy_returned_none,"{""decision_threshold"": 0.6600000000000001, ""no_trade_band"": 0.0}"
2026-03-19T11:27:02.664263+00:00,LIVE,ema_rsi_trend,EURUSD,order_sent_eventless,eventless_1773919621,"side=BUY,confidence=0.8713","{""decision_threshold"": 0.6600000000000001, ""no_trade_band"": 0.0}"
2026-03-19T11:27:36.307393+00:00,LIVE,ema_rsi_trend,EURUSD,calendar_refresh,,events=1960,"{""decision_threshold"": 0.6600000000000001, ""no_trade_band"": 0.0}"
2026-03-19T11:27:37.319478+00:00,LIVE,ema_rsi_trend,EURUSD,eventless_no_decision,,strategy_returned_none,"{""decision_threshold"": 0.6600000000000001, ""no_trade_band"": 0.0}"
2026-03-19T11:27:57.899347+00:00,LIVE,ema_rsi_trend,EURUSD,eventless_no_decision,,strategy_returned_none,"{""decision_threshold"": 0.6600000000000001, ""no_trade_band"": 0.0}"
2026-03-19T11:28:18.627918+00:00,LIVE,ema_rsi_trend,EURUSD,eventless_no_decision,,strategy_returned_none,"{""decision_threshold"": 0.6600000000000001, ""no_trade_band"": 0.0}"
2026-03-19T11:28:39.004239+00:00,LIVE,ema_rsi_trend,EURUSD,eventless_no_decision,,strategy_returned_none,"{""decision_threshold"": 0.6600000000000001, ""no_trade_band"": 0.0}"
2026-03-19T11:28:59.372371+00:00,LIVE,ema_rsi_trend,EURUSD,eventless_no_decision,,strategy_returned_none,"{""decision_threshold"": 0.6600000000000001, ""no_trade_band"": 0.0}"
2026-03-19T11:29:36.776229+00:00,LIVE,ema_rsi_trend,EURUSD,calendar_refresh,,events=1960,"{""decision_threshold"": 0.6600000000000001, ""no_trade_band"": 0.0}"
2026-03-19T11:29:40.772497+00:00,LIVE,ema_rsi_trend,EURUSD,eventless_no_decision,,strategy_returned_none,"{""decision_threshold"": 0.6600000000000001, ""no_trade_band"": 0.0}"
2026-03-19T11:29:41.783542+00:00,LIVE,ema_rsi_trend,EURUSD,eventless_no_decision,,strategy_returned_none,"{""decision_threshold"": 0.6600000000000001, ""no_trade_band"": 0.0}"
2026-03-19T11:30:04.107182+00:00,LIVE,ema_rsi_trend,EURUSD,order_sent_eventless,eventless_1773919802,"side=BUY,confidence=0.7751","{""decision_threshold"": 0.6600000000000001, ""no_trade_band"": 0.0}"
2026-03-19T11:30:22.826215+00:00,LIVE,ema_rsi_trend,EURUSD,eventless_no_decision,,strategy_returned_none,"{""decision_threshold"": 0.6600000000000001, ""no_trade_band"": 0.0}"
2026-03-19T11:30:43.814981+00:00,LIVE,ema_rsi_trend,EURUSD,order_sent_eventless,eventless_1773919842,"side=SELL,confidence=0.7931","{""decision_threshold"": 0.6600000000000001, ""no_trade_band"": 0.0}"
2026-03-19T11:31:12.463922+00:00,LIVE,ema_rsi_trend,EURUSD,eventless_no_decision,,strategy_returned_none,"{""decision_threshold"": 0.6600000000000001, ""no_trade_band"": 0.0}"
2026-03-19T11:31:37.929716+00:00,LIVE,ema_rsi_trend,EURUSD,calendar_refresh,,events=1960,"{""decision_threshold"": 0.6600000000000001, ""no_trade_band"": 0.0}"
2026-03-19T11:31:38.940864+00:00,LIVE,ema_rsi_trend,EURUSD,eventless_no_decision,,strategy_returned_none,"{""decision_threshold"": 0.6600000000000001, ""no_trade_band"": 0.0}"
2026-03-19T11:31:58.966376+00:00,LIVE,ema_rsi_trend,EURUSD,eventless_no_decision,,strategy_returned_none,"{""decision_threshold"": 0.6600000000000001, ""no_trade_band"": 0.0}"
2026-03-19T11:32:18.990381+00:00,LIVE,ema_rsi_trend,EURUSD,eventless_no_decision,,strategy_returned_none,"{""decision_threshold"": 0.6600000000000001, ""no_trade_band"": 0.0}"
2026-03-19T11:32:39.014448+00:00,LIVE,ema_rsi_trend,EURUSD,eventless_no_decision,,strategy_returned_none,"{""decision_threshold"": 0.6600000000000001, ""no_trade_band"": 0.0}"
2026-03-19T11:32:59.744427+00:00,LIVE,ema_rsi_trend,EURUSD,eventless_no_decision,,strategy_returned_none,"{""decision_threshold"": 0.6600000000000001, ""no_trade_band"": 0.0}"
2026-03-19T11:33:20.464523+00:00,LIVE,ema_rsi_trend,EURUSD,order_sent_eventless,eventless_1773919999,"side=SELL,confidence=0.8419","{""decision_threshold"": 0.6600000000000001, ""no_trade_band"": 0.0}"
2026-03-19T11:33:39.542541+00:00,LIVE,ema_rsi_trend,EURUSD,calendar_refresh,,events=1960,"{""decision_threshold"": 0.6600000000000001, ""no_trade_band"": 0.0}"
2026-03-19T11:33:40.911495+00:00,LIVE,ema_rsi_trend,EURUSD,eventless_no_decision,,strategy_returned_none,"{""decision_threshold"": 0.6600000000000001, ""no_trade_band"": 0.0}"
2026-03-19T11:34:02.249846+00:00,LIVE,ema_rsi_trend,EURUSD,eventless_no_decision,,strategy_returned_none,"{""decision_threshold"": 0.6600000000000001, ""no_trade_band"": 0.0}"
2026-03-19T11:34:23.173635+00:00,LIVE,ema_rsi_trend,EURUSD,order_sent_eventless,eventless_1773920062,"side=SELL,confidence=0.9170","{""decision_threshold"": 0.6600000000000001, ""no_trade_band"": 0.0}"
2026-03-19T11:34:43.318459+00:00,LIVE,ema_rsi_trend,EURUSD,eventless_no_decision,,strategy_returned_none,"{""decision_threshold"": 0.6600000000000001, ""no_trade_band"": 0.0}"
2026-03-19T11:35:03.359139+00:00,LIVE,ema_rsi_trend,EURUSD,eventless_no_decision,,strategy_returned_none,"{""decision_threshold"": 0.6600000000000001, ""no_trade_band"": 0.0}"
2026-03-19T11:35:40.307748+00:00,LIVE,ema_rsi_trend,EURUSD,calendar_refresh,,events=1960,"{""decision_threshold"": 0.6600000000000001, ""no_trade_band"": 0.0}"
2026-03-19T11:35:42.720862+00:00,LIVE,ema_rsi_trend,EURUSD,order_sent_eventless,eventless_1773920142,"side=SELL,confidence=0.9089","{""decision_threshold"": 0.6600000000000001, ""no_trade_band"": 0.0}"
2026-03-19T11:36:02.545867+00:00,LIVE,ema_rsi_trend,EURUSD,eventless_no_decision,,strategy_returned_none,"{""decision_threshold"": 0.6600000000000001, ""no_trade_band"": 0.0}"
2026-03-19T11:36:23.457731+00:00,LIVE,ema_rsi_trend,EURUSD,eventless_no_decision,,strategy_returned_none,"{""decision_threshold"": 0.6600000000000001, ""no_trade_band"": 0.0}"
2026-03-19T11:36:44.382719+00:00,LIVE,ema_rsi_trend,EURUSD,eventless_no_decision,,strategy_returned_none,"{""decision_threshold"": 0.6600000000000001, ""no_trade_band"": 0.0}"
2026-03-19T11:37:08.125371+00:00,LIVE,ema_rsi_trend,EURUSD,order_sent_eventless,eventless_1773920225,"side=BUY,confidence=0.9123","{""decision_threshold"": 0.6600000000000001, ""no_trade_band"": 0.0}"
2026-03-19T11:37:41.203635+00:00,LIVE,ema_rsi_trend,EURUSD,calendar_refresh,,events=1960,"{""decision_threshold"": 0.6600000000000001, ""no_trade_band"": 0.0}"
2026-03-19T11:37:42.565783+00:00,LIVE,ema_rsi_trend,EURUSD,eventless_no_decision,,strategy_returned_none,"{""decision_threshold"": 0.6600000000000001, ""no_trade_band"": 0.0}"
2026-03-19T11:38:02.317524+00:00,LIVE,ema_rsi_trend,EURUSD,eventless_no_decision,,strategy_returned_none,"{""decision_threshold"": 0.6600000000000001, ""no_trade_band"": 0.0}"
2026-03-19T11:38:34.947039+00:00,LIVE,ema_rsi_trend,EURUSD,order_sent_eventless,eventless_1773920302,"side=BUY,confidence=0.9000","{""decision_threshold"": 0.6600000000000001, ""no_trade_band"": 0.0}"
2026-03-19T11:38:52.674713+00:00,LIVE,ema_rsi_trend,EURUSD,eventless_no_decision,,strategy_returned_none,"{""decision_threshold"": 0.6600000000000001, ""no_trade_band"": 0.0}"
2026-03-19T11:39:12.700591+00:00,LIVE,ema_rsi_trend,EURUSD,eventless_no_decision,,strategy_returned_none,"{""decision_threshold"": 0.6600000000000001, ""no_trade_band"": 0.0}"
2026-03-19T11:39:42.213560+00:00,LIVE,ema_rsi_trend,EURUSD,calendar_refresh,,events=1960,"{""decision_threshold"": 0.6600000000000001, ""no_trade_band"": 0.0}"
2026-03-19T11:39:43.908228+00:00,LIVE,ema_rsi_trend,EURUSD,eventless_no_decision,,strategy_returned_none,"{""decision_threshold"": 0.6600000000000001, ""no_trade_band"": 0.0}"
2026-03-19T11:40:05.336461+00:00,LIVE,ema_rsi_trend,EURUSD,order_sent_eventless,eventless_1773920404,"side=SELL,confidence=0.8927","{""decision_threshold"": 0.6600000000000001, ""no_trade_band"": 0.0}"
2026-03-19T11:40:25.425512+00:00,LIVE,ema_rsi_trend,EURUSD,eventless_no_decision,,strategy_returned_none,"{""decision_threshold"": 0.6600000000000001, ""no_trade_band"": 0.0}"
2026-03-19T11:40:45.994835+00:00,LIVE,ema_rsi_trend,EURUSD,eventless_no_decision,,strategy_returned_none,"{""decision_threshold"": 0.6600000000000001, ""no_trade_band"": 0.0}"
2026-03-19T11:41:06.395248+00:00,LIVE,ema_rsi_trend,EURUSD,eventless_no_decision,,strategy_returned_none,"{""decision_threshold"": 0.6600000000000001, ""no_trade_band"": 0.0}"
2026-03-19T11:41:41.001658+00:00,LIVE,ema_rsi_trend,EURUSD,calendar_refresh,,events=1960,"{""decision_threshold"": 0.6600000000000001, ""no_trade_band"": 0.0}"
2026-03-19T11:41:43.347902+00:00,LIVE,ema_rsi_trend,EURUSD,order_sent_eventless,eventless_1773920502,"side=SELL,confidence=0.9200","{""decision_threshold"": 0.6600000000000001, ""no_trade_band"": 0.0}"
2026-03-19T11:42:03.387600+00:00,LIVE,ema_rsi_trend,EURUSD,eventless_no_decision,,strategy_returned_none,"{""decision_threshold"": 0.6600000000000001, ""no_trade_band"": 0.0}"
2026-03-19T11:42:29.244685+00:00,LIVE,ema_rsi_trend,EURUSD,order_sent_eventless,eventless_1773920543,"side=SELL,confidence=0.8692","{""decision_threshold"": 0.6600000000000001, ""no_trade_band"": 0.0}"
2026-03-19T11:42:53.998189+00:00,LIVE,ema_rsi_trend,EURUSD,order_sent_eventless,eventless_1773920563,"side=SELL,confidence=0.8959","{""decision_threshold"": 0.6600000000000001, ""no_trade_band"": 0.0}"
2026-03-19T11:43:05.057521+00:00,LIVE,ema_rsi_trend,EURUSD,order_sent_eventless,eventless_1773920584,"side=BUY,confidence=0.8345","{""decision_threshold"": 0.6600000000000001, ""no_trade_band"": 0.0}"
2026-03-19T11:43:41.525275+00:00,LIVE,ema_rsi_trend,EURUSD,calendar_refresh,,events=1960,"{""decision_threshold"": 0.6600000000000001, ""no_trade_band"": 0.0}"
2026-03-19T11:43:43.240335+00:00,LIVE,ema_rsi_trend,EURUSD,order_sent_eventless,eventless_1773920622,"side=BUY,confidence=0.8459","{""decision_threshold"": 0.6600000000000001, ""no_trade_band"": 0.0}"
2026-03-19T11:44:02.626813+00:00,LIVE,ema_rsi_trend,EURUSD,eventless_no_decision,,strategy_returned_none,"{""decision_threshold"": 0.6600000000000001, ""no_trade_band"": 0.0}"
2026-03-19T11:44:22.819029+00:00,LIVE,ema_rsi_trend,EURUSD,eventless_no_decision,,strategy_returned_none,"{""decision_threshold"": 0.6600000000000001, ""no_trade_band"": 0.0}"
2026-03-19T11:44:44.214494+00:00,LIVE,ema_rsi_trend,EURUSD,order_sent_eventless,eventless_1773920683,"side=SELL,confidence=0.7066","{""decision_threshold"": 0.6600000000000001, ""no_trade_band"": 0.0}"
2026-03-19T11:45:03.280032+00:00,LIVE,ema_rsi_trend,EURUSD,eventless_no_decision,,strategy_returned_none,"{""decision_threshold"": 0.6600000000000001, ""no_trade_band"": 0.0}"
2026-03-19T11:45:23.408856+00:00,LIVE,ema_rsi_trend,EURUSD,eventless_no_decision,,strategy_returned_none,"{""decision_threshold"": 0.6600000000000001, ""no_trade_band"": 0.0}"
2026-03-19T11:45:43.083939+00:00,LIVE,ema_rsi_trend,EURUSD,calendar_refresh,,events=1960,"{""decision_threshold"": 0.6600000000000001, ""no_trade_band"": 0.0}"
2026-03-19T11:45:44.095792+00:00,LIVE,ema_rsi_trend,EURUSD,eventless_no_decision,,strategy_returned_none,"{""decision_threshold"": 0.6600000000000001, ""no_trade_band"": 0.0}"
2026-03-19T11:46:04.123809+00:00,LIVE,ema_rsi_trend,EURUSD,eventless_no_decision,,strategy_returned_none,"{""decision_threshold"": 0.6600000000000001, ""no_trade_band"": 0.0}"
2026-03-19T11:46:24.874084+00:00,LIVE,ema_rsi_trend,EURUSD,eventless_no_decision,,strategy_returned_none,"{""decision_threshold"": 0.6600000000000001, ""no_trade_band"": 0.0}"
2026-03-19T11:46:44.901145+00:00,LIVE,ema_rsi_trend,EURUSD,eventless_no_decision,,strategy_returned_none,"{""decision_threshold"": 0.6600000000000001, ""no_trade_band"": 0.0}"
2026-03-19T11:47:04.928759+00:00,LIVE,ema_rsi_trend,EURUSD,eventless_no_decision,,strategy_returned_none,"{""decision_threshold"": 0.6600000000000001, ""no_trade_band"": 0.0}"
2026-03-19T11:47:42.791004+00:00,LIVE,ema_rsi_trend,EURUSD,calendar_refresh,,events=1960,"{""decision_threshold"": 0.6600000000000001, ""no_trade_band"": 0.0}"
2026-03-19T11:47:43.808543+00:00,LIVE,ema_rsi_trend,EURUSD,order_sent_eventless,eventless_1773920845,"side=BUY,confidence=0.9087","{""decision_threshold"": 0.6600000000000001, ""no_trade_band"": 0.0}"
2026-03-19T11:47:48.641612+00:00,LIVE,ema_rsi_trend,EURUSD,order_sent_eventless,eventless_1773920865,"side=BUY,confidence=0.9094","{""decision_threshold"": 0.6600000000000001, ""no_trade_band"": 0.0}"
2026-03-19T11:48:09.236674+00:00,LIVE,ema_rsi_trend,EURUSD,order_sent_eventless,eventless_1773920887,"side=BUY,confidence=0.7976","{""decision_threshold"": 0.6600000000000001, ""no_trade_band"": 0.0}"
2026-03-19T11:48:27.795189+00:00,LIVE,ema_rsi_trend,EURUSD,order_sent_eventless,eventless_1773920907,"side=BUY,confidence=0.8830","{""decision_threshold"": 0.6600000000000001, ""no_trade_band"": 0.0}"
2026-03-19T11:48:47.295560+00:00,LIVE,ema_rsi_trend,EURUSD,eventless_no_decision,,strategy_returned_none,"{""decision_threshold"": 0.6600000000000001, ""no_trade_band"": 0.0}"
2026-03-19T11:49:07.321884+00:00,LIVE,ema_rsi_trend,EURUSD,eventless_no_decision,,strategy_returned_none,"{""decision_threshold"": 0.6600000000000001, ""no_trade_band"": 0.0}"
2026-03-19T11:49:43.052061+00:00,LIVE,ema_rsi_trend,EURUSD,calendar_refresh,,events=2005,"{""decision_threshold"": 0.6600000000000001, ""no_trade_band"": 0.0}"
2026-03-19T11:49:44.064962+00:00,LIVE,ema_rsi_trend,EURUSD,eventless_no_decision,,strategy_returned_none,"{""decision_threshold"": 0.6600000000000001, ""no_trade_band"": 0.0}"
2026-03-19T11:50:04.787719+00:00,LIVE,ema_rsi_trend,EURUSD,order_sent_eventless,eventless_1773921004,"side=SELL,confidence=0.8192","{""decision_threshold"": 0.6600000000000001, ""no_trade_band"": 0.0}"
2026-03-19T11:50:24.815824+00:00,LIVE,ema_rsi_trend,EURUSD,eventless_no_decision,,strategy_returned_none,"{""decision_threshold"": 0.6600000000000001, ""no_trade_band"": 0.0}"
2026-03-19T11:50:48.421853+00:00,LIVE,ema_rsi_trend,EURUSD,eventless_no_decision,,strategy_returned_none,"{""decision_threshold"": 0.6600000000000001, ""no_trade_band"": 0.0}"
2026-03-19T11:51:12.994733+00:00,LIVE,ema_rsi_trend,EURUSD,eventless_no_decision,,strategy_returned_none,"{""decision_threshold"": 0.6600000000000001, ""no_trade_band"": 0.0}"
2026-03-19T11:51:43.764532+00:00,LIVE,ema_rsi_trend,EURUSD,calendar_refresh,,events=1960,"{""decision_threshold"": 0.6600000000000001, ""no_trade_band"": 0.0}"
2026-03-19T11:51:49.988090+00:00,LIVE,ema_rsi_trend,EURUSD,order_sent_eventless,eventless_1773921106,"side=SELL,confidence=0.9078","{""decision_threshold"": 0.6600000000000001, ""no_trade_band"": 0.0}"
2026-03-19T11:52:07.156404+00:00,LIVE,ema_rsi_trend,EURUSD,eventless_no_decision,,strategy_returned_none,"{""decision_threshold"": 0.6600000000000001, ""no_trade_band"": 0.0}"
2026-03-19T11:52:28.607724+00:00,LIVE,ema_rsi_trend,EURUSD,order_sent_eventless,eventless_1773921147,"side=BUY,confidence=0.8939","{""decision_threshold"": 0.6600000000000001, ""no_trade_band"": 0.0}"
2026-03-19T11:52:56.201668+00:00,LIVE,ema_rsi_trend,EURUSD,order_sent_eventless,eventless_1773921168,"side=SELL,confidence=0.8300","{""decision_threshold"": 0.6600000000000001, ""no_trade_band"": 0.0}"
2026-03-19T11:53:09.355180+00:00,LIVE,ema_rsi_trend,EURUSD,eventless_no_decision,,strategy_returned_none,"{""decision_threshold"": 0.6600000000000001, ""no_trade_band"": 0.0}"
2026-03-19T11:53:49.940830+00:00,LIVE,ema_rsi_trend,EURUSD,calendar_refresh,,events=1960,"{""decision_threshold"": 0.6600000000000001, ""no_trade_band"": 0.0}"
2026-03-19T11:53:49.952367+00:00,LIVE,ema_rsi_trend,EURUSD,eventless_no_decision,,strategy_returned_none,"{""decision_threshold"": 0.6600000000000001, ""no_trade_band"": 0.0}"
2026-03-19T11:53:52.962401+00:00,LIVE,ema_rsi_trend,EURUSD,eventless_no_decision,,strategy_returned_none,"{""decision_threshold"": 0.6600000000000001, ""no_trade_band"": 0.0}"
2026-03-19T11:54:13.561759+00:00,LIVE,ema_rsi_trend,EURUSD,eventless_no_decision,,strategy_returned_none,"{""decision_threshold"": 0.6600000000000001, ""no_trade_band"": 0.0}"
2026-03-19T11:54:36.806957+00:00,LIVE,ema_rsi_trend,EURUSD,order_sent_eventless,eventless_1773921273,"side=SELL,confidence=0.8146","{""decision_threshold"": 0.6600000000000001, ""no_trade_band"": 0.0}"
2026-03-19T11:54:55.991365+00:00,LIVE,ema_rsi_trend,EURUSD,order_sent_eventless,eventless_1773921294,"side=SELL,confidence=0.8768","{""decision_threshold"": 0.6600000000000001, ""no_trade_band"": 0.0}"
2026-03-19T11:55:15.129480+00:00,LIVE,ema_rsi_trend,EURUSD,order_sent_eventless,eventless_1773921314,"side=SELL,confidence=0.8046","{""decision_threshold"": 0.6600000000000001, ""no_trade_band"": 0.0}"
2026-03-19T11:55:48.909122+00:00,LIVE,ema_rsi_trend,EURUSD,calendar_refresh,,events=1820,"{""decision_threshold"": 0.6600000000000001, ""no_trade_band"": 0.0}"
2026-03-19T11:55:49.920919+00:00,LIVE,ema_rsi_trend,EURUSD,eventless_no_decision,,strategy_returned_none,"{""decision_threshold"": 0.6600000000000001, ""no_trade_band"": 0.0}"
2026-03-19T11:56:09.946841+00:00,LIVE,ema_rsi_trend,EURUSD,eventless_no_decision,,strategy_returned_none,"{""decision_threshold"": 0.6600000000000001, ""no_trade_band"": 0.0}"
2026-03-19T11:56:29.997526+00:00,LIVE,ema_rsi_trend,EURUSD,eventless_no_decision,,strategy_returned_none,"{""decision_threshold"": 0.6600000000000001, ""no_trade_band"": 0.0}"
2026-03-19T11:56:52.446400+00:00,LIVE,ema_rsi_trend,EURUSD,eventless_no_decision,,strategy_returned_none,"{""decision_threshold"": 0.6600000000000001, ""no_trade_band"": 0.0}"
2026-03-19T11:57:11.174912+00:00,LIVE,ema_rsi_trend,EURUSD,order_sent_eventless,eventless_1773921430,"side=SELL,confidence=0.7977","{""decision_threshold"": 0.6600000000000001, ""no_trade_band"": 0.0}"
2026-03-19T11:57:31.233159+00:00,LIVE,ema_rsi_trend,EURUSD,eventless_no_decision,,strategy_returned_none,"{""decision_threshold"": 0.6600000000000001, ""no_trade_band"": 0.0}"
2026-03-19T11:57:50.426047+00:00,LIVE,ema_rsi_trend,EURUSD,calendar_refresh,,events=1960,"{""decision_threshold"": 0.6600000000000001, ""no_trade_band"": 0.0}"
2026-03-19T11:57:51.439307+00:00,LIVE,ema_rsi_trend,EURUSD,eventless_no_decision,,strategy_returned_none,"{""decision_threshold"": 0.6600000000000001, ""no_trade_band"": 0.0}"
2026-03-19T11:58:14.783527+00:00,LIVE,ema_rsi_trend,EURUSD,order_sent_eventless,eventless_1773921491,"side=SELL,confidence=0.8827","{""decision_threshold"": 0.6600000000000001, ""no_trade_band"": 0.0}"
2026-03-19T11:58:32.100284+00:00,LIVE,ema_rsi_trend,EURUSD,eventless_no_decision,,strategy_returned_none,"{""decision_threshold"": 0.6600000000000001, ""no_trade_band"": 0.0}"
2026-03-19T11:58:55.648326+00:00,LIVE,ema_rsi_trend,EURUSD,eventless_no_decision,,strategy_returned_none,"{""decision_threshold"": 0.6600000000000001, ""no_trade_band"": 0.0}"
2026-03-19T11:59:16.442292+00:00,LIVE,ema_rsi_trend,EURUSD,eventless_no_decision,,strategy_returned_none,"{""decision_threshold"": 0.6600000000000001, ""no_trade_band"": 0.0}"
2026-03-19T11:59:56.636621+00:00,LIVE,ema_rsi_trend,EURUSD,calendar_refresh,,events=1983,"{""decision_threshold"": 0.6600000000000001, ""no_trade_band"": 0.0}"
2026-03-19T12:00:42.029999+00:00,LIVE,ema_rsi_trend,EURUSD,order_sent_eventless,eventless_1773921579,"side=BUY,confidence=0.9075","{""decision_threshold"": 0.6600000000000001, ""no_trade_band"": 0.0}"
2026-03-19T12:00:43.731047+00:00,LIVE,ema_rsi_trend,EURUSD,order_sent_eventless,eventless_1773921643,"side=BUY,confidence=0.7415","{""decision_threshold"": 0.6600000000000001, ""no_trade_band"": 0.0}"
2026-03-19T12:01:38.171267+00:00,LIVE,ema_rsi_trend,EURUSD,order_sent_eventless,eventless_1773921697,"side=BUY,confidence=0.9029","{""decision_threshold"": 0.6600000000000001, ""no_trade_band"": 0.0}"
2026-03-19T12:02:08.845423+00:00,LIVE,ema_rsi_trend,EURUSD,calendar_refresh,,events=1960,"{""decision_threshold"": 0.6600000000000001, ""no_trade_band"": 0.0}"
2026-03-19T12:02:46.176960+00:00,LIVE,ema_rsi_trend,EURUSD,order_sent_eventless,eventless_1773921763,"side=BUY,confidence=0.8175","{""decision_threshold"": 0.6600000000000001, ""no_trade_band"": 0.0}"
2026-03-19T12:03:03.900427+00:00,LIVE,ema_rsi_trend,EURUSD,eventless_no_decision,,strategy_returned_none,"{""decision_threshold"": 0.6600000000000001, ""no_trade_band"": 0.0}"
2026-03-19T12:03:23.930014+00:00,LIVE,ema_rsi_trend,EURUSD,eventless_no_decision,,strategy_returned_none,"{""decision_threshold"": 0.6600000000000001, ""no_trade_band"": 0.0}"
2026-03-19T12:03:43.959504+00:00,LIVE,ema_rsi_trend,EURUSD,eventless_no_decision,,strategy_returned_none,"{""decision_threshold"": 0.6600000000000001, ""no_trade_band"": 0.0}"
2026-03-19T12:04:30.567380+00:00,LIVE,ema_rsi_trend,EURUSD,calendar_refresh,,events=1960,"{""decision_threshold"": 0.6600000000000001, ""no_trade_band"": 0.0}"
2026-03-19T12:04:31.705902+00:00,LIVE,ema_rsi_trend,EURUSD,eventless_no_decision,,strategy_returned_none,"{""decision_threshold"": 0.6600000000000001, ""no_trade_band"": 0.0}"
2026-03-19T12:04:32.715851+00:00,LIVE,ema_rsi_trend,EURUSD,eventless_no_decision,,strategy_returned_none,"{""decision_threshold"": 0.6600000000000001, ""no_trade_band"": 0.0}"
2026-03-19T12:04:52.738950+00:00,LIVE,ema_rsi_trend,EURUSD,eventless_no_decision,,strategy_returned_none,"{""decision_threshold"": 0.6600000000000001, ""no_trade_band"": 0.0}"
2026-03-19T12:05:12.763111+00:00,LIVE,ema_rsi_trend,EURUSD,eventless_no_decision,,strategy_returned_none,"{""decision_threshold"": 0.6600000000000001, ""no_trade_band"": 0.0}"
2026-03-19T12:05:32.788516+00:00,LIVE,ema_rsi_trend,EURUSD,eventless_no_decision,,strategy_returned_none,"{""decision_threshold"": 0.6600000000000001, ""no_trade_band"": 0.0}"
2026-03-19T12:05:52.810958+00:00,LIVE,ema_rsi_trend,EURUSD,eventless_no_decision,,strategy_returned_none,"{""decision_threshold"": 0.6600000000000001, ""no_trade_band"": 0.0}"
2026-03-19T12:06:30.140732+00:00,LIVE,ema_rsi_trend,EURUSD,calendar_refresh,,events=1960,"{""decision_threshold"": 0.6600000000000001, ""no_trade_band"": 0.0}"
2026-03-19T12:06:41.606572+00:00,LIVE,ema_rsi_trend,EURUSD,order_sent_eventless,eventless_1773921991,"side=BUY,confidence=0.9159","{""decision_threshold"": 0.6600000000000001, ""no_trade_band"": 0.0}"
2026-03-19T12:06:53.303283+00:00,LIVE,ema_rsi_trend,EURUSD,eventless_no_decision,,strategy_returned_none,"{""decision_threshold"": 0.6600000000000001, ""no_trade_band"": 0.0}"
2026-03-19T12:07:13.342871+00:00,LIVE,ema_rsi_trend,EURUSD,eventless_no_decision,,strategy_returned_none,"{""decision_threshold"": 0.6600000000000001, ""no_trade_band"": 0.0}"
2026-03-19T12:07:33.809715+00:00,LIVE,ema_rsi_trend,EURUSD,eventless_no_decision,,strategy_returned_none,"{""decision_threshold"": 0.6600000000000001, ""no_trade_band"": 0.0}"
2026-03-19T12:07:54.178353+00:00,LIVE,ema_rsi_trend,EURUSD,eventless_no_decision,,strategy_returned_none,"{""decision_threshold"": 0.6600000000000001, ""no_trade_band"": 0.0}"
2026-03-19T12:08:28.361914+00:00,LIVE,ema_rsi_trend,EURUSD,calendar_refresh,,events=1960,"{""decision_threshold"": 0.6600000000000001, ""no_trade_band"": 0.0}"
2026-03-19T12:08:29.370578+00:00,LIVE,ema_rsi_trend,EURUSD,eventless_no_decision,,strategy_returned_none,"{""decision_threshold"": 0.6600000000000001, ""no_trade_band"": 0.0}"
2026-03-19T12:08:49.396147+00:00,LIVE,ema_rsi_trend,EURUSD,eventless_no_decision,,strategy_returned_none,"{""decision_threshold"": 0.6600000000000001, ""no_trade_band"": 0.0}"
2026-03-19T12:09:09.522410+00:00,LIVE,ema_rsi_trend,EURUSD,eventless_no_decision,,strategy_returned_none,"{""decision_threshold"": 0.6600000000000001, ""no_trade_band"": 0.0}"
2026-03-19T12:09:29.544991+00:00,LIVE,ema_rsi_trend,EURUSD,eventless_no_decision,,strategy_returned_none,"{""decision_threshold"": 0.6600000000000001, ""no_trade_band"": 0.0}"
2026-03-19T12:10:03.220598+00:00,LIVE,ema_rsi_trend,EURUSD,order_sent_eventless,eventless_1773922189,"side=BUY,confidence=0.8810","{""decision_threshold"": 0.6600000000000001, ""no_trade_band"": 0.0}"
2026-03-19T12:10:10.044611+00:00,LIVE,ema_rsi_trend,EURUSD,eventless_no_decision,,strategy_returned_none,"{""decision_threshold"": 0.6600000000000001, ""no_trade_band"": 0.0}"
2026-03-19T12:10:29.170380+00:00,LIVE,ema_rsi_trend,EURUSD,calendar_refresh,,events=1960,"{""decision_threshold"": 0.6600000000000001, ""no_trade_band"": 0.0}"
2026-03-19T12:10:30.181748+00:00,LIVE,ema_rsi_trend,EURUSD,eventless_no_decision,,strategy_returned_none,"{""decision_threshold"": 0.6600000000000001, ""no_trade_band"": 0.0}"
2026-03-19T12:10:50.209217+00:00,LIVE,ema_rsi_trend,EURUSD,eventless_no_decision,,strategy_returned_none,"{""decision_threshold"": 0.6600000000000001, ""no_trade_band"": 0.0}"
2026-03-19T12:11:10.235386+00:00,LIVE,ema_rsi_trend,EURUSD,eventless_no_decision,,strategy_returned_none,"{""decision_threshold"": 0.6600000000000001, ""no_trade_band"": 0.0}"
2026-03-19T12:11:30.275575+00:00,LIVE,ema_rsi_trend,EURUSD,eventless_no_decision,,strategy_returned_none,"{""decision_threshold"": 0.6600000000000001, ""no_trade_band"": 0.0}"
2026-03-19T12:11:50.308355+00:00,LIVE,ema_rsi_trend,EURUSD,eventless_no_decision,,strategy_returned_none,"{""decision_threshold"": 0.6600000000000001, ""no_trade_band"": 0.0}"
2026-03-19T12:12:10.334448+00:00,LIVE,ema_rsi_trend,EURUSD,eventless_no_decision,,strategy_returned_none,"{""decision_threshold"": 0.6600000000000001, ""no_trade_band"": 0.0}"
2026-03-19T12:12:29.313762+00:00,LIVE,ema_rsi_trend,EURUSD,calendar_refresh,,events=1960,"{""decision_threshold"": 0.6600000000000001, ""no_trade_band"": 0.0}"
2026-03-19T12:12:30.336557+00:00,LIVE,ema_rsi_trend,EURUSD,eventless_no_decision,,strategy_returned_none,"{""decision_threshold"": 0.6600000000000001, ""no_trade_band"": 0.0}"
2026-03-19T12:12:51.421392+00:00,LIVE,ema_rsi_trend,EURUSD,order_sent_eventless,eventless_1773922370,"side=BUY,confidence=0.9032","{""decision_threshold"": 0.6600000000000001, ""no_trade_band"": 0.0}"
2026-03-19T12:13:10.446547+00:00,LIVE,ema_rsi_trend,EURUSD,eventless_no_decision,,strategy_returned_none,"{""decision_threshold"": 0.6600000000000001, ""no_trade_band"": 0.0}"
2026-03-19T12:13:30.568313+00:00,LIVE,ema_rsi_trend,EURUSD,eventless_no_decision,,strategy_returned_none,"{""decision_threshold"": 0.6600000000000001, ""no_trade_band"": 0.0}"
2026-03-19T12:13:50.593798+00:00,LIVE,ema_rsi_trend,EURUSD,eventless_no_decision,,strategy_returned_none,"{""decision_threshold"": 0.6600000000000001, ""no_trade_band"": 0.0}"
2026-03-19T12:14:10.620199+00:00,LIVE,ema_rsi_trend,EURUSD,eventless_no_decision,,strategy_returned_none,"{""decision_threshold"": 0.6600000000000001, ""no_trade_band"": 0.0}"
2026-03-19T12:14:30.964497+00:00,LIVE,ema_rsi_trend,EURUSD,calendar_refresh,,events=1960,"{""decision_threshold"": 0.6600000000000001, ""no_trade_band"": 0.0}"
2026-03-19T12:14:33.445821+00:00,LIVE,ema_rsi_trend,EURUSD,order_sent_eventless,eventless_1773922471,"side=SELL,confidence=0.7424","{""decision_threshold"": 0.6600000000000001, ""no_trade_band"": 0.0}"
2026-03-19T12:14:52.857890+00:00,LIVE,ema_rsi_trend,EURUSD,eventless_no_decision,,strategy_returned_none,"{""decision_threshold"": 0.6600000000000001, ""no_trade_band"": 0.0}"
2026-03-19T12:15:13.580660+00:00,LIVE,ema_rsi_trend,EURUSD,order_sent_eventless,eventless_1773922512,"side=BUY,confidence=0.8058","{""decision_threshold"": 0.6600000000000001, ""no_trade_band"": 0.0}"
2026-03-19T12:15:33.735238+00:00,LIVE,ema_rsi_trend,EURUSD,eventless_no_decision,,strategy_returned_none,"{""decision_threshold"": 0.6600000000000001, ""no_trade_band"": 0.0}"
2026-03-19T12:15:54.478560+00:00,LIVE,ema_rsi_trend,EURUSD,eventless_no_decision,,strategy_returned_none,"{""decision_threshold"": 0.6600000000000001, ""no_trade_band"": 0.0}"
2026-03-19T12:16:30.491993+00:00,LIVE,ema_rsi_trend,EURUSD,calendar_refresh,,events=1960,"{""decision_threshold"": 0.6600000000000001, ""no_trade_band"": 0.0}"
2026-03-19T12:16:33.733655+00:00,LIVE,ema_rsi_trend,EURUSD,order_sent_eventless,eventless_1773922591,"side=SELL,confidence=0.8134","{""decision_threshold"": 0.6600000000000001, ""no_trade_band"": 0.0}"
2026-03-19T12:16:52.860289+00:00,LIVE,ema_rsi_trend,EURUSD,eventless_no_decision,,strategy_returned_none,"{""decision_threshold"": 0.6600000000000001, ""no_trade_band"": 0.0}"
2026-03-19T12:17:12.543376+00:00,LIVE,ema_rsi_trend,EURUSD,eventless_no_decision,,strategy_returned_none,"{""decision_threshold"": 0.6600000000000001, ""no_trade_band"": 0.0}"
2026-03-19T12:17:32.585469+00:00,LIVE,ema_rsi_trend,EURUSD,eventless_no_decision,,strategy_returned_none,"{""decision_threshold"": 0.6600000000000001, ""no_trade_band"": 0.0}"
2026-03-19T12:17:53.850956+00:00,LIVE,ema_rsi_trend,EURUSD,order_sent_eventless,eventless_1773922673,"side=BUY,confidence=0.8022","{""decision_threshold"": 0.6600000000000001, ""no_trade_band"": 0.0}"
2026-03-19T12:18:31.100714+00:00,LIVE,ema_rsi_trend,EURUSD,calendar_refresh,,events=1960,"{""decision_threshold"": 0.6600000000000001, ""no_trade_band"": 0.0}"
2026-03-19T12:18:31.116696+00:00,LIVE,ema_rsi_trend,EURUSD,eventless_no_decision,,strategy_returned_none,"{""decision_threshold"": 0.6600000000000001, ""no_trade_band"": 0.0}"
2026-03-19T12:18:34.128659+00:00,LIVE,ema_rsi_trend,EURUSD,eventless_no_decision,,strategy_returned_none,"{""decision_threshold"": 0.6600000000000001, ""no_trade_band"": 0.0}"
2026-03-19T12:18:54.864493+00:00,LIVE,ema_rsi_trend,EURUSD,order_sent_eventless,eventless_1773922734,"side=BUY,confidence=0.8529","{""decision_threshold"": 0.6600000000000001, ""no_trade_band"": 0.0}"
2026-03-19T12:19:51.977554+00:00,LIVE,ema_rsi_trend,EURUSD,order_sent_eventless,eventless_1773922769,"side=BUY,confidence=0.8334","{""decision_threshold"": 0.6600000000000001, ""no_trade_band"": 0.0}"
2026-03-19T12:19:53.349195+00:00,LIVE,ema_rsi_trend,EURUSD,eventless_no_decision,,strategy_returned_none,"{""decision_threshold"": 0.6600000000000001, ""no_trade_band"": 0.0}"
2026-03-19T12:20:31.772210+00:00,LIVE,ema_rsi_trend,EURUSD,calendar_refresh,,events=1960,"{""decision_threshold"": 0.6600000000000001, ""no_trade_band"": 0.0}"
2026-03-19T12:20:31.794740+00:00,LIVE,ema_rsi_trend,EURUSD,eventless_no_decision,,strategy_returned_none,"{""decision_threshold"": 0.6600000000000001, ""no_trade_band"": 0.0}"
2026-03-19T12:20:35.546836+00:00,LIVE,ema_rsi_trend,EURUSD,order_sent_eventless,eventless_1773922834,"side=BUY,confidence=0.8205","{""decision_threshold"": 0.6600000000000001, ""no_trade_band"": 0.0}"
2026-03-19T12:21:12.175248+00:00,LIVE,ema_rsi_trend,EURUSD,order_sent_eventless,eventless_1773922855,"side=BUY,confidence=0.7986","{""decision_threshold"": 0.6600000000000001, ""no_trade_band"": 0.0}"
2026-03-19T12:21:19.023361+00:00,LIVE,ema_rsi_trend,EURUSD,order_sent_eventless,eventless_1773922877,"side=BUY,confidence=0.9219","{""decision_threshold"": 0.6600000000000001, ""no_trade_band"": 0.0}"
2026-03-19T12:22:07.523502+00:00,LIVE,ema_rsi_trend,EURUSD,order_sent_eventless,eventless_1773922911,"side=BUY,confidence=0.9105","{""decision_threshold"": 0.6600000000000001, ""no_trade_band"": 0.0}"
2026-03-19T12:22:12.005014+00:00,LIVE,ema_rsi_trend,EURUSD,eventless_no_decision,,strategy_returned_none,"{""decision_threshold"": 0.6600000000000001, ""no_trade_band"": 0.0}"
2026-03-19T12:22:31.380708+00:00,LIVE,ema_rsi_trend,EURUSD,calendar_refresh,,events=1960,"{""decision_threshold"": 0.6600000000000001, ""no_trade_band"": 0.0}"
2026-03-19T12:22:32.392178+00:00,LIVE,ema_rsi_trend,EURUSD,eventless_no_decision,,strategy_returned_none,"{""decision_threshold"": 0.6600000000000001, ""no_trade_band"": 0.0}"
2026-03-19T12:22:52.418736+00:00,LIVE,ema_rsi_trend,EURUSD,eventless_no_decision,,strategy_returned_none,"{""decision_threshold"": 0.6600000000000001, ""no_trade_band"": 0.0}"
2026-03-19T12:23:12.582110+00:00,LIVE,ema_rsi_trend,EURUSD,eventless_no_decision,,strategy_returned_none,"{""decision_threshold"": 0.6600000000000001, ""no_trade_band"": 0.0}"
2026-03-19T12:24:24.488460+00:00,LIVE,ema_rsi_trend,EURUSD,eventless_no_decision,,strategy_returned_none,"{""decision_threshold"": 0.6600000000000001, ""no_trade_band"": 0.0}"
2026-03-19T12:24:42.299112+00:00,LIVE,ema_rsi_trend,EURUSD,calendar_refresh,,events=1960,"{""decision_threshold"": 0.6600000000000001, ""no_trade_band"": 0.0}"
2026-03-19T12:24:50.802777+00:00,LIVE,ema_rsi_trend,EURUSD,eventless_no_decision,,strategy_returned_none,"{""decision_threshold"": 0.6600000000000001, ""no_trade_band"": 0.0}"
2026-03-19T12:25:17.413588+00:00,LIVE,ema_rsi_trend,EURUSD,eventless_no_decision,,strategy_returned_none,"{""decision_threshold"": 0.6600000000000001, ""no_trade_band"": 0.0}"
2026-03-19T12:25:18.437437+00:00,LIVE,ema_rsi_trend,EURUSD,eventless_no_decision,,strategy_returned_none,"{""decision_threshold"": 0.6600000000000001, ""no_trade_band"": 0.0}"
2026-03-19T12:25:46.789167+00:00,LIVE,ema_rsi_trend,EURUSD,order_sent_eventless,eventless_1773923145,"side=SELL,confidence=0.8963","{""decision_threshold"": 0.6600000000000001, ""no_trade_band"": 0.0}"
2026-03-19T12:26:06.545438+00:00,LIVE,ema_rsi_trend,EURUSD,eventless_no_decision,,strategy_returned_none,"{""decision_threshold"": 0.6600000000000001, ""no_trade_band"": 0.0}"
2026-03-19T12:26:42.770954+00:00,LIVE,ema_rsi_trend,EURUSD,calendar_refresh,,events=1960,"{""decision_threshold"": 0.6600000000000001, ""no_trade_band"": 0.0}"
2026-03-19T12:26:46.575281+00:00,LIVE,ema_rsi_trend,EURUSD,order_sent_eventless,eventless_1773923204,"side=BUY,confidence=0.8830","{""decision_threshold"": 0.6600000000000001, ""no_trade_band"": 0.0}"
2026-03-19T12:27:06.136139+00:00,LIVE,ema_rsi_trend,EURUSD,eventless_no_decision,,strategy_returned_none,"{""decision_threshold"": 0.6600000000000001, ""no_trade_band"": 0.0}"
2026-03-19T12:27:26.554214+00:00,LIVE,ema_rsi_trend,EURUSD,eventless_no_decision,,strategy_returned_none,"{""decision_threshold"": 0.6600000000000001, ""no_trade_band"": 0.0}"
2026-03-19T12:27:46.581493+00:00,LIVE,ema_rsi_trend,EURUSD,eventless_no_decision,,strategy_returned_none,"{""decision_threshold"": 0.6600000000000001, ""no_trade_band"": 0.0}"
2026-03-19T12:28:10.360397+00:00,LIVE,ema_rsi_trend,EURUSD,eventless_no_decision,,strategy_returned_none,"{""decision_threshold"": 0.6600000000000001, ""no_trade_band"": 0.0}"
2026-03-19T12:28:43.364951+00:00,LIVE,ema_rsi_trend,EURUSD,calendar_refresh,,events=1960,"{""decision_threshold"": 0.6600000000000001, ""no_trade_band"": 0.0}"
2026-03-19T12:28:44.376359+00:00,LIVE,ema_rsi_trend,EURUSD,eventless_no_decision,,strategy_returned_none,"{""decision_threshold"": 0.6600000000000001, ""no_trade_band"": 0.0}"
2026-03-19T12:30:06.536877+00:00,LIVE,ema_rsi_trend,EURUSD,order_sent_eventless,eventless_1773923344,"side=BUY,confidence=0.8914","{""decision_threshold"": 0.6600000000000001, ""no_trade_band"": 0.0}"
2026-03-19T12:30:09.678316+00:00,LIVE,ema_rsi_trend,EURUSD,order_sent_eventless,eventless_1773923407,"side=BUY,confidence=0.9059","{""decision_threshold"": 0.6600000000000001, ""no_trade_band"": 0.0}"
2026-03-19T12:30:49.013863+00:00,LIVE,ema_rsi_trend,EURUSD,calendar_refresh,,events=1963,"{""decision_threshold"": 0.6600000000000001, ""no_trade_band"": 0.0}"
2026-03-19T12:30:55.039981+00:00,LIVE,ema_rsi_trend,EURUSD,eventless_no_decision,,strategy_returned_none,"{""decision_threshold"": 0.6600000000000001, ""no_trade_band"": 0.0}"
2026-03-19T12:30:57.065850+00:00,LIVE,ema_rsi_trend,EURUSD,eventless_no_decision,,strategy_returned_none,"{""decision_threshold"": 0.6600000000000001, ""no_trade_band"": 0.0}"
2026-03-19T12:31:16.105423+00:00,LIVE,ema_rsi_trend,EURUSD,eventless_no_decision,,strategy_returned_none,"{""decision_threshold"": 0.6600000000000001, ""no_trade_band"": 0.0}"
2026-03-19T12:31:36.893797+00:00,LIVE,ema_rsi_trend,EURUSD,order_sent_eventless,eventless_1773923496,"side=BUY,confidence=0.8056","{""decision_threshold"": 0.6600000000000001, ""no_trade_band"": 0.0}"
2026-03-19T12:31:56.168767+00:00,LIVE,ema_rsi_trend,EURUSD,eventless_no_decision,,strategy_returned_none,"{""decision_threshold"": 0.6600000000000001, ""no_trade_band"": 0.0}"
2026-03-19T12:32:16.643041+00:00,LIVE,ema_rsi_trend,EURUSD,eventless_no_decision,,strategy_returned_none,"{""decision_threshold"": 0.6600000000000001, ""no_trade_band"": 0.0}"
2026-03-19T12:32:48.941397+00:00,LIVE,ema_rsi_trend,EURUSD,calendar_refresh,,events=1960,"{""decision_threshold"": 0.6600000000000001, ""no_trade_band"": 0.0}"
2026-03-19T12:32:49.953179+00:00,LIVE,ema_rsi_trend,EURUSD,eventless_no_decision,,strategy_returned_none,"{""decision_threshold"": 0.6600000000000001, ""no_trade_band"": 0.0}"
2026-03-19T12:33:10.786416+00:00,LIVE,ema_rsi_trend,EURUSD,order_sent_eventless,eventless_1773923589,"side=BUY,confidence=0.8822","{""decision_threshold"": 0.6600000000000001, ""no_trade_band"": 0.0}"
2026-03-19T12:33:31.225344+00:00,LIVE,ema_rsi_trend,EURUSD,order_sent_eventless,eventless_1773923610,"side=SELL,confidence=0.8260","{""decision_threshold"": 0.6600000000000001, ""no_trade_band"": 0.0}"
2026-03-19T12:33:50.783707+00:00,LIVE,ema_rsi_trend,EURUSD,eventless_no_decision,,strategy_returned_none,"{""decision_threshold"": 0.6600000000000001, ""no_trade_band"": 0.0}"
2026-03-19T12:34:12.144165+00:00,LIVE,ema_rsi_trend,EURUSD,order_sent_eventless,eventless_1773923651,"side=BUY,confidence=0.8365","{""decision_threshold"": 0.6600000000000001, ""no_trade_band"": 0.0}"
2026-03-19T12:34:31.673627+00:00,LIVE,ema_rsi_trend,EURUSD,eventless_no_decision,,strategy_returned_none,"{""decision_threshold"": 0.6600000000000001, ""no_trade_band"": 0.0}"
2026-03-19T12:34:50.863436+00:00,LIVE,ema_rsi_trend,EURUSD,calendar_refresh,,events=1973,"{""decision_threshold"": 0.6600000000000001, ""no_trade_band"": 0.0}"
2026-03-19T12:34:52.607534+00:00,LIVE,ema_rsi_trend,EURUSD,order_sent_eventless,eventless_1773923691,"side=SELL,confidence=0.8915","{""decision_threshold"": 0.6600000000000001, ""no_trade_band"": 0.0}"
2026-03-19T12:35:12.299204+00:00,LIVE,ema_rsi_trend,EURUSD,eventless_no_decision,,strategy_returned_none,"{""decision_threshold"": 0.6600000000000001, ""no_trade_band"": 0.0}"
2026-03-19T12:35:32.625175+00:00,LIVE,ema_rsi_trend,EURUSD,eventless_no_decision,,strategy_returned_none,"{""decision_threshold"": 0.6600000000000001, ""no_trade_band"": 0.0}"
2026-03-19T12:35:59.863905+00:00,LIVE,ema_rsi_trend,EURUSD,eventless_no_decision,,strategy_returned_none,"{""decision_threshold"": 0.6600000000000001, ""no_trade_band"": 0.0}"
2026-03-19T12:36:19.891274+00:00,LIVE,ema_rsi_trend,EURUSD,eventless_no_decision,,strategy_returned_none,"{""decision_threshold"": 0.6600000000000001, ""no_trade_band"": 0.0}"
2026-03-19T12:37:02.484314+00:00,LIVE,ema_rsi_trend,EURUSD,calendar_refresh,,events=1984,"{""decision_threshold"": 0.6600000000000001, ""no_trade_band"": 0.0}"
2026-03-19T12:37:20.564015+00:00,LIVE,ema_rsi_trend,EURUSD,eventless_no_decision,,strategy_returned_none,"{""decision_threshold"": 0.6600000000000001, ""no_trade_band"": 0.0}"
2026-03-19T12:37:21.572489+00:00,LIVE,ema_rsi_trend,EURUSD,eventless_no_decision,,strategy_returned_none,"{""decision_threshold"": 0.6600000000000001, ""no_trade_band"": 0.0}"
2026-03-19T12:37:43.049488+00:00,LIVE,ema_rsi_trend,EURUSD,order_sent_eventless,eventless_1773923861,"side=SELL,confidence=0.8349","{""decision_threshold"": 0.6600000000000001, ""no_trade_band"": 0.0}"
2026-03-19T12:38:01.754699+00:00,LIVE,ema_rsi_trend,EURUSD,eventless_no_decision,,strategy_returned_none,"{""decision_threshold"": 0.6600000000000001, ""no_trade_band"": 0.0}"
2026-03-19T12:38:23.327834+00:00,LIVE,ema_rsi_trend,EURUSD,eventless_no_decision,,strategy_returned_none,"{""decision_threshold"": 0.6600000000000001, ""no_trade_band"": 0.0}"
2026-03-19T12:38:44.065573+00:00,LIVE,ema_rsi_trend,EURUSD,order_sent_eventless,eventless_1773923923,"side=BUY,confidence=0.8952","{""decision_threshold"": 0.6600000000000001, ""no_trade_band"": 0.0}"
2026-03-19T12:39:03.664982+00:00,LIVE,ema_rsi_trend,EURUSD,calendar_refresh,,events=1960,"{""decision_threshold"": 0.6600000000000001, ""no_trade_band"": 0.0}"
2026-03-19T12:39:05.371137+00:00,LIVE,ema_rsi_trend,EURUSD,eventless_no_decision,,strategy_returned_none,"{""decision_threshold"": 0.6600000000000001, ""no_trade_band"": 0.0}"
2026-03-19T12:39:26.709965+00:00,LIVE,ema_rsi_trend,EURUSD,eventless_no_decision,,strategy_returned_none,"{""decision_threshold"": 0.6600000000000001, ""no_trade_band"": 0.0}"
2026-03-19T12:40:03.378998+00:00,LIVE,ema_rsi_trend,EURUSD,order_sent_eventless,eventless_1773923992,"side=SELL,confidence=0.9296","{""decision_threshold"": 0.6600000000000001, ""no_trade_band"": 0.0}"
2026-03-19T12:40:12.754166+00:00,LIVE,ema_rsi_trend,EURUSD,eventless_no_decision,,strategy_returned_none,"{""decision_threshold"": 0.6600000000000001, ""no_trade_band"": 0.0}"
2026-03-19T12:40:46.286432+00:00,LIVE,ema_rsi_trend,EURUSD,order_sent_eventless,eventless_1773924032,"side=BUY,confidence=0.9400","{""decision_threshold"": 0.6600000000000001, ""no_trade_band"": 0.0}"
2026-03-19T12:41:04.362219+00:00,LIVE,ema_rsi_trend,EURUSD,calendar_refresh,,events=1960,"{""decision_threshold"": 0.6600000000000001, ""no_trade_band"": 0.0}"
2026-03-19T12:41:05.737309+00:00,LIVE,ema_rsi_trend,EURUSD,eventless_no_decision,,strategy_returned_none,"{""decision_threshold"": 0.6600000000000001, ""no_trade_band"": 0.0}"
2026-03-19T12:41:26.270113+00:00,LIVE,ema_rsi_trend,EURUSD,eventless_no_decision,,strategy_returned_none,"{""decision_threshold"": 0.6600000000000001, ""no_trade_band"": 0.0}"
2026-03-19T12:41:48.602739+00:00,LIVE,ema_rsi_trend,EURUSD,order_sent_eventless,eventless_1773924107,"side=SELL,confidence=0.8774","{""decision_threshold"": 0.6600000000000001, ""no_trade_band"": 0.0}"
2026-03-19T12:42:12.360210+00:00,LIVE,ema_rsi_trend,EURUSD,eventless_no_decision,,strategy_returned_none,"{""decision_threshold"": 0.6600000000000001, ""no_trade_band"": 0.0}"
2026-03-19T12:43:07.525439+00:00,LIVE,ema_rsi_trend,EURUSD,calendar_refresh,,events=1960,"{""decision_threshold"": 0.6600000000000001, ""no_trade_band"": 0.0}"
2026-03-19T12:43:11.004423+00:00,LIVE,ema_rsi_trend,EURUSD,eventless_no_decision,,strategy_returned_none,"{""decision_threshold"": 0.6600000000000001, ""no_trade_band"": 0.0}"
2026-03-19T12:43:12.015775+00:00,LIVE,ema_rsi_trend,EURUSD,eventless_no_decision,,strategy_returned_none,"{""decision_threshold"": 0.6600000000000001, ""no_trade_band"": 0.0}"
2026-03-19T12:43:37.537457+00:00,LIVE,ema_rsi_trend,EURUSD,eventless_no_decision,,strategy_returned_none,"{""decision_threshold"": 0.6600000000000001, ""no_trade_band"": 0.0}"
2026-03-19T12:43:58.501340+00:00,LIVE,ema_rsi_trend,EURUSD,eventless_no_decision,,strategy_returned_none,"{""decision_threshold"": 0.6600000000000001, ""no_trade_band"": 0.0}"
2026-03-19T12:44:34.897525+00:00,LIVE,ema_rsi_trend,EURUSD,order_sent_eventless,eventless_1773924258,"side=SELL,confidence=0.8342","{""decision_threshold"": 0.6600000000000001, ""no_trade_band"": 0.0}"
2026-03-19T12:44:40.052275+00:00,LIVE,ema_rsi_trend,EURUSD,eventless_no_decision,,strategy_returned_none,"{""decision_threshold"": 0.6600000000000001, ""no_trade_band"": 0.0}"
2026-03-19T12:45:06.398367+00:00,LIVE,ema_rsi_trend,EURUSD,calendar_refresh,,events=1984,"{""decision_threshold"": 0.6600000000000001, ""no_trade_band"": 0.0}"
2026-03-19T12:45:14.134943+00:00,LIVE,ema_rsi_trend,EURUSD,eventless_no_decision,,strategy_returned_none,"{""decision_threshold"": 0.6600000000000001, ""no_trade_band"": 0.0}"
2026-03-19T12:45:35.372069+00:00,LIVE,ema_rsi_trend,EURUSD,order_sent_eventless,eventless_1773924334,"side=BUY,confidence=0.9024","{""decision_threshold"": 0.6600000000000001, ""no_trade_band"": 0.0}"
2026-03-19T12:46:00.302693+00:00,LIVE,ema_rsi_trend,EURUSD,order_sent_eventless,eventless_1773924355,"side=SELL,confidence=0.8907","{""decision_threshold"": 0.6600000000000001, ""no_trade_band"": 0.0}"
2026-03-19T12:46:17.108440+00:00,LIVE,ema_rsi_trend,EURUSD,eventless_no_decision,,strategy_returned_none,"{""decision_threshold"": 0.6600000000000001, ""no_trade_band"": 0.0}"
2026-03-19T12:46:37.431477+00:00,LIVE,ema_rsi_trend,EURUSD,eventless_no_decision,,strategy_returned_none,"{""decision_threshold"": 0.6600000000000001, ""no_trade_band"": 0.0}"
2026-03-19T12:47:07.624339+00:00,LIVE,ema_rsi_trend,EURUSD,calendar_refresh,,events=1960,"{""decision_threshold"": 0.6600000000000001, ""no_trade_band"": 0.0}"
2026-03-19T12:47:16.903152+00:00,LIVE,ema_rsi_trend,EURUSD,order_sent_eventless,eventless_1773924428,"side=BUY,confidence=0.9001","{""decision_threshold"": 0.6600000000000001, ""no_trade_band"": 0.0}"
2026-03-19T12:47:29.628938+00:00,LIVE,ema_rsi_trend,EURUSD,eventless_no_decision,,strategy_returned_none,"{""decision_threshold"": 0.6600000000000001, ""no_trade_band"": 0.0}"
2026-03-19T12:47:50.444047+00:00,LIVE,ema_rsi_trend,EURUSD,eventless_no_decision,,strategy_returned_none,"{""decision_threshold"": 0.6600000000000001, ""no_trade_band"": 0.0}"
2026-03-19T12:48:11.227165+00:00,LIVE,ema_rsi_trend,EURUSD,eventless_no_decision,,strategy_returned_none,"{""decision_threshold"": 0.6600000000000001, ""no_trade_band"": 0.0}"
2026-03-19T12:48:31.254371+00:00,LIVE,ema_rsi_trend,EURUSD,eventless_no_decision,,strategy_returned_none,"{""decision_threshold"": 0.6600000000000001, ""no_trade_band"": 0.0}"
2026-03-19T12:49:07.156902+00:00,LIVE,ema_rsi_trend,EURUSD,calendar_refresh,,events=1960,"{""decision_threshold"": 0.6600000000000001, ""no_trade_band"": 0.0}"
2026-03-19T12:49:18.939000+00:00,LIVE,ema_rsi_trend,EURUSD,eventless_no_decision,,strategy_returned_none,"{""decision_threshold"": 0.6600000000000001, ""no_trade_band"": 0.0}"
2026-03-19T12:49:38.680926+00:00,LIVE,ema_rsi_trend,EURUSD,eventless_no_decision,,strategy_returned_none,"{""decision_threshold"": 0.6600000000000001, ""no_trade_band"": 0.0}"
2026-03-19T12:50:31.137105+00:00,LIVE,ema_rsi_trend,EURUSD,order_sent_eventless,eventless_1773924599,"side=BUY,confidence=0.8583","{""decision_threshold"": 0.6600000000000001, ""no_trade_band"": 0.0}"
2026-03-19T12:50:40.551189+00:00,LIVE,ema_rsi_trend,EURUSD,eventless_no_decision,,strategy_returned_none,"{""decision_threshold"": 0.6600000000000001, ""no_trade_band"": 0.0}"
2026-03-19T12:51:07.749570+00:00,LIVE,ema_rsi_trend,EURUSD,calendar_refresh,,events=1974,"{""decision_threshold"": 0.6600000000000001, ""no_trade_band"": 0.0}"
2026-03-19T12:51:08.760467+00:00,LIVE,ema_rsi_trend,EURUSD,eventless_no_decision,,strategy_returned_none,"{""decision_threshold"": 0.6600000000000001, ""no_trade_band"": 0.0}"
2026-03-19T12:51:28.921883+00:00,LIVE,ema_rsi_trend,EURUSD,eventless_no_decision,,strategy_returned_none,"{""decision_threshold"": 0.6600000000000001, ""no_trade_band"": 0.0}"
2026-03-19T12:51:48.949001+00:00,LIVE,ema_rsi_trend,EURUSD,eventless_no_decision,,strategy_returned_none,"{""decision_threshold"": 0.6600000000000001, ""no_trade_band"": 0.0}"
2026-03-19T12:52:10.343244+00:00,LIVE,ema_rsi_trend,EURUSD,eventless_no_decision,,strategy_returned_none,"{""decision_threshold"": 0.6600000000000001, ""no_trade_band"": 0.0}"
2026-03-19T12:52:31.069889+00:00,LIVE,ema_rsi_trend,EURUSD,order_sent_eventless,eventless_1773924750,"side=BUY,confidence=0.8902","{""decision_threshold"": 0.6600000000000001, ""no_trade_band"": 0.0}"
2026-03-19T12:53:08.424483+00:00,LIVE,ema_rsi_trend,EURUSD,calendar_refresh,,events=1974,"{""decision_threshold"": 0.6600000000000001, ""no_trade_band"": 0.0}"
2026-03-19T12:53:08.436003+00:00,LIVE,ema_rsi_trend,EURUSD,eventless_no_decision,,strategy_returned_none,"{""decision_threshold"": 0.6600000000000001, ""no_trade_band"": 0.0}"
2026-03-19T12:53:11.448282+00:00,LIVE,ema_rsi_trend,EURUSD,eventless_no_decision,,strategy_returned_none,"{""decision_threshold"": 0.6600000000000001, ""no_trade_band"": 0.0}"
2026-03-19T12:53:31.773957+00:00,LIVE,ema_rsi_trend,EURUSD,eventless_no_decision,,strategy_returned_none,"{""decision_threshold"": 0.6600000000000001, ""no_trade_band"": 0.0}"
2026-03-19T12:53:51.852216+00:00,LIVE,ema_rsi_trend,EURUSD,eventless_no_decision,,strategy_returned_none,"{""decision_threshold"": 0.6600000000000001, ""no_trade_band"": 0.0}"
2026-03-19T12:54:12.989588+00:00,LIVE,ema_rsi_trend,EURUSD,eventless_no_decision,,strategy_returned_none,"{""decision_threshold"": 0.6600000000000001, ""no_trade_band"": 0.0}"
2026-03-19T12:54:34.771959+00:00,LIVE,ema_rsi_trend,EURUSD,order_sent_eventless,eventless_1773924873,"side=SELL,confidence=0.8974","{""decision_threshold"": 0.6600000000000001, ""no_trade_band"": 0.0}"
2026-03-19T12:55:08.812116+00:00,LIVE,ema_rsi_trend,EURUSD,calendar_refresh,,events=1692,"{""decision_threshold"": 0.6600000000000001, ""no_trade_band"": 0.0}"
2026-03-19T12:55:09.823980+00:00,LIVE,ema_rsi_trend,EURUSD,eventless_no_decision,,strategy_returned_none,"{""decision_threshold"": 0.6600000000000001, ""no_trade_band"": 0.0}"
2026-03-19T12:55:30.903572+00:00,LIVE,ema_rsi_trend,EURUSD,order_sent_eventless,eventless_1773924929,"side=BUY,confidence=0.8340","{""decision_threshold"": 0.6600000000000001, ""no_trade_band"": 0.0}"
2026-03-19T12:55:50.345378+00:00,LIVE,ema_rsi_trend,EURUSD,eventless_no_decision,,strategy_returned_none,"{""decision_threshold"": 0.6600000000000001, ""no_trade_band"": 0.0}"
2026-03-19T12:56:11.549387+00:00,LIVE,ema_rsi_trend,EURUSD,eventless_no_decision,,strategy_returned_none,"{""decision_threshold"": 0.6600000000000001, ""no_trade_band"": 0.0}"
2026-03-19T12:56:31.574250+00:00,LIVE,ema_rsi_trend,EURUSD,eventless_no_decision,,strategy_returned_none,"{""decision_threshold"": 0.6600000000000001, ""no_trade_band"": 0.0}"
2026-03-19T12:57:08.383204+00:00,LIVE,ema_rsi_trend,EURUSD,calendar_refresh,,events=2021,"{""decision_threshold"": 0.6600000000000001, ""no_trade_band"": 0.0}"
2026-03-19T12:57:10.801930+00:00,LIVE,ema_rsi_trend,EURUSD,order_sent_eventless,eventless_1773925011,"side=BUY,confidence=0.9016","{""decision_threshold"": 0.6600000000000001, ""no_trade_band"": 0.0}"
2026-03-19T12:57:12.522458+00:00,LIVE,ema_rsi_trend,EURUSD,order_sent_eventless,eventless_1773925031,"side=BUY,confidence=0.8239","{""decision_threshold"": 0.6600000000000001, ""no_trade_band"": 0.0}"
2026-03-19T12:57:32.600838+00:00,LIVE,ema_rsi_trend,EURUSD,eventless_no_decision,,strategy_returned_none,"{""decision_threshold"": 0.6600000000000001, ""no_trade_band"": 0.0}"
2026-03-19T12:57:52.630416+00:00,LIVE,ema_rsi_trend,EURUSD,eventless_no_decision,,strategy_returned_none,"{""decision_threshold"": 0.6600000000000001, ""no_trade_band"": 0.0}"
2026-03-19T12:58:12.657339+00:00,LIVE,ema_rsi_trend,EURUSD,eventless_no_decision,,strategy_returned_none,"{""decision_threshold"": 0.6600000000000001, ""no_trade_band"": 0.0}"
2026-03-19T12:58:32.682662+00:00,LIVE,ema_rsi_trend,EURUSD,eventless_no_decision,,strategy_returned_none,"{""decision_threshold"": 0.6600000000000001, ""no_trade_band"": 0.0}"
2026-03-19T12:59:09.126411+00:00,LIVE,ema_rsi_trend,EURUSD,calendar_refresh,,events=1974,"{""decision_threshold"": 0.6600000000000001, ""no_trade_band"": 0.0}"
2026-03-19T12:59:10.138615+00:00,LIVE,ema_rsi_trend,EURUSD,eventless_no_decision,,strategy_returned_none,"{""decision_threshold"": 0.6600000000000001, ""no_trade_band"": 0.0}"
2026-03-19T12:59:30.166520+00:00,LIVE,ema_rsi_trend,EURUSD,eventless_no_decision,,strategy_returned_none,"{""decision_threshold"": 0.6600000000000001, ""no_trade_band"": 0.0}"
2026-03-19T12:59:50.193382+00:00,LIVE,ema_rsi_trend,EURUSD,eventless_no_decision,,strategy_returned_none,"{""decision_threshold"": 0.6600000000000001, ""no_trade_band"": 0.0}"
2026-03-19T13:00:10.993465+00:00,LIVE,ema_rsi_trend,EURUSD,order_sent_eventless,eventless_1773925210,"side=SELL,confidence=0.9104","{""decision_threshold"": 0.6600000000000001, ""no_trade_band"": 0.0}"
2026-03-19T13:00:47.488530+00:00,LIVE,ema_rsi_trend,EURUSD,order_sent_eventless,eventless_1773925230,"side=SELL,confidence=0.8358","{""decision_threshold"": 0.6600000000000001, ""no_trade_band"": 0.0}"
2026-03-19T13:00:50.501541+00:00,LIVE,ema_rsi_trend,EURUSD,eventless_no_decision,,strategy_returned_none,"{""decision_threshold"": 0.6600000000000001, ""no_trade_band"": 0.0}"
2026-03-19T13:01:09.995164+00:00,LIVE,ema_rsi_trend,EURUSD,calendar_refresh,,events=1974,"{""decision_threshold"": 0.6600000000000001, ""no_trade_band"": 0.0}"
2026-03-19T13:01:11.014711+00:00,LIVE,ema_rsi_trend,EURUSD,eventless_no_decision,,strategy_returned_none,"{""decision_threshold"": 0.6600000000000001, ""no_trade_band"": 0.0}"
2026-03-19T13:01:31.040250+00:00,LIVE,ema_rsi_trend,EURUSD,eventless_no_decision,,strategy_returned_none,"{""decision_threshold"": 0.6600000000000001, ""no_trade_band"": 0.0}"
2026-03-19T13:01:52.165891+00:00,LIVE,ema_rsi_trend,EURUSD,eventless_no_decision,,strategy_returned_none,"{""decision_threshold"": 0.6600000000000001, ""no_trade_band"": 0.0}"
2026-03-19T13:02:12.814087+00:00,LIVE,ema_rsi_trend,EURUSD,eventless_no_decision,,strategy_returned_none,"{""decision_threshold"": 0.6600000000000001, ""no_trade_band"": 0.0}"
2026-03-19T13:02:32.841711+00:00,LIVE,ema_rsi_trend,EURUSD,eventless_no_decision,,strategy_returned_none,"{""decision_threshold"": 0.6600000000000001, ""no_trade_band"": 0.0}"
2026-03-19T13:03:10.782253+00:00,LIVE,ema_rsi_trend,EURUSD,calendar_refresh,,events=1974,"{""decision_threshold"": 0.6600000000000001, ""no_trade_band"": 0.0}"
2026-03-19T13:03:11.495751+00:00,LIVE,ema_rsi_trend,EURUSD,order_sent_eventless,eventless_1773925372,"side=SELL,confidence=0.7685","{""decision_threshold"": 0.6600000000000001, ""no_trade_band"": 0.0}"
2026-03-19T13:03:14.213662+00:00,LIVE,ema_rsi_trend,EURUSD,order_sent_eventless,eventless_1773925393,"side=SELL,confidence=0.8242","{""decision_threshold"": 0.6600000000000001, ""no_trade_band"": 0.0}"
2026-03-19T13:03:35.077288+00:00,LIVE,ema_rsi_trend,EURUSD,order_sent_eventless,eventless_1773925414,"side=SELL,confidence=0.8245","{""decision_threshold"": 0.6600000000000001, ""no_trade_band"": 0.0}"
2026-03-19T13:03:55.103638+00:00,LIVE,ema_rsi_trend,EURUSD,eventless_no_decision,,strategy_returned_none,"{""decision_threshold"": 0.6600000000000001, ""no_trade_band"": 0.0}"
2026-03-19T13:04:15.128546+00:00,LIVE,ema_rsi_trend,EURUSD,eventless_no_decision,,strategy_returned_none,"{""decision_threshold"": 0.6600000000000001, ""no_trade_band"": 0.0}"
2026-03-19T13:04:35.155449+00:00,LIVE,ema_rsi_trend,EURUSD,eventless_no_decision,,strategy_returned_none,"{""decision_threshold"": 0.6600000000000001, ""no_trade_band"": 0.0}"
2026-03-19T13:05:09.193250+00:00,LIVE,ema_rsi_trend,EURUSD,calendar_refresh,,events=1692,"{""decision_threshold"": 0.6600000000000001, ""no_trade_band"": 0.0}"
2026-03-19T13:05:10.203913+00:00,LIVE,ema_rsi_trend,EURUSD,eventless_no_decision,,strategy_returned_none,"{""decision_threshold"": 0.6600000000000001, ""no_trade_band"": 0.0}"
2026-03-19T13:05:30.231901+00:00,LIVE,ema_rsi_trend,EURUSD,eventless_no_decision,,strategy_returned_none,"{""decision_threshold"": 0.6600000000000001, ""no_trade_band"": 0.0}"
2026-03-19T13:05:50.260091+00:00,LIVE,ema_rsi_trend,EURUSD,eventless_no_decision,,strategy_returned_none,"{""decision_threshold"": 0.6600000000000001, ""no_trade_band"": 0.0}"
2026-03-19T13:06:10.302517+00:00,LIVE,ema_rsi_trend,EURUSD,eventless_no_decision,,strategy_returned_none,"{""decision_threshold"": 0.6600000000000001, ""no_trade_band"": 0.0}"
2026-03-19T13:06:30.330384+00:00,LIVE,ema_rsi_trend,EURUSD,eventless_no_decision,,strategy_returned_none,"{""decision_threshold"": 0.6600000000000001, ""no_trade_band"": 0.0}"
2026-03-19T13:06:51.059424+00:00,LIVE,ema_rsi_trend,EURUSD,order_sent_eventless,eventless_1773925610,"side=SELL,confidence=0.8050","{""decision_threshold"": 0.6600000000000001, ""no_trade_band"": 0.0}"
2026-03-19T13:07:11.216013+00:00,LIVE,ema_rsi_trend,EURUSD,calendar_refresh,,events=1974,"{""decision_threshold"": 0.6600000000000001, ""no_trade_band"": 0.0}"
2026-03-19T13:07:12.229246+00:00,LIVE,ema_rsi_trend,EURUSD,eventless_no_decision,,strategy_returned_none,"{""decision_threshold"": 0.6600000000000001, ""no_trade_band"": 0.0}"
2026-03-19T13:07:34.444549+00:00,LIVE,ema_rsi_trend,EURUSD,order_sent_eventless,eventless_1773925652,"side=BUY,confidence=0.8551","{""decision_threshold"": 0.6600000000000001, ""no_trade_band"": 0.0}"
2026-03-19T13:07:53.981493+00:00,LIVE,ema_rsi_trend,EURUSD,order_sent_eventless,eventless_1773925673,"side=BUY,confidence=0.7349","{""decision_threshold"": 0.6600000000000001, ""no_trade_band"": 0.0}"
2026-03-19T13:08:14.072925+00:00,LIVE,ema_rsi_trend,EURUSD,order_sent_eventless,eventless_1773925693,"side=BUY,confidence=0.8939","{""decision_threshold"": 0.6600000000000001, ""no_trade_band"": 0.0}"
2026-03-19T13:08:34.455447+00:00,LIVE,ema_rsi_trend,EURUSD,order_sent_eventless,eventless_1773925713,"side=SELL,confidence=0.8807","{""decision_threshold"": 0.6600000000000001, ""no_trade_band"": 0.0}"
2026-03-19T13:09:12.081462+00:00,LIVE,ema_rsi_trend,EURUSD,calendar_refresh,,events=1974,"{""decision_threshold"": 0.6600000000000001, ""no_trade_band"": 0.0}"
2026-03-19T13:09:14.646955+00:00,LIVE,ema_rsi_trend,EURUSD,eventless_no_decision,,strategy_returned_none,"{""decision_threshold"": 0.6600000000000001, ""no_trade_band"": 0.0}"
2026-03-19T13:09:15.671062+00:00,LIVE,ema_rsi_trend,EURUSD,eventless_no_decision,,strategy_returned_none,"{""decision_threshold"": 0.6600000000000001, ""no_trade_band"": 0.0}"
2026-03-19T13:10:03.516742+00:00,LIVE,ema_rsi_trend,EURUSD,order_sent_eventless,eventless_1773925798,"side=SELL,confidence=0.8011","{""decision_threshold"": 0.6600000000000001, ""no_trade_band"": 0.0}"
2026-03-19T13:10:37.813922+00:00,LIVE,ema_rsi_trend,EURUSD,eventless_no_decision,,strategy_returned_none,"{""decision_threshold"": 0.6600000000000001, ""no_trade_band"": 0.0}"
2026-03-19T13:11:14.833830+00:00,LIVE,ema_rsi_trend,EURUSD,calendar_refresh,,events=1974,"{""decision_threshold"": 0.6600000000000001, ""no_trade_band"": 0.0}"
2026-03-19T13:11:16.390866+00:00,LIVE,ema_rsi_trend,EURUSD,order_sent_eventless,eventless_1773925857,"side=BUY,confidence=0.7954","{""decision_threshold"": 0.6600000000000001, ""no_trade_band"": 0.0}"
2026-03-19T13:11:19.685436+00:00,LIVE,ema_rsi_trend,EURUSD,order_sent_eventless,eventless_1773925878,"side=BUY,confidence=0.7787","{""decision_threshold"": 0.6600000000000001, ""no_trade_band"": 0.0}"
2026-03-19T13:11:40.606779+00:00,LIVE,ema_rsi_trend,EURUSD,order_sent_eventless,eventless_1773925899,"side=SELL,confidence=0.8249","{""decision_threshold"": 0.6600000000000001, ""no_trade_band"": 0.0}"
2026-03-19T13:12:03.784883+00:00,LIVE,ema_rsi_trend,EURUSD,eventless_no_decision,,strategy_returned_none,"{""decision_threshold"": 0.6600000000000001, ""no_trade_band"": 0.0}"
2026-03-19T13:12:24.374703+00:00,LIVE,ema_rsi_trend,EURUSD,eventless_no_decision,,strategy_returned_none,"{""decision_threshold"": 0.6600000000000001, ""no_trade_band"": 0.0}"
2026-03-19T13:12:44.414685+00:00,LIVE,ema_rsi_trend,EURUSD,eventless_no_decision,,strategy_returned_none,"{""decision_threshold"": 0.6600000000000001, ""no_trade_band"": 0.0}"
2026-03-19T13:13:14.950676+00:00,LIVE,ema_rsi_trend,EURUSD,calendar_refresh,,events=1974,"{""decision_threshold"": 0.6600000000000001, ""no_trade_band"": 0.0}"
2026-03-19T13:13:16.665847+00:00,LIVE,ema_rsi_trend,EURUSD,order_sent_eventless,eventless_1773925995,"side=SELL,confidence=0.8927","{""decision_threshold"": 0.6600000000000001, ""no_trade_band"": 0.0}"
2026-03-19T13:13:36.046209+00:00,LIVE,ema_rsi_trend,EURUSD,eventless_no_decision,,strategy_returned_none,"{""decision_threshold"": 0.6600000000000001, ""no_trade_band"": 0.0}"
2026-03-19T13:14:05.577768+00:00,LIVE,ema_rsi_trend,EURUSD,order_sent_eventless,eventless_1773926036,"side=BUY,confidence=0.8841","{""decision_threshold"": 0.6600000000000001, ""no_trade_band"": 0.0}"
2026-03-19T13:14:16.658154+00:00,LIVE,ema_rsi_trend,EURUSD,eventless_no_decision,,strategy_returned_none,"{""decision_threshold"": 0.6600000000000001, ""no_trade_band"": 0.0}"
2026-03-19T13:14:36.700449+00:00,LIVE,ema_rsi_trend,EURUSD,eventless_no_decision,,strategy_returned_none,"{""decision_threshold"": 0.6600000000000001, ""no_trade_band"": 0.0}"
2026-03-19T13:14:56.728937+00:00,LIVE,ema_rsi_trend,EURUSD,eventless_no_decision,,strategy_returned_none,"{""decision_threshold"": 0.6600000000000001, ""no_trade_band"": 0.0}"
2026-03-19T13:15:16.633086+00:00,LIVE,ema_rsi_trend,EURUSD,calendar_refresh,,events=1999,"{""decision_threshold"": 0.6600000000000001, ""no_trade_band"": 0.0}"
2026-03-19T13:15:19.762078+00:00,LIVE,ema_rsi_trend,EURUSD,eventless_no_decision,,strategy_returned_none,"{""decision_threshold"": 0.6600000000000001, ""no_trade_band"": 0.0}"
2026-03-19T13:15:39.496715+00:00,LIVE,ema_rsi_trend,EURUSD,order_sent_eventless,eventless_1773926138,"side=SELL,confidence=0.8142","{""decision_threshold"": 0.6600000000000001, ""no_trade_band"": 0.0}"
2026-03-19T13:15:59.506344+00:00,LIVE,ema_rsi_trend,EURUSD,eventless_no_decision,,strategy_returned_none,"{""decision_threshold"": 0.6600000000000001, ""no_trade_band"": 0.0}"
2026-03-19T13:16:20.113332+00:00,LIVE,ema_rsi_trend,EURUSD,eventless_no_decision,,strategy_returned_none,"{""decision_threshold"": 0.6600000000000001, ""no_trade_band"": 0.0}"
2026-03-19T13:16:40.860290+00:00,LIVE,ema_rsi_trend,EURUSD,eventless_no_decision,,strategy_returned_none,"{""decision_threshold"": 0.6600000000000001, ""no_trade_band"": 0.0}"
2026-03-19T13:17:18.915627+00:00,LIVE,ema_rsi_trend,EURUSD,calendar_refresh,,events=1974,"{""decision_threshold"": 0.6600000000000001, ""no_trade_band"": 0.0}"
2026-03-19T13:17:18.924721+00:00,LIVE,ema_rsi_trend,EURUSD,eventless_no_decision,,strategy_returned_none,"{""decision_threshold"": 0.6600000000000001, ""no_trade_band"": 0.0}"
2026-03-19T13:17:28.493041+00:00,LIVE,ema_rsi_trend,EURUSD,eventless_no_decision,,strategy_returned_none,"{""decision_threshold"": 0.6600000000000001, ""no_trade_band"": 0.0}"
2026-03-19T13:17:48.406530+00:00,LIVE,ema_rsi_trend,EURUSD,eventless_no_decision,,strategy_returned_none,"{""decision_threshold"": 0.6600000000000001, ""no_trade_band"": 0.0}"
2026-03-19T13:18:08.437411+00:00,LIVE,ema_rsi_trend,EURUSD,eventless_no_decision,,strategy_returned_none,"{""decision_threshold"": 0.6600000000000001, ""no_trade_band"": 0.0}"
2026-03-19T13:18:28.468355+00:00,LIVE,ema_rsi_trend,EURUSD,eventless_no_decision,,strategy_returned_none,"{""decision_threshold"": 0.6600000000000001, ""no_trade_band"": 0.0}"
2026-03-19T13:18:48.493953+00:00,LIVE,ema_rsi_trend,EURUSD,eventless_no_decision,,strategy_returned_none,"{""decision_threshold"": 0.6600000000000001, ""no_trade_band"": 0.0}"
2026-03-19T13:19:19.205520+00:00,LIVE,ema_rsi_trend,EURUSD,calendar_refresh,,events=2030,"{""decision_threshold"": 0.6600000000000001, ""no_trade_band"": 0.0}"
2026-03-19T13:19:20.216052+00:00,LIVE,ema_rsi_trend,EURUSD,eventless_no_decision,,strategy_returned_none,"{""decision_threshold"": 0.6600000000000001, ""no_trade_band"": 0.0}"
2026-03-19T13:19:40.257992+00:00,LIVE,ema_rsi_trend,EURUSD,eventless_no_decision,,strategy_returned_none,"{""decision_threshold"": 0.6600000000000001, ""no_trade_band"": 0.0}"
2026-03-19T13:20:00.285936+00:00,LIVE,ema_rsi_trend,EURUSD,eventless_no_decision,,strategy_returned_none,"{""decision_threshold"": 0.6600000000000001, ""no_trade_band"": 0.0}"
2026-03-19T13:20:21.072367+00:00,LIVE,ema_rsi_trend,EURUSD,order_sent_eventless,eventless_1773926420,"side=SELL,confidence=0.9326","{""decision_threshold"": 0.6600000000000001, ""no_trade_band"": 0.0}"
2026-03-19T13:20:40.782699+00:00,LIVE,ema_rsi_trend,EURUSD,eventless_no_decision,,strategy_returned_none,"{""decision_threshold"": 0.6600000000000001, ""no_trade_band"": 0.0}"
2026-03-19T13:21:01.544925+00:00,LIVE,ema_rsi_trend,EURUSD,eventless_no_decision,,strategy_returned_none,"{""decision_threshold"": 0.6600000000000001, ""no_trade_band"": 0.0}"
2026-03-19T13:21:20.193217+00:00,LIVE,ema_rsi_trend,EURUSD,calendar_refresh,,events=2002,"{""decision_threshold"": 0.6600000000000001, ""no_trade_band"": 0.0}"
2026-03-19T13:21:31.592336+00:00,LIVE,ema_rsi_trend,EURUSD,eventless_no_decision,,strategy_returned_none,"{""decision_threshold"": 0.6600000000000001, ""no_trade_band"": 0.0}"
2026-03-19T13:22:12.997498+00:00,LIVE,ema_rsi_trend,EURUSD,eventless_no_decision,,strategy_returned_none,"{""decision_threshold"": 0.6600000000000001, ""no_trade_band"": 0.0}"
2026-03-19T13:22:39.641757+00:00,LIVE,ema_rsi_trend,EURUSD,eventless_no_decision,,strategy_returned_none,"{""decision_threshold"": 0.6600000000000001, ""no_trade_band"": 0.0}"
2026-03-19T13:23:36.803651+00:00,LIVE,ema_rsi_trend,EURUSD,calendar_refresh,,events=1974,"{""decision_threshold"": 0.6600000000000001, ""no_trade_band"": 0.0}"
2026-03-19T13:23:39.939531+00:00,LIVE,ema_rsi_trend,EURUSD,eventless_no_decision,,strategy_returned_none,"{""decision_threshold"": 0.6600000000000001, ""no_trade_band"": 0.0}"
2026-03-19T13:23:40.947983+00:00,LIVE,ema_rsi_trend,EURUSD,eventless_no_decision,,strategy_returned_none,"{""decision_threshold"": 0.6600000000000001, ""no_trade_band"": 0.0}"
2026-03-19T13:25:07.128193+00:00,LIVE,ema_rsi_trend,EURUSD,eventless_no_decision,,strategy_returned_none,"{""decision_threshold"": 0.6600000000000001, ""no_trade_band"": 0.0}"
2026-03-19T13:25:10.842179+00:00,LIVE,ema_rsi_trend,EURUSD,order_sent_eventless,eventless_1773926710,"side=SELL,confidence=0.8167","{""decision_threshold"": 0.6600000000000001, ""no_trade_band"": 0.0}"
2026-03-19T13:26:07.248233+00:00,LIVE,ema_rsi_trend,EURUSD,calendar_refresh,,events=1974,"{""decision_threshold"": 0.6600000000000001, ""no_trade_band"": 0.0}"
2026-03-19T13:26:11.444663+00:00,LIVE,ema_rsi_trend,EURUSD,order_sent_eventless,eventless_1773926749,"side=BUY,confidence=0.8411","{""decision_threshold"": 0.6600000000000001, ""no_trade_band"": 0.0}"
2026-03-19T13:26:28.078911+00:00,LIVE,ema_rsi_trend,EURUSD,order_sent_eventless,eventless_1773926772,"side=BUY,confidence=0.8339","{""decision_threshold"": 0.6600000000000001, ""no_trade_band"": 0.0}"
2026-03-19T13:26:34.428247+00:00,LIVE,ema_rsi_trend,EURUSD,order_sent_eventless,eventless_1773926793,"side=BUY,confidence=0.7700","{""decision_threshold"": 0.6600000000000001, ""no_trade_band"": 0.0}"
2026-03-19T13:26:53.552028+00:00,LIVE,ema_rsi_trend,EURUSD,eventless_no_decision,,strategy_returned_none,"{""decision_threshold"": 0.6600000000000001, ""no_trade_band"": 0.0}"
2026-03-19T13:27:31.055510+00:00,LIVE,ema_rsi_trend,EURUSD,eventless_no_decision,,strategy_returned_none,"{""decision_threshold"": 0.6600000000000001, ""no_trade_band"": 0.0}"
2026-03-19T13:28:07.903365+00:00,LIVE,ema_rsi_trend,EURUSD,calendar_refresh,,events=2041,"{""decision_threshold"": 0.6600000000000001, ""no_trade_band"": 0.0}"
2026-03-19T13:28:11.369941+00:00,LIVE,ema_rsi_trend,EURUSD,eventless_no_decision,,strategy_returned_none,"{""decision_threshold"": 0.6600000000000001, ""no_trade_band"": 0.0}"
2026-03-19T13:28:30.411209+00:00,LIVE,ema_rsi_trend,EURUSD,eventless_no_decision,,strategy_returned_none,"{""decision_threshold"": 0.6600000000000001, ""no_trade_band"": 0.0}"
2026-03-19T13:28:50.435744+00:00,LIVE,ema_rsi_trend,EURUSD,eventless_no_decision,,strategy_returned_none,"{""decision_threshold"": 0.6600000000000001, ""no_trade_band"": 0.0}"
2026-03-19T13:29:11.160070+00:00,LIVE,ema_rsi_trend,EURUSD,order_sent_eventless,eventless_1773926950,"side=BUY,confidence=0.7973","{""decision_threshold"": 0.6600000000000001, ""no_trade_band"": 0.0}"
2026-03-19T13:29:31.239515+00:00,LIVE,ema_rsi_trend,EURUSD,eventless_no_decision,,strategy_returned_none,"{""decision_threshold"": 0.6600000000000001, ""no_trade_band"": 0.0}"
2026-03-19T13:30:07.747747+00:00,LIVE,ema_rsi_trend,EURUSD,calendar_refresh,,events=1745,"{""decision_threshold"": 0.6600000000000001, ""no_trade_band"": 0.0}"
2026-03-19T13:30:08.760454+00:00,LIVE,ema_rsi_trend,EURUSD,eventless_no_decision,,strategy_returned_none,"{""decision_threshold"": 0.6600000000000001, ""no_trade_band"": 0.0}"
2026-03-19T13:30:29.488038+00:00,LIVE,ema_rsi_trend,EURUSD,order_sent_eventless,eventless_1773927028,"side=BUY,confidence=0.8300","{""decision_threshold"": 0.6600000000000001, ""no_trade_band"": 0.0}"
2026-03-19T13:30:50.091268+00:00,LIVE,ema_rsi_trend,EURUSD,order_sent_eventless,eventless_1773927048,"side=SELL,confidence=0.8769","{""decision_threshold"": 0.6600000000000001, ""no_trade_band"": 0.0}"
2026-03-19T13:31:10.876857+00:00,LIVE,ema_rsi_trend,EURUSD,order_sent_eventless,eventless_1773927069,"side=SELL,confidence=0.9058","{""decision_threshold"": 0.6600000000000001, ""no_trade_band"": 0.0}"
2026-03-19T13:31:31.044395+00:00,LIVE,ema_rsi_trend,EURUSD,order_sent_eventless,eventless_1773927090,"side=SELL,confidence=0.8050","{""decision_threshold"": 0.6600000000000001, ""no_trade_band"": 0.0}"
2026-03-19T13:31:50.395076+00:00,LIVE,ema_rsi_trend,EURUSD,eventless_no_decision,,strategy_returned_none,"{""decision_threshold"": 0.6600000000000001, ""no_trade_band"": 0.0}"
2026-03-19T13:32:09.238091+00:00,LIVE,ema_rsi_trend,EURUSD,calendar_refresh,,events=1974,"{""decision_threshold"": 0.6600000000000001, ""no_trade_band"": 0.0}"
2026-03-19T13:32:11.263578+00:00,LIVE,ema_rsi_trend,EURUSD,eventless_no_decision,,strategy_returned_none,"{""decision_threshold"": 0.6600000000000001, ""no_trade_band"": 0.0}"
2026-03-19T13:32:31.289546+00:00,LIVE,ema_rsi_trend,EURUSD,eventless_no_decision,,strategy_returned_none,"{""decision_threshold"": 0.6600000000000001, ""no_trade_band"": 0.0}"
2026-03-19T13:32:53.737037+00:00,LIVE,ema_rsi_trend,EURUSD,order_sent_eventless,eventless_1773927171,"side=BUY,confidence=0.9012","{""decision_threshold"": 0.6600000000000001, ""no_trade_band"": 0.0}"
2026-03-19T13:33:13.637857+00:00,LIVE,ema_rsi_trend,EURUSD,order_sent_eventless,eventless_1773927192,"side=BUY,confidence=0.9248","{""decision_threshold"": 0.6600000000000001, ""no_trade_band"": 0.0}"
2026-03-19T13:33:32.335485+00:00,LIVE,ema_rsi_trend,EURUSD,eventless_no_decision,,strategy_returned_none,"{""decision_threshold"": 0.6600000000000001, ""no_trade_band"": 0.0}"
2026-03-19T13:34:09.947935+00:00,LIVE,ema_rsi_trend,EURUSD,calendar_refresh,,events=1974,"{""decision_threshold"": 0.6600000000000001, ""no_trade_band"": 0.0}"
2026-03-19T13:34:09.957375+00:00,LIVE,ema_rsi_trend,EURUSD,eventless_no_decision,,strategy_returned_none,"{""decision_threshold"": 0.6600000000000001, ""no_trade_band"": 0.0}"
2026-03-19T13:34:12.969698+00:00,LIVE,ema_rsi_trend,EURUSD,eventless_no_decision,,strategy_returned_none,"{""decision_threshold"": 0.6600000000000001, ""no_trade_band"": 0.0}"
2026-03-19T13:34:33.010429+00:00,LIVE,ema_rsi_trend,EURUSD,eventless_no_decision,,strategy_returned_none,"{""decision_threshold"": 0.6600000000000001, ""no_trade_band"": 0.0}"
2026-03-19T13:34:53.035460+00:00,LIVE,ema_rsi_trend,EURUSD,eventless_no_decision,,strategy_returned_none,"{""decision_threshold"": 0.6600000000000001, ""no_trade_band"": 0.0}"
2026-03-19T13:35:13.063504+00:00,LIVE,ema_rsi_trend,EURUSD,eventless_no_decision,,strategy_returned_none,"{""decision_threshold"": 0.6600000000000001, ""no_trade_band"": 0.0}"
2026-03-19T13:35:33.087238+00:00,LIVE,ema_rsi_trend,EURUSD,eventless_no_decision,,strategy_returned_none,"{""decision_threshold"": 0.6600000000000001, ""no_trade_band"": 0.0}"
2026-03-19T13:36:09.889641+00:00,LIVE,ema_rsi_trend,EURUSD,calendar_refresh,,events=1974,"{""decision_threshold"": 0.6600000000000001, ""no_trade_band"": 0.0}"
2026-03-19T13:36:10.598926+00:00,LIVE,ema_rsi_trend,EURUSD,order_sent_eventless,eventless_1773927353,"side=BUY,confidence=0.7940","{""decision_threshold"": 0.6600000000000001, ""no_trade_band"": 0.0}"
2026-03-19T13:36:15.525427+00:00,LIVE,ema_rsi_trend,EURUSD,order_sent_eventless,eventless_1773927374,"side=BUY,confidence=0.8064","{""decision_threshold"": 0.6600000000000001, ""no_trade_band"": 0.0}"
2026-03-19T13:36:47.254363+00:00,LIVE,ema_rsi_trend,EURUSD,eventless_no_decision,,strategy_returned_none,"{""decision_threshold"": 0.6600000000000001, ""no_trade_band"": 0.0}"
2026-03-19T13:37:07.640692+00:00,LIVE,ema_rsi_trend,EURUSD,order_sent_eventless,eventless_1773927426,"side=SELL,confidence=0.8565","{""decision_threshold"": 0.6600000000000001, ""no_trade_band"": 0.0}"
2026-03-19T13:37:27.665573+00:00,LIVE,ema_rsi_trend,EURUSD,eventless_no_decision,,strategy_returned_none,"{""decision_threshold"": 0.6600000000000001, ""no_trade_band"": 0.0}"
2026-03-19T13:37:48.499934+00:00,LIVE,ema_rsi_trend,EURUSD,order_sent_eventless,eventless_1773927467,"side=BUY,confidence=0.8418","{""decision_threshold"": 0.6600000000000001, ""no_trade_band"": 0.0}"
2026-03-19T13:38:11.935442+00:00,LIVE,ema_rsi_trend,EURUSD,calendar_refresh,,events=1999,"{""decision_threshold"": 0.6600000000000001, ""no_trade_band"": 0.0}"
2026-03-19T13:38:27.418135+00:00,LIVE,ema_rsi_trend,EURUSD,eventless_no_decision,,strategy_returned_none,"{""decision_threshold"": 0.6600000000000001, ""no_trade_band"": 0.0}"
2026-03-19T13:38:49.400058+00:00,LIVE,ema_rsi_trend,EURUSD,order_sent_eventless,eventless_1773927527,"side=SELL,confidence=0.8472","{""decision_threshold"": 0.6600000000000001, ""no_trade_band"": 0.0}"
2026-03-19T13:39:07.474291+00:00,LIVE,ema_rsi_trend,EURUSD,eventless_no_decision,,strategy_returned_none,"{""decision_threshold"": 0.6600000000000001, ""no_trade_band"": 0.0}"
2026-03-19T13:39:27.529690+00:00,LIVE,ema_rsi_trend,EURUSD,eventless_no_decision,,strategy_returned_none,"{""decision_threshold"": 0.6600000000000001, ""no_trade_band"": 0.0}"
2026-03-19T13:39:52.366751+00:00,LIVE,ema_rsi_trend,EURUSD,order_sent_eventless,eventless_1773927587,"side=BUY,confidence=0.7670","{""decision_threshold"": 0.6600000000000001, ""no_trade_band"": 0.0}"
2026-03-19T13:40:13.348893+00:00,LIVE,ema_rsi_trend,EURUSD,calendar_refresh,,events=1833,"{""decision_threshold"": 0.6600000000000001, ""no_trade_band"": 0.0}"
2026-03-19T13:40:15.766825+00:00,LIVE,ema_rsi_trend,EURUSD,order_sent_eventless,eventless_1773927614,"side=BUY,confidence=0.9288","{""decision_threshold"": 0.6600000000000001, ""no_trade_band"": 0.0}"
2026-03-19T13:40:34.922575+00:00,LIVE,ema_rsi_trend,EURUSD,eventless_no_decision,,strategy_returned_none,"{""decision_threshold"": 0.6600000000000001, ""no_trade_band"": 0.0}"
2026-03-19T13:40:54.951604+00:00,LIVE,ema_rsi_trend,EURUSD,eventless_no_decision,,strategy_returned_none,"{""decision_threshold"": 0.6600000000000001, ""no_trade_band"": 0.0}"
2026-03-19T13:41:14.977629+00:00,LIVE,ema_rsi_trend,EURUSD,eventless_no_decision,,strategy_returned_none,"{""decision_threshold"": 0.6600000000000001, ""no_trade_band"": 0.0}"
2026-03-19T13:41:50.176568+00:00,LIVE,ema_rsi_trend,EURUSD,order_sent_eventless,eventless_1773927694,"side=BUY,confidence=0.9114","{""decision_threshold"": 0.6600000000000001, ""no_trade_band"": 0.0}"
2026-03-19T13:41:55.895335+00:00,LIVE,ema_rsi_trend,EURUSD,order_sent_eventless,eventless_1773927715,"side=BUY,confidence=0.9126","{""decision_threshold"": 0.6600000000000001, ""no_trade_band"": 0.0}"
2026-03-19T13:42:14.301669+00:00,LIVE,ema_rsi_trend,EURUSD,calendar_refresh,,events=1974,"{""decision_threshold"": 0.6600000000000001, ""no_trade_band"": 0.0}"
2026-03-19T13:42:15.312316+00:00,LIVE,ema_rsi_trend,EURUSD,eventless_no_decision,,strategy_returned_none,"{""decision_threshold"": 0.6600000000000001, ""no_trade_band"": 0.0}"
2026-03-19T13:42:35.339115+00:00,LIVE,ema_rsi_trend,EURUSD,eventless_no_decision,,strategy_returned_none,"{""decision_threshold"": 0.6600000000000001, ""no_trade_band"": 0.0}"
2026-03-19T13:42:55.363640+00:00,LIVE,ema_rsi_trend,EURUSD,eventless_no_decision,,strategy_returned_none,"{""decision_threshold"": 0.6600000000000001, ""no_trade_band"": 0.0}"
2026-03-19T13:43:26.344508+00:00,LIVE,ema_rsi_trend,EURUSD,order_sent_eventless,eventless_1773927795,"side=SELL,confidence=0.9139","{""decision_threshold"": 0.6600000000000001, ""no_trade_band"": 0.0}"
2026-03-19T13:43:45.836316+00:00,LIVE,ema_rsi_trend,EURUSD,eventless_no_decision,,strategy_returned_none,"{""decision_threshold"": 0.6600000000000001, ""no_trade_band"": 0.0}"
2026-03-19T13:44:14.512812+00:00,LIVE,ema_rsi_trend,EURUSD,calendar_refresh,,events=1974,"{""decision_threshold"": 0.6600000000000001, ""no_trade_band"": 0.0}"
2026-03-19T13:44:15.524387+00:00,LIVE,ema_rsi_trend,EURUSD,eventless_no_decision,,strategy_returned_none,"{""decision_threshold"": 0.6600000000000001, ""no_trade_band"": 0.0}"
2026-03-19T13:44:36.784195+00:00,LIVE,ema_rsi_trend,EURUSD,order_sent_eventless,eventless_1773927875,"side=BUY,confidence=0.8268","{""decision_threshold"": 0.6600000000000001, ""no_trade_band"": 0.0}"
2026-03-19T13:44:56.895376+00:00,LIVE,ema_rsi_trend,EURUSD,order_sent_eventless,eventless_1773927895,"side=BUY,confidence=0.7905","{""decision_threshold"": 0.6600000000000001, ""no_trade_band"": 0.0}"
2026-03-19T13:45:15.922778+00:00,LIVE,ema_rsi_trend,EURUSD,eventless_no_decision,,strategy_returned_none,"{""decision_threshold"": 0.6600000000000001, ""no_trade_band"": 0.0}"
2026-03-19T13:45:36.671767+00:00,LIVE,ema_rsi_trend,EURUSD,order_sent_eventless,eventless_1773927935,"side=BUY,confidence=0.8257","{""decision_threshold"": 0.6600000000000001, ""no_trade_band"": 0.0}"
2026-03-19T13:45:56.399431+00:00,LIVE,ema_rsi_trend,EURUSD,eventless_no_decision,,strategy_returned_none,"{""decision_threshold"": 0.6600000000000001, ""no_trade_band"": 0.0}"
2026-03-19T13:46:15.884388+00:00,LIVE,ema_rsi_trend,EURUSD,calendar_refresh,,events=1974,"{""decision_threshold"": 0.6600000000000001, ""no_trade_band"": 0.0}"
2026-03-19T13:46:16.894558+00:00,LIVE,ema_rsi_trend,EURUSD,eventless_no_decision,,strategy_returned_none,"{""decision_threshold"": 0.6600000000000001, ""no_trade_band"": 0.0}"
2026-03-19T13:46:44.441189+00:00,LIVE,ema_rsi_trend,EURUSD,order_sent_eventless,eventless_1773927996,"side=BUY,confidence=0.7907","{""decision_threshold"": 0.6600000000000001, ""no_trade_band"": 0.0}"
2026-03-19T13:46:57.463796+00:00,LIVE,ema_rsi_trend,EURUSD,eventless_no_decision,,strategy_returned_none,"{""decision_threshold"": 0.6600000000000001, ""no_trade_band"": 0.0}"
2026-03-19T13:47:18.319324+00:00,LIVE,ema_rsi_trend,EURUSD,order_sent_eventless,eventless_1773928037,"side=SELL,confidence=0.8333","{""decision_threshold"": 0.6600000000000001, ""no_trade_band"": 0.0}"
2026-03-19T13:47:38.811309+00:00,LIVE,ema_rsi_trend,EURUSD,order_sent_eventless,eventless_1773928057,"side=BUY,confidence=0.8243","{""decision_threshold"": 0.6600000000000001, ""no_trade_band"": 0.0}"
2026-03-19T13:48:14.566563+00:00,LIVE,ema_rsi_trend,EURUSD,calendar_refresh,,events=1974,"{""decision_threshold"": 0.6600000000000001, ""no_trade_band"": 0.0}"
2026-03-19T13:48:28.022635+00:00,LIVE,ema_rsi_trend,EURUSD,eventless_no_decision,,strategy_returned_none,"{""decision_threshold"": 0.6600000000000001, ""no_trade_band"": 0.0}"
2026-03-19T13:48:48.039580+00:00,LIVE,ema_rsi_trend,EURUSD,eventless_no_decision,,strategy_returned_none,"{""decision_threshold"": 0.6600000000000001, ""no_trade_band"": 0.0}"
2026-03-19T13:49:14.887215+00:00,LIVE,ema_rsi_trend,EURUSD,order_sent_eventless,eventless_1773928148,"side=BUY,confidence=0.8479","{""decision_threshold"": 0.6600000000000001, ""no_trade_band"": 0.0}"
2026-03-19T13:49:34.277010+00:00,LIVE,ema_rsi_trend,EURUSD,order_sent_eventless,eventless_1773928168,"side=BUY,confidence=0.7234","{""decision_threshold"": 0.6600000000000001, ""no_trade_band"": 0.0}"
2026-03-19T13:49:51.878219+00:00,LIVE,ema_rsi_trend,EURUSD,order_sent_eventless,eventless_1773928188,"side=BUY,confidence=0.8241","{""decision_threshold"": 0.6600000000000001, ""no_trade_band"": 0.0}"
2026-03-19T13:50:15.621317+00:00,LIVE,ema_rsi_trend,EURUSD,calendar_refresh,,events=1974,"{""decision_threshold"": 0.6600000000000001, ""no_trade_band"": 0.0}"
2026-03-19T13:50:18.164771+00:00,LIVE,ema_rsi_trend,EURUSD,eventless_no_decision,,strategy_returned_none,"{""decision_threshold"": 0.6600000000000001, ""no_trade_band"": 0.0}"
2026-03-19T13:50:39.087237+00:00,LIVE,ema_rsi_trend,EURUSD,eventless_no_decision,,strategy_returned_none,"{""decision_threshold"": 0.6600000000000001, ""no_trade_band"": 0.0}"
2026-03-19T13:50:59.997681+00:00,LIVE,ema_rsi_trend,EURUSD,eventless_no_decision,,strategy_returned_none,"{""decision_threshold"": 0.6600000000000001, ""no_trade_band"": 0.0}"
2026-03-19T13:51:27.787739+00:00,LIVE,ema_rsi_trend,EURUSD,eventless_no_decision,,strategy_returned_none,"{""decision_threshold"": 0.6600000000000001, ""no_trade_band"": 0.0}"
2026-03-19T13:51:47.815429+00:00,LIVE,ema_rsi_trend,EURUSD,eventless_no_decision,,strategy_returned_none,"{""decision_threshold"": 0.6600000000000001, ""no_trade_band"": 0.0}"
2026-03-19T13:52:17.992968+00:00,LIVE,ema_rsi_trend,EURUSD,calendar_refresh,,events=1974,"{""decision_threshold"": 0.6600000000000001, ""no_trade_band"": 0.0}"
2026-03-19T13:52:30.558071+00:00,LIVE,ema_rsi_trend,EURUSD,order_sent_eventless,eventless_1773928339,"side=SELL,confidence=0.8497","{""decision_threshold"": 0.6600000000000001, ""no_trade_band"": 0.0}"
2026-03-19T13:52:41.610094+00:00,LIVE,ema_rsi_trend,EURUSD,order_sent_eventless,eventless_1773928359,"side=SELL,confidence=0.9030","{""decision_threshold"": 0.6600000000000001, ""no_trade_band"": 0.0}"
2026-03-19T13:53:03.904284+00:00,LIVE,ema_rsi_trend,EURUSD,order_sent_eventless,eventless_1773928380,"side=SELL,confidence=0.8889","{""decision_threshold"": 0.6600000000000001, ""no_trade_band"": 0.0}"
2026-03-19T13:53:21.277947+00:00,LIVE,ema_rsi_trend,EURUSD,eventless_no_decision,,strategy_returned_none,"{""decision_threshold"": 0.6600000000000001, ""no_trade_band"": 0.0}"
2026-03-19T13:53:41.303300+00:00,LIVE,ema_rsi_trend,EURUSD,eventless_no_decision,,strategy_returned_none,"{""decision_threshold"": 0.6600000000000001, ""no_trade_band"": 0.0}"
2026-03-19T13:54:17.324930+00:00,LIVE,ema_rsi_trend,EURUSD,calendar_refresh,,events=1974,"{""decision_threshold"": 0.6600000000000001, ""no_trade_band"": 0.0}"
2026-03-19T13:54:18.335695+00:00,LIVE,ema_rsi_trend,EURUSD,eventless_no_decision,,strategy_returned_none,"{""decision_threshold"": 0.6600000000000001, ""no_trade_band"": 0.0}"
2026-03-19T13:54:38.360982+00:00,LIVE,ema_rsi_trend,EURUSD,eventless_no_decision,,strategy_returned_none,"{""decision_threshold"": 0.6600000000000001, ""no_trade_band"": 0.0}"
2026-03-19T13:54:58.390174+00:00,LIVE,ema_rsi_trend,EURUSD,eventless_no_decision,,strategy_returned_none,"{""decision_threshold"": 0.6600000000000001, ""no_trade_band"": 0.0}"
2026-03-19T13:55:18.415573+00:00,LIVE,ema_rsi_trend,EURUSD,eventless_no_decision,,strategy_returned_none,"{""decision_threshold"": 0.6600000000000001, ""no_trade_band"": 0.0}"
2026-03-19T13:55:38.440766+00:00,LIVE,ema_rsi_trend,EURUSD,eventless_no_decision,,strategy_returned_none,"{""decision_threshold"": 0.6600000000000001, ""no_trade_band"": 0.0}"
2026-03-19T13:55:58.465326+00:00,LIVE,ema_rsi_trend,EURUSD,eventless_no_decision,,strategy_returned_none,"{""decision_threshold"": 0.6600000000000001, ""no_trade_band"": 0.0}"
2026-03-19T13:56:16.876808+00:00,LIVE,ema_rsi_trend,EURUSD,calendar_refresh,,events=2041,"{""decision_threshold"": 0.6600000000000001, ""no_trade_band"": 0.0}"
2026-03-19T13:56:18.888365+00:00,LIVE,ema_rsi_trend,EURUSD,eventless_no_decision,,strategy_returned_none,"{""decision_threshold"": 0.6600000000000001, ""no_trade_band"": 0.0}"
2026-03-19T13:56:41.851286+00:00,LIVE,ema_rsi_trend,EURUSD,order_sent_eventless,eventless_1773928598,"side=BUY,confidence=0.7959","{""decision_threshold"": 0.6600000000000001, ""no_trade_band"": 0.0}"
2026-03-19T13:57:00.173862+00:00,LIVE,ema_rsi_trend,EURUSD,eventless_no_decision,,strategy_returned_none,"{""decision_threshold"": 0.6600000000000001, ""no_trade_band"": 0.0}"
2026-03-19T13:57:34.599102+00:00,LIVE,ema_rsi_trend,EURUSD,order_sent_eventless,eventless_1773928653,"side=SELL,confidence=0.8340","{""decision_threshold"": 0.6600000000000001, ""no_trade_band"": 0.0}"
2026-03-19T13:57:55.679494+00:00,LIVE,ema_rsi_trend,EURUSD,order_sent_eventless,eventless_1773928674,"side=BUY,confidence=0.8225","{""decision_threshold"": 0.6600000000000001, ""no_trade_band"": 0.0}"
2026-03-19T13:58:17.489426+00:00,LIVE,ema_rsi_trend,EURUSD,calendar_refresh,,events=1974,"{""decision_threshold"": 0.6600000000000001, ""no_trade_band"": 0.0}"
2026-03-19T13:58:19.553823+00:00,LIVE,ema_rsi_trend,EURUSD,order_sent_eventless,eventless_1773928698,"side=BUY,confidence=0.9210","{""decision_threshold"": 0.6600000000000001, ""no_trade_band"": 0.0}"
2026-03-19T13:58:39.745553+00:00,LIVE,ema_rsi_trend,EURUSD,eventless_no_decision,,strategy_returned_none,"{""decision_threshold"": 0.6600000000000001, ""no_trade_band"": 0.0}"
2026-03-19T16:58:40.345472+00:00,LIVE,ema_rsi_trend,EURUSD,calendar_refresh_error,,"HTTPSConnectionPool(host='tradingeconomics.com', port=443): Max retries exceeded with url: /calendar (Caused by NameResolutionError(""HTTPSConnection(host='tradingeconomics.com', port=443): Failed to r","{""decision_threshold"": 0.6600000000000001, ""no_trade_band"": 0.0}"
2026-03-19T16:58:40.398964+00:00,LIVE,ema_rsi_trend,EURUSD,eventless_no_decision,,strategy_returned_none,"{""decision_threshold"": 0.6600000000000001, ""no_trade_band"": 0.0}"
2026-03-19T23:24:57.553345+00:00,LIVE,ema_rsi_trend,EURUSD,calendar_refresh_error,,"HTTPSConnectionPool(host='tradingeconomics.com', port=443): Max retries exceeded with url: /calendar (Caused by NameResolutionError(""HTTPSConnection(host='tradingeconomics.com', port=443): Failed to r","{""decision_threshold"": 0.6600000000000001, ""no_trade_band"": 0.0}"
2026-03-19T23:24:57.684439+00:00,LIVE,ema_rsi_trend,EURUSD,eventless_no_decision,,strategy_returned_none,"{""decision_threshold"": 0.6600000000000001, ""no_trade_band"": 0.0}"
2026-03-19T23:25:16.773592+00:00,LIVE,ema_rsi_trend,EURUSD,eventless_no_decision,,strategy_returned_none,"{""decision_threshold"": 0.6600000000000001, ""no_trade_band"": 0.0}"
2026-03-19T23:25:38.135250+00:00,LIVE,ema_rsi_trend,EURUSD,eventless_no_decision,,strategy_returned_none,"{""decision_threshold"": 0.6600000000000001, ""no_trade_band"": 0.0}"
2026-03-19T23:25:57.237282+00:00,LIVE,ema_rsi_trend,EURUSD,eventless_no_decision,,strategy_returned_none,"{""decision_threshold"": 0.6600000000000001, ""no_trade_band"": 0.0}"
2026-03-19T23:26:17.289039+00:00,LIVE,ema_rsi_trend,EURUSD,eventless_no_decision,,strategy_returned_none,"{""decision_threshold"": 0.6600000000000001, ""no_trade_band"": 0.0}"
