{
  "months_tested": 12,
  "total_trades": 757,
  "overall_hit_rate": 0.5085865257595773,
  "overall_avg_r": 0.017173051519154558,
  "overall_max_drawdown_r": 24.0
}