{
  "weights": {
    "ema_rsi": 0.9916714858508483,
    "donchian": 0.8762082440474384
  },
  "counts": {
    "ema_rsi": 17,
    "donchian": 6
  }
}