{
  "weights": {
    "ema_rsi": 2.333289196924061,
    "donchian": 4.530429319488346
  },
  "counts": {
    "ema_rsi": 80,
    "donchian": 262
  }
}