{
  "weights": {
    "ema_rsi": 1.0052712037167846,
    "donchian": 0.8762082440474384
  },
  "counts": {
    "ema_rsi": 19,
    "donchian": 6
  }
}