month,signals,accuracy,total_pnl_proxy,avg_pnl_proxy,avg_confidence,buys,sells
2026-03,128,0.8046875,0.0007807876733498895,6.099903698046012e-06,0.8892098988931774,46,82
