{
  "months_tested": 12,
  "total_trades": 755,
  "overall_hit_rate": 0.5125827814569537,
  "overall_avg_r": 0.025165562913907286,
  "overall_max_drawdown_r": 21.0
}